id,Severity,age_classes,day_week,DEFORMED_classes,m_harm_classes,hour,impact1_classes,lgt_cond,make,man_coll,month,p_crash1,pcrash4,pcrash5,rel_road,reljct1,reljct2,rest_use,sex,typ_int,valign,vnum_lan,vsurcond,vtrafway,weather_classes
33221,1,9,6,4,1,22,13,3,7,2,4,1,2,2,1,0,8,3,1,1,2,4,2,3,1
18414,1,12,2,4,5,7,4,1,2,1,8,8,2,3,4,0,1,3,1,1,4,3,2,2,1
33075,1,4,4,4,1,10,9,1,4,4,4,1,2,2,1,0,2,1,1,2,2,3,2,6,1
11324,1,5,4,4,5,14,4,1,2,5,9,1,2,2,1,0,1,3,1,1,2,3,2,2,1
10986,1,8,2,4,1,19,12,3,4,4,1,1,2,2,1,0,2,1,1,2,2,3,2,2,1
35417,0,4,4,4,1,17,13,1,10,2,9,1,2,2,1,0,1,4,1,1,2,6,2,4,1
33705,0,3,3,4,1,19,13,1,2,2,8,7,2,2,1,0,1,1,1,1,2,7,2,4,1
5897,0,7,5,4,3,16,15,1,7,1,9,8,3,3,4,0,1,3,1,1,4,3,2,2,1
32264,1,4,1,4,1,19,13,1,10,3,6,8,2,2,1,0,1,4,1,1,3,3,2,2,1
15900,0,9,2,4,1,16,1,1,7,1,8,7,2,2,1,0,8,3,1,1,2,3,2,2,1
18237,1,8,6,4,5,13,1,1,2,1,8,8,2,2,1,0,1,1,1,1,3,3,2,2,1
31912,0,6,3,2,1,19,7,1,10,2,7,5,2,2,1,0,3,1,1,2,2,3,2,2,1
33562,1,4,3,4,1,15,13,1,7,3,2,1,2,2,1,1,2,3,1,2,2,5,2,4,1
18790,0,9,4,4,1,22,2,2,7,1,8,8,3,3,4,0,1,3,1,1,4,3,2,2,1
15096,1,6,6,4,1,17,13,1,4,4,9,1,2,2,1,0,2,1,1,2,2,3,2,2,1
36766,1,8,1,4,1,16,13,1,8,4,4,1,2,2,1,0,3,1,1,2,2,6,2,2,1
32780,0,3,5,3,1,13,5,1,2,5,7,1,2,2,1,0,1,1,2,1,2,4,2,4,1
22000,1,5,3,4,1,14,13,1,10,4,7,8,2,2,1,0,2,1,1,2,2,3,2,4,1
22527,0,6,7,4,1,14,13,1,2,1,8,1,3,2,1,0,2,2,1,3,2,3,2,2,1
17678,1,7,7,4,1,23,13,3,7,1,11,1,2,2,1,0,1,1,1,1,2,5,2,5,1
36460,0,3,5,2,5,14,1,1,7,1,12,1,3,2,1,0,3,1,1,3,2,5,2,3,1
18134,1,5,1,4,1,12,13,1,4,4,2,1,2,2,1,0,8,1,1,1,2,3,2,2,1
14028,0,7,4,4,1,21,13,3,7,4,5,1,2,2,1,0,2,1,1,2,2,7,2,2,1
18899,1,8,1,4,1,13,13,1,2,2,5,1,2,2,1,0,1,3,1,1,2,3,2,3,1
22575,0,9,6,2,5,6,1,1,4,1,3,1,2,3,5,0,3,3,1,3,2,3,2,2,1
35740,0,8,1,4,3,24,13,3,2,1,10,1,2,3,10,1,5,3,1,1,2,2,2,7,1
27887,0,7,5,2,1,19,1,1,2,1,6,1,2,2,1,0,2,1,1,2,2,3,2,2,1
31464,0,4,4,2,1,17,18,2,10,5,11,7,2,2,1,0,1,1,1,1,2,6,2,4,1
8042,0,3,3,4,2,22,13,2,2,1,8,8,2,3,4,0,1,1,1,1,5,3,2,2,1
18213,0,8,4,3,1,18,13,1,1,1,7,1,2,2,1,0,1,1,1,1,2,3,2,2,1
22499,1,3,2,3,1,17,13,1,10,4,4,1,2,2,1,0,2,3,1,3,2,3,2,2,1
18529,1,8,7,4,1,19,13,1,7,4,6,1,2,2,1,0,8,3,1,1,2,5,2,2,1
12665,1,4,5,4,5,19,1,2,2,1,10,1,2,3,4,0,1,1,1,1,2,3,2,2,1
7026,1,3,1,4,1,12,13,1,4,2,8,1,2,2,1,0,1,3,1,1,2,3,2,3,1
5103,1,6,7,4,1,21,13,3,10,4,10,1,2,2,1,0,2,1,1,3,2,3,2,2,1
23294,1,6,7,4,5,5,1,1,7,1,3,1,3,2,1,0,1,3,1,1,3,3,2,2,1
2704,0,6,5,3,1,17,13,1,2,4,1,1,3,2,1,0,8,1,1,1,2,3,2,2,1
31997,1,10,3,4,2,15,2,1,7,1,12,8,2,2,1,0,1,3,1,1,4,3,2,2,1
16753,1,6,1,4,1,9,21,1,8,1,7,8,3,3,5,0,1,3,1,1,4,3,2,2,1
22085,0,4,4,4,1,16,3,1,2,5,11,1,2,2,1,0,2,1,1,2,2,3,2,2,1
10812,0,4,3,3,3,13,13,1,10,4,12,1,3,2,1,0,8,2,1,1,2,4,2,3,1
20261,0,3,4,3,5,13,1,1,4,1,9,1,3,3,4,0,1,2,1,1,2,3,3,2,1
1658,0,3,7,4,5,21,13,2,8,1,9,8,2,3,5,0,1,3,1,1,4,3,2,2,1
16767,0,3,5,4,5,1,13,2,2,2,7,1,2,2,1,0,1,3,1,1,2,3,2,3,1
16042,1,7,6,4,1,17,13,1,2,4,4,1,2,2,1,1,2,3,1,2,2,3,2,4,1
1509,0,10,1,4,1,10,13,1,2,3,5,8,2,2,1,0,1,1,1,1,4,3,2,2,1
1209,0,7,1,4,1,22,7,3,7,2,7,5,2,2,1,0,3,3,1,2,2,5,2,3,1
6952,1,12,1,4,1,15,13,1,2,1,10,1,2,2,1,0,3,1,1,3,2,3,2,2,1
8898,0,1,5,4,5,23,1,2,10,1,5,1,2,2,1,0,1,1,1,1,2,3,3,2,1
1663,0,9,1,4,1,12,13,1,10,4,10,1,2,2,1,0,8,3,1,1,2,3,2,2,1
12945,1,6,1,4,3,16,15,1,7,1,4,8,2,3,8,1,5,1,1,1,3,2,2,7,1
8804,1,11,4,4,1,14,2,1,7,4,9,8,2,2,1,0,2,3,1,2,2,3,3,2,1
5439,1,8,6,2,1,17,15,1,2,1,4,1,2,3,4,0,1,2,1,1,2,3,2,2,1
10999,0,6,4,3,1,20,13,2,4,1,2,1,2,2,1,1,5,1,1,1,2,2,2,7,1
32073,1,7,6,2,1,18,2,1,7,5,7,7,2,2,1,0,3,4,1,2,2,3,2,2,1
23164,0,7,1,2,1,16,18,1,7,5,6,7,2,2,1,0,1,2,2,1,2,3,2,2,1
31033,0,10,4,2,1,15,13,1,10,4,1,1,2,2,1,0,1,1,1,1,2,3,2,2,1
7070,1,6,6,4,1,21,18,5,7,4,7,1,2,2,1,0,3,1,1,3,2,5,2,2,1
1803,1,3,5,4,1,22,13,3,4,4,8,1,2,2,1,0,2,3,1,3,2,3,2,2,1
11710,1,9,4,4,5,15,13,1,2,4,5,1,2,2,1,0,1,3,1,1,2,3,3,2,1
31730,1,3,6,4,1,21,21,3,10,5,8,1,2,2,1,0,8,4,1,1,2,5,2,4,1
12017,1,4,2,4,5,18,1,1,8,1,5,8,2,3,4,0,1,3,1,1,3,3,2,2,1
7652,0,4,7,4,1,14,1,1,8,1,10,1,3,2,1,0,1,1,1,1,2,3,2,2,1
24761,1,10,5,3,5,10,1,1,7,1,3,8,3,2,1,0,1,2,1,1,3,3,9,2,1
32866,0,5,1,3,1,4,13,3,4,1,4,1,3,3,4,0,3,4,1,3,2,3,2,2,1
34270,1,5,1,4,1,19,13,2,7,4,10,1,2,2,1,0,2,3,1,2,2,3,2,2,1
14410,0,5,5,2,1,1,13,3,7,2,6,8,2,2,1,0,1,3,1,1,4,6,2,4,1
32770,0,3,1,4,1,12,13,1,2,2,6,1,2,2,1,0,1,1,1,1,2,7,3,4,1
17605,0,7,1,4,1,17,13,1,7,4,4,1,2,2,1,0,2,1,1,2,2,3,2,2,1
18630,1,10,3,3,5,12,1,1,3,1,8,1,2,3,5,0,1,1,1,1,4,3,2,2,1
16306,1,4,6,4,1,17,13,1,10,4,5,1,2,2,1,0,2,3,1,3,2,5,2,5,1
20464,1,9,7,3,1,13,13,1,7,4,6,1,2,2,1,0,2,2,1,3,2,5,2,2,1
27543,0,10,1,4,1,12,7,1,7,2,2,2,2,2,1,0,8,1,1,1,2,3,2,2,1
24376,1,7,6,3,5,14,1,1,7,1,5,1,2,2,1,0,1,3,2,1,2,3,2,2,1
294,0,9,1,4,1,20,13,1,2,3,6,8,2,2,1,0,1,3,1,1,3,3,2,2,1
23172,0,9,4,3,1,8,13,1,7,2,6,1,2,2,1,0,1,2,2,1,2,5,2,4,1
20949,0,9,5,2,1,11,7,1,7,2,4,5,2,2,1,0,3,1,1,3,2,3,2,2,1
30008,1,4,3,4,1,22,21,6,11,4,4,8,2,6,1,0,8,4,1,1,1,1,1,1,1
30918,0,8,1,2,1,17,10,1,2,5,9,8,2,2,1,0,2,3,1,2,2,3,2,4,1
268,0,3,4,4,1,18,13,6,2,3,3,1,2,2,1,0,1,1,1,1,2,3,2,2,1
22340,0,12,7,4,1,8,13,1,2,2,7,1,2,2,1,0,8,1,1,1,2,3,2,4,1
4330,0,7,1,3,1,1,13,2,7,2,6,1,2,2,1,0,3,3,1,2,2,4,2,3,1
11183,1,9,2,4,1,19,7,5,7,2,6,1,2,2,1,0,1,3,1,1,2,3,2,3,1
2506,1,10,7,4,1,15,13,1,8,4,3,1,2,2,1,0,1,1,1,1,2,4,2,3,1
22804,1,9,4,4,1,17,13,1,7,4,5,1,2,2,1,0,8,3,1,1,2,5,2,2,1
8444,1,6,3,4,1,10,13,1,7,4,10,1,2,2,1,0,2,1,1,2,2,3,2,2,1
10080,1,6,4,4,5,13,1,1,2,1,8,8,2,3,4,0,5,2,1,1,3,4,2,7,1
15233,1,3,7,4,1,4,1,3,10,1,9,1,2,2,1,1,2,3,1,3,2,4,2,3,1
6302,1,5,7,4,5,20,11,2,7,1,9,1,2,3,3,0,2,3,1,6,2,3,2,4,1
10998,0,5,4,4,1,20,1,2,2,1,2,1,2,2,1,1,5,1,1,1,2,2,2,7,1
3597,1,10,2,4,1,19,13,5,1,3,8,1,2,2,1,0,1,1,1,1,2,3,2,2,1
17296,0,8,3,4,1,19,10,1,2,4,8,1,2,2,1,0,2,2,1,2,2,3,2,3,1
2567,0,8,2,4,1,12,13,1,7,3,12,8,2,2,1,0,1,1,1,1,3,3,2,2,1
24642,1,7,7,2,5,10,1,1,2,1,6,1,3,2,1,0,1,2,1,1,2,3,2,6,1
4074,1,4,6,4,5,17,1,1,7,1,8,8,3,5,1,0,1,2,1,1,3,3,2,2,1
2399,1,7,4,4,1,13,1,1,7,1,5,1,2,2,1,0,2,2,1,2,2,5,2,5,1
5280,0,7,6,3,1,17,2,1,7,5,3,1,3,2,1,0,1,2,1,1,2,5,2,2,1
8461,0,7,7,4,5,9,13,1,7,1,11,8,3,3,5,0,1,3,1,1,5,3,2,2,1
11525,1,7,1,4,1,19,13,1,4,4,5,1,2,2,1,0,4,3,1,1,2,3,2,2,1
29335,1,4,7,2,1,17,12,1,2,6,8,8,2,2,1,0,1,3,1,1,4,3,2,2,1
1770,0,4,6,4,5,21,1,3,2,1,8,1,3,2,1,0,1,2,1,1,2,5,2,4,1
12015,1,9,4,4,1,15,2,1,7,4,2,1,2,2,1,0,2,3,1,2,2,3,2,2,1
13334,0,5,1,4,1,10,13,1,7,4,6,1,2,2,1,0,4,3,1,1,2,3,2,2,1
22942,0,4,5,2,1,18,2,1,7,5,6,7,2,2,1,0,1,3,1,1,2,3,2,2,1
1265,0,3,6,4,1,10,13,1,10,1,8,1,3,3,4,0,1,1,1,1,2,3,2,2,1
6622,1,8,1,3,3,12,13,1,2,1,11,8,2,3,4,0,1,1,1,1,4,3,2,2,1
29559,0,4,6,4,1,16,13,1,4,4,1,1,2,2,1,0,2,3,1,2,2,3,2,2,1
2255,1,10,4,4,1,13,13,1,2,4,2,1,2,2,1,0,2,2,1,3,2,3,2,2,1
17043,1,3,1,4,1,12,13,1,4,2,8,1,2,2,1,0,1,3,1,1,2,3,2,3,1
20268,0,9,3,2,5,16,1,1,7,1,9,1,3,2,1,0,2,2,1,2,2,5,9,2,1
36129,0,6,5,2,1,16,13,1,4,4,10,1,2,2,1,0,2,4,1,2,2,6,2,5,1
13740,0,5,1,4,5,14,1,1,7,1,7,1,2,2,1,0,1,3,1,1,2,3,2,3,1
12440,1,9,7,4,1,14,13,1,7,2,9,1,2,2,1,0,1,2,1,1,2,3,2,2,1
474,0,6,5,4,3,3,1,2,4,1,5,8,2,5,1,0,1,3,1,1,3,2,2,3,1
15521,0,10,4,4,5,10,1,1,10,1,5,1,3,2,1,0,1,2,1,1,2,3,2,2,1
31384,1,3,3,2,1,15,13,1,2,2,9,2,2,2,1,0,1,4,1,1,2,4,2,4,1
7831,1,7,4,4,1,16,13,1,10,4,9,7,2,2,1,0,2,1,1,3,2,3,2,4,1
27363,1,4,5,4,1,17,13,3,3,4,12,2,2,2,1,0,8,2,1,1,5,3,3,3,1
30411,1,4,5,2,1,16,13,1,8,4,5,1,2,2,1,0,2,3,1,2,2,3,2,2,1
24707,0,10,5,4,1,11,13,1,7,2,9,1,2,2,1,0,1,3,1,1,2,5,2,2,1
17454,0,7,2,4,1,16,13,1,7,2,7,1,2,2,1,0,1,2,1,1,2,4,2,2,1
5463,1,4,1,4,1,13,13,1,4,1,4,8,2,2,1,0,1,2,1,1,4,3,2,2,1
11511,1,10,6,4,5,18,1,1,2,1,4,1,2,2,1,0,1,3,1,1,2,4,2,4,1
5034,0,4,5,4,1,7,13,1,4,4,5,1,2,2,1,0,8,1,1,1,2,3,2,2,1
18978,0,3,7,4,1,1,7,2,2,2,10,1,2,2,1,0,1,3,2,1,2,3,2,3,1
16431,1,3,4,4,3,22,13,3,4,1,11,8,2,3,4,0,1,1,1,1,3,3,2,2,1
10290,0,10,1,3,4,12,7,1,7,1,4,8,2,3,4,0,2,3,1,4,4,3,2,2,1
8789,1,7,6,4,5,16,1,1,2,3,7,8,2,2,1,0,1,2,1,1,4,3,2,2,1
20915,0,7,2,1,1,5,13,3,2,2,9,8,2,2,1,0,2,1,1,2,2,4,2,6,1
10560,1,6,6,4,1,24,13,3,7,4,7,1,2,2,1,0,2,2,1,3,2,4,2,2,1
9749,1,7,5,4,4,19,12,1,7,1,7,8,2,3,4,0,1,1,1,1,3,3,2,2,1
16692,1,6,1,4,5,16,13,1,7,2,11,1,2,2,1,0,1,3,1,1,2,5,2,5,1
36687,0,4,1,4,5,4,1,3,2,1,6,8,3,2,1,0,8,3,1,1,1,1,1,1,1
1625,0,3,4,4,1,18,13,5,10,4,1,8,2,2,1,0,2,3,1,3,3,3,2,3,1
5790,0,3,2,1,1,24,13,3,2,1,12,1,2,2,1,0,1,2,1,1,2,5,2,5,1
9792,1,6,7,4,1,13,13,1,7,4,10,1,2,2,1,0,2,1,1,3,2,5,2,4,1
12007,1,7,7,4,1,19,13,3,7,2,1,1,2,2,1,0,3,3,1,3,2,3,2,3,1
17679,1,4,5,4,1,17,13,2,8,4,11,1,2,2,1,0,2,1,1,2,2,3,2,2,1
400,1,5,6,4,1,10,13,1,4,1,3,7,2,3,4,0,1,2,1,1,2,5,2,2,1
13489,0,9,7,4,1,22,1,3,10,1,4,1,2,2,1,0,2,2,1,2,3,3,2,2,1
18849,1,12,1,2,5,16,1,5,4,1,11,1,3,2,1,0,1,1,1,1,2,3,2,2,1
4930,0,6,4,4,4,19,13,1,2,1,7,8,2,3,4,0,1,3,1,1,4,3,2,2,1
18331,0,13,7,4,1,13,13,1,8,2,6,1,2,2,1,0,1,1,1,1,2,3,2,2,1
22281,0,3,5,4,1,8,12,1,2,5,3,1,2,2,1,0,1,1,2,1,2,6,2,4,1
11915,1,5,1,4,1,24,13,2,7,2,8,7,2,2,1,0,1,3,1,1,2,5,2,3,1
30498,1,5,5,4,1,11,22,1,10,5,6,7,2,2,1,0,1,4,1,1,2,4,2,6,1
89,0,2,7,4,1,9,18,1,2,4,11,1,2,2,1,0,8,3,1,1,2,3,2,2,1
16700,1,4,7,4,1,16,13,1,7,4,4,7,2,2,1,0,2,3,1,2,2,3,2,2,1
15377,1,13,7,4,1,7,18,1,7,1,1,8,2,3,3,0,1,2,1,1,2,6,2,4,1
9019,0,7,4,4,1,21,13,3,7,4,5,1,2,2,1,0,2,1,1,2,2,7,2,2,1
27769,1,7,6,4,1,21,13,2,11,1,6,1,2,2,1,0,1,2,1,1,2,3,2,2,1
24992,1,4,3,4,3,2,13,3,8,1,5,8,2,3,4,0,1,1,1,1,3,5,2,5,1
12947,1,5,5,4,1,14,4,1,7,4,5,1,2,2,1,0,2,1,1,3,2,5,2,2,1
14652,1,7,3,2,5,18,1,1,7,1,9,1,3,3,10,0,1,3,1,1,2,4,2,6,1
11212,0,4,1,4,1,3,13,2,10,1,6,8,2,3,4,0,1,1,1,1,3,3,2,2,1
24449,0,3,2,3,1,19,7,1,8,2,7,5,2,2,1,0,2,1,1,3,2,3,2,2,1
25321,1,4,7,4,1,18,21,3,8,5,12,7,2,2,1,0,1,2,1,1,2,6,2,4,1
5520,1,4,3,4,1,11,13,1,4,4,6,1,3,2,1,0,2,2,1,2,2,5,2,5,1
6633,1,11,7,4,1,10,2,1,8,4,1,1,2,2,1,0,2,1,1,2,2,3,2,2,1
10318,0,3,5,4,3,18,13,1,2,1,7,7,2,3,4,0,1,1,1,1,2,3,2,3,1
28726,0,8,6,2,5,6,15,4,7,1,8,8,2,3,4,0,1,3,1,1,4,4,2,4,1
32534,1,7,4,2,5,23,1,2,2,1,9,8,3,2,1,0,5,4,1,1,3,2,2,7,1
27715,1,7,1,2,5,15,1,1,6,1,12,7,2,3,4,0,1,2,1,1,4,3,2,2,1
33587,0,5,2,4,5,4,1,2,4,1,5,8,3,3,4,0,1,4,1,1,3,3,2,2,1
8406,1,8,5,4,1,7,13,1,2,4,9,1,2,2,1,0,2,1,1,2,2,3,2,2,1
11191,0,9,4,4,1,15,13,1,7,4,3,7,2,2,1,0,4,3,1,1,2,3,2,2,1
10105,0,4,1,4,1,20,13,2,4,4,10,1,2,2,1,0,8,1,1,1,2,3,2,3,1
6514,0,10,2,4,1,15,13,1,2,4,4,1,2,2,1,0,2,1,1,2,2,3,2,4,1
32741,0,9,7,3,1,24,13,3,2,1,3,1,2,2,1,0,1,1,1,1,2,3,2,2,1
32610,0,5,4,2,1,1,11,3,4,1,8,1,2,2,1,0,1,4,1,1,2,2,2,6,1
9,1,9,4,4,1,10,13,1,2,4,3,1,2,2,1,0,2,2,1,2,2,3,2,2,1
6203,1,7,5,4,1,19,5,1,2,4,6,1,2,5,1,0,1,3,1,1,2,4,2,3,1
3943,0,10,4,4,5,19,1,2,10,1,10,1,3,2,1,0,1,3,1,1,2,3,2,2,1
31157,0,5,2,2,1,15,13,1,10,2,8,1,2,2,1,0,1,4,1,1,2,6,2,4,1
8877,0,3,7,4,1,1,13,3,2,1,4,8,3,3,4,0,3,3,1,2,5,5,2,3,1
16877,0,4,4,4,1,3,13,3,4,4,5,1,2,2,1,0,2,2,1,3,2,3,2,2,1
18465,1,8,7,4,1,15,2,1,7,1,9,8,2,3,4,0,1,3,1,1,4,3,2,2,1
22576,0,10,5,4,3,14,13,1,2,1,3,1,2,3,4,0,3,3,1,2,2,3,2,2,1
16514,1,8,4,2,5,17,1,1,7,1,3,8,2,3,6,0,2,1,1,3,4,3,2,2,1
14729,0,12,6,4,5,12,1,1,10,3,6,8,2,2,1,0,1,1,1,1,3,3,2,2,1
26453,0,6,3,4,5,7,1,1,7,1,6,1,2,3,4,0,1,3,1,1,2,3,2,2,1
6601,0,7,3,4,1,16,13,1,2,3,11,8,2,2,1,0,1,1,1,1,3,3,2,2,1
4937,0,11,5,4,1,21,13,5,7,2,7,1,2,2,1,0,1,3,1,1,2,3,2,2,1
13313,1,3,1,4,1,15,13,1,2,3,5,8,2,2,1,0,1,1,1,1,3,3,2,2,1
13231,0,9,1,4,1,21,13,2,7,4,8,1,2,2,1,0,2,1,1,3,2,5,3,2,3
23446,0,5,1,2,1,1,19,3,4,7,3,1,2,2,1,0,1,2,1,1,2,5,2,4,1
7076,1,6,2,4,4,22,21,2,10,1,7,8,2,3,4,0,1,3,1,1,4,3,2,3,1
11704,1,6,7,4,5,16,1,1,2,1,4,2,3,2,1,0,2,3,1,2,2,5,2,3,1
24429,1,7,4,4,1,17,13,1,7,4,9,1,2,2,1,0,8,3,1,1,2,5,2,2,1
5891,0,9,5,4,5,16,1,1,4,1,9,8,3,3,4,0,1,3,1,1,4,3,2,2,1
17741,1,10,4,3,1,22,15,3,4,1,4,1,2,3,4,0,1,1,1,1,2,3,2,2,1
7545,1,3,7,4,1,18,7,1,2,2,6,1,2,2,1,0,1,1,1,1,2,3,2,3,1
30005,0,10,1,4,5,17,1,1,7,1,5,8,2,3,4,0,1,4,2,1,4,3,2,4,1
23431,0,7,1,4,1,23,22,3,2,5,2,7,2,2,1,0,1,2,1,1,2,4,2,6,1
18054,1,8,5,4,1,17,13,1,10,4,8,1,2,2,1,0,8,1,1,1,2,3,2,3,1
10995,1,12,1,4,1,12,12,1,8,4,1,1,2,2,1,0,2,2,1,2,2,3,2,3,1
32157,0,6,2,4,1,13,21,1,8,5,9,7,2,2,1,0,2,4,1,3,2,3,2,2,1
10598,0,12,7,3,1,15,13,1,2,1,7,8,2,3,4,0,1,1,1,1,4,2,2,3,1
3541,1,7,6,4,2,16,13,1,10,1,10,8,2,3,4,0,1,3,1,1,4,3,2,2,1
644,1,9,7,4,1,16,18,1,7,5,9,1,2,2,1,0,8,3,1,1,2,3,2,3,1
19656,1,8,1,2,5,6,1,2,4,1,3,1,2,3,2,0,1,1,1,1,2,5,3,3,1
20830,0,2,4,4,1,15,10,1,10,4,3,1,2,2,1,0,2,1,1,2,2,3,3,2,1
18270,0,7,3,3,1,18,10,1,7,6,10,8,2,2,1,0,1,1,1,1,4,3,2,2,1
6125,0,12,4,4,1,13,8,1,7,4,3,8,2,2,1,0,1,3,1,1,2,3,2,3,1
24673,0,10,6,4,1,24,7,3,7,2,8,5,2,2,1,0,3,1,1,2,2,5,2,5,1
30985,0,8,3,2,1,22,10,3,7,4,6,8,2,2,1,0,2,3,1,2,2,5,2,2,1
13718,0,6,3,4,4,20,13,5,7,1,6,8,2,3,5,0,1,3,1,1,4,3,2,2,1
4702,1,8,5,4,4,12,13,1,4,1,5,8,2,3,4,0,1,1,1,1,4,3,2,2,1
30593,1,4,1,2,1,18,18,1,7,5,9,7,2,2,1,0,1,3,1,1,2,5,2,2,1
2809,1,8,7,4,1,19,15,1,8,1,5,1,2,2,1,0,1,1,1,1,2,3,2,2,1
17900,1,3,5,4,1,1,13,2,7,2,8,1,2,2,1,0,1,3,1,1,2,3,2,2,1
24366,0,3,6,2,1,19,13,1,1,2,4,1,2,2,1,0,3,1,1,2,2,3,2,2,1
22256,0,5,2,4,1,16,7,1,10,2,3,5,2,2,1,0,3,1,1,3,2,3,2,4,1
3253,0,6,7,4,2,23,13,2,2,1,12,8,2,3,4,0,1,1,1,1,3,3,2,2,1
15116,1,6,5,3,5,22,1,3,4,1,11,3,2,2,1,0,1,1,1,1,2,3,2,2,1
819,0,6,6,4,1,20,13,3,2,4,4,1,2,2,1,0,2,1,1,3,2,4,2,4,1
7284,1,2,5,4,4,23,13,2,8,1,9,8,2,3,4,0,1,2,1,1,4,3,2,2,1
19036,0,7,4,4,1,21,13,3,7,4,5,1,2,2,1,0,2,1,1,2,2,7,2,2,1
20249,0,4,3,2,1,13,13,1,8,4,7,8,2,6,1,0,8,2,1,1,1,1,1,1,1
9266,1,3,7,4,1,22,13,3,2,4,5,1,3,2,1,0,8,2,1,1,2,7,2,5,1
4533,0,8,3,2,3,21,13,3,7,1,8,7,2,3,8,1,13,3,1,1,3,5,2,7,1
7524,1,7,7,4,4,20,13,2,7,1,4,1,2,3,6,0,1,1,1,1,2,3,2,2,1
7904,0,8,7,4,1,18,13,1,7,3,5,2,2,2,1,0,1,1,1,1,3,3,2,2,1
2615,1,10,6,4,1,11,13,1,7,3,8,1,2,2,1,0,2,1,1,2,2,3,2,5,1
36482,0,5,1,2,5,12,1,1,7,1,3,8,2,3,4,0,1,4,1,1,3,3,2,2,1
17415,1,9,6,2,1,10,13,1,7,2,8,1,2,2,1,1,12,2,1,1,2,4,2,4,1
20992,1,10,7,2,1,11,10,1,2,5,12,8,2,2,1,0,2,1,1,3,2,3,2,2,1
25312,1,6,6,4,1,6,13,3,7,2,10,1,2,2,1,1,5,2,1,1,2,2,2,7,1
29732,0,6,3,4,1,16,13,1,10,4,5,8,2,2,1,0,8,1,1,1,3,3,2,3,1
5483,1,3,3,4,1,22,13,3,4,4,5,1,2,2,1,0,8,2,1,1,2,3,2,3,1
15374,1,8,4,4,1,17,21,3,7,5,1,8,2,2,1,0,1,2,1,1,4,4,2,4,1
5109,1,8,7,4,1,22,13,3,7,4,4,1,2,2,1,0,2,3,1,3,2,3,2,2,1
15283,0,5,4,4,1,16,13,1,2,4,12,1,3,2,1,0,2,1,1,3,2,4,2,3,1
18292,0,11,3,4,1,12,13,1,2,2,8,1,2,2,1,0,3,1,1,2,2,3,2,4,1
34151,0,7,6,4,5,11,1,1,7,1,6,7,3,2,1,0,1,3,1,1,2,3,2,4,1
8490,1,9,3,4,1,16,7,1,7,2,5,1,2,2,1,0,1,3,1,1,2,3,2,3,1
25320,1,3,7,4,1,16,13,1,10,4,11,1,2,2,1,0,8,3,1,1,2,4,2,3,1
11836,0,3,2,4,1,11,13,1,4,4,10,1,3,2,1,0,8,2,1,1,2,3,2,2,1
31582,0,5,6,2,1,14,11,1,2,5,1,1,2,2,1,0,1,1,1,1,2,4,2,4,1
30606,0,3,3,4,1,16,10,1,8,5,10,1,2,2,1,0,1,3,1,1,2,4,2,4,1
11727,1,7,1,4,1,16,2,1,7,1,6,1,2,3,4,0,1,3,1,1,2,3,2,2,1
31335,1,7,6,3,1,21,13,3,8,4,8,8,2,6,1,0,8,3,1,1,1,1,1,1,1
12575,0,7,2,4,1,10,13,1,7,1,9,8,2,3,6,0,1,1,1,1,3,3,2,2,1
10534,0,4,3,4,5,20,1,5,8,1,7,1,3,2,1,0,3,2,1,2,2,3,2,4,1
22484,1,10,1,3,5,16,1,1,7,1,10,8,2,4,2,0,1,3,1,1,4,3,2,2,1
22381,0,9,2,3,1,24,18,3,2,5,9,1,2,2,1,0,1,3,1,1,2,5,3,6,1
15647,0,6,1,3,1,16,13,1,1,3,9,1,2,2,1,0,3,2,1,3,4,3,2,2,1
30584,0,8,1,4,1,19,13,1,7,2,7,1,2,2,1,1,5,3,1,1,2,2,2,7,1
7517,0,3,1,4,1,20,12,2,4,4,3,1,2,2,1,0,2,1,1,2,2,3,2,3,1
16014,0,11,6,4,1,19,13,2,7,1,2,8,2,2,1,0,1,3,1,1,3,3,2,3,1
13296,0,8,1,4,5,18,13,1,7,1,4,8,2,3,4,0,1,1,1,1,5,3,2,2,1
6754,0,6,1,4,1,1,7,3,7,2,8,5,2,2,1,0,3,3,1,2,2,5,2,2,1
29548,0,8,7,2,1,20,13,2,7,4,10,8,2,2,1,0,2,4,1,3,2,5,3,5,1
6205,0,7,1,4,1,1,13,3,8,1,1,8,2,3,4,0,1,1,1,1,3,3,3,3,1
15098,1,7,5,4,1,16,13,1,7,2,9,1,2,2,1,0,3,2,1,3,2,3,2,2,1
17487,0,4,1,3,5,18,1,1,2,1,6,1,3,2,1,0,1,3,2,1,2,3,2,2,1
19927,1,9,3,4,1,15,13,1,8,4,4,1,3,2,1,0,2,3,1,2,2,3,2,2,1
12438,0,9,1,4,1,9,4,1,10,4,9,8,2,2,1,0,2,2,1,2,4,5,2,2,1
6353,0,2,2,4,1,22,13,3,8,4,10,1,2,2,1,0,2,1,1,2,2,6,2,5,1
24588,1,8,3,4,1,16,2,1,7,1,2,7,2,3,5,0,1,3,1,1,2,4,2,3,1
12857,0,4,1,4,1,3,13,3,10,1,7,3,2,3,4,0,2,2,1,3,3,5,2,2,1