id,Severity,age_classes,day_week,DEFORMED_classes,m_harm_classes,hour,impact1_classes,lgt_cond,make,man_coll,month,p_crash1,pcrash4,pcrash5,rel_road,reljct1,reljct2,rest_use,sex,typ_int,valign,vnum_lan,vsurcond,vtrafway,weather_classes
16444,0,4,7,4,1,18,13,3,8,4,11,1,2,2,1,0,2,1,1,2,2,5,2,3,1
20924,0,7,1,4,5,2,1,3,7,1,10,7,2,2,1,0,1,1,1,1,2,5,2,2,1
7985,1,7,4,4,1,11,13,1,7,2,6,1,2,2,1,0,1,1,1,1,2,3,3,4,1
15381,0,10,1,4,1,11,1,1,3,6,1,8,3,2,1,0,1,2,1,1,3,3,2,2,1
33354,0,4,1,4,3,17,13,1,2,1,9,8,2,3,4,0,1,3,1,1,4,5,9,2,1
26323,1,4,5,4,5,7,1,1,2,1,5,1,2,2,1,1,12,2,1,1,2,4,2,4,1
3344,0,5,1,3,1,1,10,3,7,1,7,8,2,3,4,0,1,3,1,1,4,3,2,2,1
13047,0,3,5,4,1,17,22,1,4,5,8,7,2,2,1,0,2,1,1,3,2,4,2,5,1
25300,0,6,4,2,1,17,13,1,2,4,9,1,2,2,1,0,8,2,1,1,2,4,2,3,1
962,0,5,4,4,1,6,13,3,2,4,1,1,2,2,1,0,2,1,1,3,2,3,2,3,1
2608,1,8,7,3,5,23,13,3,7,1,7,1,2,3,8,0,1,1,1,1,2,3,2,3,1
1326,0,10,3,4,1,18,13,5,10,4,10,1,2,2,1,0,2,3,1,2,2,3,2,3,1
17587,1,10,7,4,1,21,4,3,7,5,10,1,2,2,1,0,2,3,1,3,2,3,2,2,1
13980,1,5,1,4,1,15,13,1,4,2,7,7,2,2,1,0,1,3,1,1,5,3,2,2,1
20834,1,6,7,4,1,13,13,1,2,3,4,1,2,2,1,0,1,1,1,1,2,3,2,2,1
13680,0,3,7,4,1,12,13,1,10,4,3,1,3,2,1,0,8,1,1,1,2,3,2,2,1
10223,1,3,7,4,1,4,1,3,10,1,9,1,2,2,1,1,2,3,1,3,2,4,2,3,1
15243,1,3,2,4,1,20,13,3,2,3,8,1,2,2,1,0,8,1,1,1,2,6,2,5,1
30117,0,7,2,4,1,5,13,1,7,4,6,1,2,2,1,0,2,4,1,3,2,3,2,3,1
21671,0,3,4,4,5,21,1,3,8,1,11,1,2,2,1,0,1,2,1,1,2,3,3,3,1
1947,0,4,6,4,1,15,13,1,2,4,4,1,2,2,1,0,2,1,1,2,2,3,2,2,1
18238,0,3,6,4,4,9,7,2,10,1,8,8,2,3,4,0,1,1,1,1,4,3,2,2,1
3104,0,8,1,4,2,16,13,1,10,1,2,8,2,3,4,0,1,1,1,1,3,3,2,2,1
21871,1,6,5,4,1,17,10,3,7,4,12,1,2,2,1,0,2,2,1,3,2,3,2,2,1
35377,1,7,6,2,1,15,13,1,8,2,8,1,2,2,1,0,1,3,1,1,2,6,2,4,1
13415,1,9,6,4,5,10,1,1,7,1,8,8,3,3,4,0,1,3,1,1,4,3,2,2,1
6207,1,4,5,4,1,22,13,3,10,1,3,1,2,2,1,0,3,3,1,2,2,3,2,3,1
19910,0,10,3,4,1,18,1,1,7,1,7,8,2,3,2,0,1,2,1,1,4,3,2,2,1
21442,1,9,4,4,1,13,13,1,2,3,1,8,2,2,1,0,2,2,1,3,2,3,2,2,1
23206,0,7,4,2,1,15,13,1,7,2,8,1,2,2,1,0,1,2,1,1,2,5,2,4,1
8458,0,6,2,4,5,23,13,2,8,1,9,8,2,3,4,0,1,1,1,1,5,3,2,2,1
34591,0,8,1,2,1,15,18,1,7,5,8,2,2,2,1,0,3,4,2,2,2,3,2,2,1
11372,1,5,3,4,1,7,13,4,4,4,10,1,2,2,1,0,2,1,1,2,2,3,2,2,1
6369,0,5,1,4,1,20,13,3,8,4,10,1,2,2,1,0,2,1,1,3,2,4,2,3,1
16465,1,7,6,4,5,19,1,2,7,1,12,1,2,2,1,0,1,3,1,1,2,3,2,2,1
8122,1,4,7,4,1,1,13,2,4,4,4,7,2,2,1,0,8,1,1,1,2,3,2,2,1
13691,0,6,4,4,1,19,1,1,4,1,6,8,2,3,4,0,1,2,1,1,4,3,2,2,1
8728,0,3,6,4,1,11,2,1,2,4,7,8,3,2,1,0,2,1,1,3,3,3,2,2,1
2403,1,7,6,3,5,17,1,1,7,1,8,1,2,3,4,0,1,2,1,1,2,3,2,2,1
7115,0,10,1,4,3,23,13,2,7,1,10,8,2,3,4,0,1,3,1,1,4,4,2,3,1
16221,1,7,5,4,1,19,5,1,2,4,6,1,2,5,1,0,1,3,1,1,2,4,2,3,1
23298,0,7,7,4,1,11,13,1,10,2,4,1,2,2,1,0,1,3,1,1,2,3,2,3,1
18038,1,3,1,4,1,11,13,1,4,4,7,1,2,2,1,0,2,1,1,2,2,5,2,2,1
10696,0,8,1,3,1,12,18,1,1,3,9,8,2,2,1,0,1,1,1,1,3,3,2,2,1
15946,1,4,7,4,1,3,15,3,2,1,8,1,2,3,4,0,1,3,1,1,2,3,2,2,1
2942,1,6,2,4,1,21,13,2,4,4,6,1,2,2,1,0,8,1,1,1,2,3,2,2,1
4280,0,6,3,4,1,11,13,1,7,3,5,8,2,2,1,0,1,2,1,1,4,3,2,2,1
33181,0,6,6,2,1,16,13,1,10,4,5,7,2,2,11,0,8,1,1,1,2,4,2,5,1
16883,1,7,5,4,1,15,13,1,7,4,5,1,3,2,1,0,3,3,1,3,2,5,3,3,1
34553,0,3,6,4,3,1,13,3,7,1,8,1,2,3,4,0,1,3,1,1,3,3,2,2,1
15819,1,4,4,3,5,15,1,1,6,1,12,1,3,2,1,0,3,2,1,2,2,3,2,2,1
10447,1,8,6,2,1,17,15,1,2,1,4,1,2,3,4,0,1,2,1,1,2,3,2,2,1
3517,1,5,7,4,1,10,1,1,8,1,8,1,2,2,1,0,8,3,1,1,2,5,2,2,1
6748,1,4,4,4,5,1,13,3,4,1,6,1,2,2,1,0,1,3,1,1,2,3,2,2,1
16289,1,8,1,4,1,12,13,1,7,4,7,1,2,2,1,0,2,3,1,2,2,4,2,3,1
12577,0,8,5,4,1,22,13,2,4,3,8,1,2,2,1,0,1,3,1,1,2,3,2,2,1
12256,1,5,1,4,1,17,13,1,2,2,4,7,2,2,1,0,1,2,2,1,2,5,2,4,1
7513,1,14,7,4,4,14,3,1,7,1,1,1,2,3,6,0,1,1,1,1,2,3,2,2,1
13065,0,6,7,4,4,6,13,4,7,1,9,8,2,3,4,0,1,2,1,1,5,3,2,2,1
1491,1,4,2,4,1,20,13,5,4,4,3,8,2,2,1,0,2,1,1,3,3,3,2,2,1
402,1,7,3,3,1,17,18,1,10,5,3,7,2,2,1,0,1,2,1,1,2,3,2,5,1
22066,0,4,7,4,1,24,13,3,10,4,7,7,2,2,1,0,2,2,1,3,2,4,2,4,3
9114,1,6,7,3,1,16,18,1,7,5,1,1,2,2,1,0,5,3,1,1,2,3,2,2,1
32763,0,3,4,3,1,18,13,1,8,2,5,1,2,2,1,0,1,1,2,1,2,7,2,4,1
18692,1,5,6,4,1,19,13,3,2,1,5,1,2,3,5,0,1,3,1,1,2,3,3,6,1
30395,1,3,4,4,5,11,1,1,10,1,3,1,2,3,4,0,3,3,1,3,2,3,2,2,1
20336,0,4,1,4,1,19,1,5,10,1,6,2,2,2,1,0,1,1,1,1,2,4,2,2,3
5957,1,6,5,4,1,16,13,1,7,4,6,1,2,2,1,0,8,3,1,1,2,5,2,4,1
17409,0,8,6,4,1,14,13,1,7,4,7,1,2,2,1,0,2,2,1,4,2,5,2,5,1
5741,0,3,1,4,1,6,13,4,2,1,4,8,2,3,4,1,5,2,1,1,3,2,2,7,1
31451,0,8,4,2,1,7,13,1,7,2,9,5,2,2,1,0,1,1,1,1,2,4,2,4,1
27888,1,9,7,3,1,15,18,1,7,6,6,8,2,2,1,0,1,3,1,1,3,3,2,2,1
6437,1,6,7,4,1,23,13,3,4,4,12,1,2,2,1,0,2,1,1,3,2,7,2,5,1
10571,1,7,7,4,1,16,18,1,7,5,5,1,2,2,1,0,1,2,1,1,2,6,2,4,1
17935,1,6,1,4,1,17,21,1,7,1,7,8,3,3,4,0,1,3,1,1,3,3,2,2,1
17450,1,11,1,4,1,12,7,1,7,2,9,1,2,2,1,0,1,2,1,1,2,5,2,3,1
32320,0,4,2,4,1,15,10,1,7,6,6,1,3,2,1,0,2,4,1,3,2,3,2,2,1
15921,1,8,1,4,1,18,13,3,7,2,12,1,2,2,1,0,1,3,1,1,2,3,2,5,1
13406,1,6,7,4,1,24,1,2,2,1,8,8,2,3,4,0,1,3,1,1,4,3,2,2,1
6009,1,3,4,4,1,17,13,5,2,3,1,1,2,2,1,0,2,3,1,3,2,3,2,2,1
28021,0,8,3,2,4,17,13,1,10,1,5,8,2,3,4,0,1,2,1,1,4,3,2,2,1
7217,0,8,6,4,1,14,13,1,8,1,7,8,2,3,6,0,1,3,1,1,4,3,2,2,1
11401,1,7,7,2,1,18,21,3,7,5,11,1,2,2,1,0,1,1,1,1,2,3,2,3,1
30349,0,5,3,3,1,8,13,1,7,1,6,1,2,2,1,0,1,1,1,1,2,3,2,2,1
26300,0,4,1,2,4,15,21,1,10,1,4,1,2,3,4,0,1,2,1,1,2,3,2,4,1
6523,0,10,3,4,1,11,13,1,7,4,5,1,2,2,1,0,8,1,1,1,2,3,2,2,1
5264,1,3,3,4,1,14,13,1,2,2,11,7,2,2,1,0,1,1,1,1,2,5,2,4,1
21852,0,7,1,2,1,19,13,1,8,1,5,8,2,3,4,0,2,2,1,2,2,3,2,2,1
35781,0,9,7,4,5,12,1,1,1,1,5,8,2,2,1,0,1,1,1,1,3,3,2,2,1
18664,1,5,5,4,5,20,13,5,7,1,5,8,2,3,4,0,1,3,1,1,4,3,2,2,1
9557,1,11,4,3,1,11,13,1,2,3,10,1,2,2,1,1,2,2,1,2,2,3,2,3,1
21373,0,5,1,4,1,10,13,1,2,1,4,8,3,3,6,0,1,2,1,1,3,3,2,2,1
21489,1,10,1,4,1,10,3,1,7,5,4,7,3,2,1,0,1,2,1,1,2,3,2,2,1
28906,0,4,3,4,5,9,1,1,4,1,12,8,3,2,1,0,3,1,1,3,4,3,2,4,1
35593,0,4,6,3,5,18,1,1,2,1,8,8,2,2,1,0,1,1,1,1,5,2,2,6,1
23841,1,6,7,4,5,16,13,1,8,1,4,1,3,3,4,0,1,2,1,1,2,3,2,2,1
8584,0,6,5,4,1,12,13,1,4,3,4,1,2,2,1,0,2,1,1,3,2,3,2,2,1
11807,1,10,1,4,1,12,13,1,7,1,9,1,2,2,1,0,1,3,1,1,2,3,2,2,1
13844,0,6,4,4,1,11,4,1,8,4,11,1,3,2,1,0,2,1,1,3,2,3,3,2,1
15669,1,3,4,4,1,19,13,3,8,4,8,1,3,2,1,0,2,2,1,2,2,4,2,5,1
16031,1,9,7,3,5,19,1,3,7,1,2,1,2,2,1,0,1,3,1,1,2,3,2,3,1
6508,1,8,3,4,1,19,13,1,7,1,4,7,2,3,5,0,1,1,1,1,2,3,2,2,1
7369,0,4,5,4,1,23,13,3,2,2,6,1,2,2,1,0,1,2,2,1,2,5,2,5,1
1009,1,5,3,3,1,14,13,1,7,4,3,1,2,2,1,1,5,3,1,1,2,3,2,3,1
6693,1,2,6,4,1,17,13,1,4,4,5,1,2,2,1,0,2,2,1,2,2,3,2,2,1
26312,1,8,2,4,5,11,1,1,2,1,4,8,2,5,1,0,1,2,1,1,3,3,2,2,1
16672,0,11,1,4,1,18,13,3,6,1,10,8,2,3,4,0,1,2,1,1,3,3,2,2,1
10175,1,5,1,4,1,1,13,3,4,2,5,1,2,2,1,0,3,3,1,2,2,4,2,3,1
36313,0,10,2,2,5,12,1,1,2,1,7,1,3,2,1,0,3,1,1,2,2,7,2,2,1
10982,0,4,6,4,1,1,13,3,8,2,1,1,2,2,1,0,1,1,1,1,2,5,2,4,1
14973,0,6,7,2,1,16,7,1,2,2,8,7,2,2,1,0,8,3,1,1,2,3,2,2,1
8144,0,7,3,4,1,17,13,1,2,4,5,1,2,2,1,0,2,1,1,2,2,3,2,2,1
31914,0,2,7,4,1,13,10,1,8,4,7,1,2,2,1,0,3,1,2,3,2,5,2,5,1
21127,1,6,5,4,1,21,23,3,4,5,8,7,2,2,1,0,1,2,1,1,2,5,2,4,1
7763,1,6,7,4,1,24,13,3,7,2,8,1,2,2,1,0,1,3,1,1,2,5,2,3,1
6688,1,5,7,4,1,14,13,1,7,4,4,1,2,2,1,0,2,2,1,2,2,5,2,2,1
30353,1,6,3,3,1,16,18,1,10,6,6,1,2,2,1,0,1,3,1,1,2,3,2,2,1
90,0,8,4,4,1,19,13,3,7,1,12,1,2,2,1,0,1,2,1,1,2,3,2,3,1
17690,0,9,3,4,1,15,2,1,7,4,7,7,3,2,1,0,2,1,1,3,2,3,2,2,1
9288,0,6,3,4,1,11,13,1,7,3,5,8,2,2,1,0,1,2,1,1,4,3,2,2,1
8350,0,9,1,3,5,19,10,1,2,1,7,8,3,3,4,0,1,3,1,1,5,3,2,2,1
13818,1,10,7,4,1,13,13,1,7,1,9,3,2,2,7,0,1,3,1,1,4,3,2,2,1
5474,1,3,1,4,1,22,13,3,4,4,2,1,2,2,1,0,8,2,1,1,2,5,2,2,1
1031,0,3,1,4,1,14,13,1,10,3,4,8,2,2,1,0,1,1,1,1,3,3,2,2,1
8658,1,10,5,4,5,18,1,1,8,1,5,7,2,3,8,1,13,3,1,1,2,3,2,3,1
13270,0,6,7,4,2,23,13,2,2,1,12,8,2,3,4,0,1,1,1,1,3,3,2,2,1
29677,0,5,6,2,1,9,13,1,2,4,1,5,2,2,1,0,3,4,1,2,2,3,3,3,1
23203,1,10,4,4,5,21,1,3,2,1,6,1,2,3,4,1,5,2,1,1,3,2,2,7,1
339,1,10,7,3,5,9,1,1,7,1,1,1,2,3,4,0,1,2,1,1,2,3,2,2,1
731,0,7,4,4,5,5,1,2,7,1,10,1,2,2,1,0,1,1,1,1,2,5,2,5,1
17813,1,5,2,4,1,13,13,1,10,4,6,1,2,2,1,0,2,1,1,2,2,4,2,4,1
28525,0,6,4,4,4,12,10,1,4,1,9,1,2,3,4,0,1,1,1,1,2,3,2,2,1
35038,0,9,7,4,1,20,7,3,7,2,8,5,2,2,1,0,1,3,1,1,2,5,2,3,1
16627,0,9,7,4,5,11,13,1,2,1,6,8,2,3,4,0,1,1,1,1,4,3,2,2,1
4634,1,7,3,2,5,18,1,1,7,1,9,1,3,3,10,0,1,3,1,1,2,4,2,6,1
12934,1,10,5,4,4,17,13,1,10,1,4,1,2,3,4,0,1,1,1,1,2,3,2,2,1
33729,0,4,6,4,5,19,1,3,6,1,12,1,2,2,1,1,12,1,1,1,2,4,2,4,1
676,1,8,1,4,1,12,21,1,7,3,9,8,2,2,1,0,1,1,1,1,4,3,2,2,1
19715,0,6,6,4,5,23,1,2,4,1,3,8,2,3,4,0,1,1,1,1,4,3,2,2,1
1471,1,6,5,4,1,24,15,3,7,1,1,8,2,2,1,0,1,1,1,1,3,3,2,2,1
11487,1,4,5,4,1,24,1,3,7,1,1,8,2,2,1,0,1,1,2,1,3,3,2,2,1
7666,0,7,7,4,1,6,13,1,7,1,6,1,2,2,1,0,1,3,1,1,2,3,2,2,1
29556,0,10,6,2,5,23,1,3,7,1,1,1,3,2,1,0,1,3,1,1,2,4,2,4,1
34165,0,7,7,3,2,7,10,1,2,1,7,7,2,2,1,1,12,1,1,1,2,5,2,4,1
15341,1,8,7,4,1,18,13,1,7,4,9,8,2,2,1,0,2,3,1,2,4,3,3,2,1
9876,0,9,6,4,1,15,13,1,8,3,9,1,2,2,1,0,2,1,1,3,2,3,2,2,1
9950,1,7,5,4,1,6,13,1,2,4,7,1,2,2,1,0,2,3,1,3,2,3,2,2,1
35058,0,5,5,4,1,18,13,1,7,2,10,1,2,2,1,0,8,4,1,1,2,4,2,3,1
20274,0,6,7,2,4,14,4,1,7,1,10,1,3,3,4,0,1,2,1,1,2,3,2,2,1
31585,1,6,3,2,1,14,13,1,8,4,1,6,2,2,1,0,1,3,1,1,2,4,2,2,1
32922,0,5,2,2,1,21,13,2,4,1,6,1,2,2,1,0,1,4,1,1,2,3,2,2,1
23128,0,8,3,2,1,17,10,1,8,5,4,7,2,2,1,0,1,2,1,1,2,4,2,4,1
11630,1,8,1,3,3,12,13,1,2,1,11,8,2,3,4,0,1,1,1,1,4,3,2,2,1
2428,0,7,2,4,1,16,13,1,7,2,7,1,2,2,1,0,1,2,1,1,2,4,2,2,1
9052,1,6,4,4,1,17,13,1,2,2,7,7,2,2,1,0,1,3,1,1,2,3,2,5,1
15049,1,3,2,4,1,14,13,1,4,1,4,8,2,3,4,0,1,3,1,1,3,3,2,2,1
15613,1,5,3,4,1,19,1,1,7,1,7,1,2,2,1,0,2,1,1,3,2,5,2,5,1
12053,0,3,2,4,1,18,13,2,2,3,2,1,2,2,1,0,1,3,1,1,2,3,2,2,1
14816,0,4,7,4,1,12,13,1,4,3,4,1,2,2,1,0,2,1,1,3,2,5,2,2,1
2495,1,8,6,4,1,20,18,2,7,4,9,8,2,2,1,0,2,2,1,3,5,3,2,3,1
35152,0,10,1,4,1,14,13,1,7,2,8,8,3,2,1,0,1,3,1,1,3,3,2,2,1
16470,1,4,6,4,5,23,7,2,7,2,12,5,2,2,1,0,1,1,1,1,2,3,2,2,1
6970,0,5,3,4,5,24,1,2,7,1,7,8,2,3,4,0,1,3,1,1,3,3,2,2,1
6113,0,11,3,4,1,23,13,3,7,2,3,1,2,2,1,0,1,3,1,1,2,5,2,3,1
20725,0,7,2,2,1,11,4,1,10,1,6,1,2,2,1,0,1,2,1,1,2,3,2,2,1
29388,1,8,1,3,1,21,3,3,7,4,8,1,2,2,1,0,2,3,1,2,2,4,2,3,3
8856,0,6,7,2,1,17,4,1,11,1,1,8,2,3,4,0,1,3,1,1,3,3,2,2,1
5084,1,12,5,4,4,12,13,1,7,1,9,8,2,3,4,0,1,1,1,1,4,3,2,3,1
16743,0,8,7,4,1,22,10,3,7,4,7,1,2,2,1,0,2,3,1,2,2,5,2,3,1
30342,0,3,7,2,1,24,13,3,2,2,4,1,2,2,1,0,1,4,1,1,2,3,2,3,1
7254,0,4,5,4,1,24,10,3,7,4,6,8,2,2,1,0,1,2,1,1,2,3,2,2,1
410,1,3,4,4,5,17,1,1,8,1,3,7,3,2,1,0,2,2,1,2,2,3,2,2,1
25131,1,7,7,4,2,2,13,3,7,1,12,8,2,2,4,0,1,1,1,1,4,3,2,2,1
8748,1,7,1,4,5,18,1,1,2,1,7,8,2,2,1,0,1,3,1,1,3,3,2,2,1
2139,0,4,6,4,1,7,13,1,8,4,5,1,2,2,1,0,2,1,1,2,2,3,2,2,1
6222,0,4,2,4,1,21,13,3,8,4,7,1,2,2,1,1,2,1,1,2,2,4,2,3,1
16297,1,3,1,4,1,13,13,1,8,4,8,1,2,2,1,0,2,1,1,3,2,3,2,3,1
7460,0,8,7,3,1,19,13,1,7,4,4,1,2,2,1,0,2,3,1,2,2,3,2,2,1
1580,1,3,4,4,5,19,1,5,2,1,10,8,2,3,3,0,1,1,1,1,3,3,2,4,1
15763,1,9,3,4,1,14,13,1,7,3,11,1,2,2,1,0,1,1,1,1,2,3,2,2,1
15236,1,9,7,4,1,11,18,1,7,6,9,8,2,2,1,0,1,1,1,1,3,3,2,2,1
2184,1,5,4,2,5,15,21,1,7,7,12,8,3,2,1,0,3,2,1,3,3,3,2,2,1
34305,1,8,7,4,5,8,1,1,7,1,4,1,2,2,1,0,1,4,1,1,2,6,2,2,1
10729,0,11,7,4,5,16,1,1,7,1,10,1,3,2,1,0,1,2,1,1,2,3,2,2,1
16253,0,10,1,4,1,15,13,1,7,4,7,1,2,2,1,1,2,1,1,2,2,3,2,3,1
2578,0,6,1,4,5,4,13,2,2,1,4,1,3,3,4,0,1,1,1,1,2,5,2,4,1
6131,1,10,1,4,5,20,1,3,7,1,3,8,2,3,4,0,1,3,1,1,3,3,2,2,1
27221,1,8,3,4,1,18,13,1,2,4,3,1,2,2,1,0,8,3,1,1,2,3,2,4,1
24995,1,5,4,4,1,8,13,1,4,2,5,8,2,2,1,0,8,1,1,1,4,3,2,2,1
32313,0,7,1,4,5,10,1,1,7,1,4,1,2,2,1,0,3,4,1,2,2,3,2,2,1
23142,0,6,3,2,1,11,7,1,4,2,4,1,2,2,1,0,3,2,2,2,2,3,2,4,1
19058,1,10,6,4,1,8,13,1,2,4,6,1,2,2,1,0,2,2,1,2,2,3,2,5,1
11960,1,12,1,4,1,15,13,1,2,1,10,1,2,2,1,0,3,1,1,3,2,3,2,2,1
8423,0,7,1,4,1,1,13,2,7,1,9,1,2,3,5,0,1,3,1,1,2,3,2,2,1
1573,1,4,5,4,5,12,1,1,4,1,9,1,3,2,1,0,1,1,1,1,2,3,2,2,1
6623,1,10,6,4,1,15,7,1,7,2,12,1,2,2,1,0,1,1,1,1,2,3,2,3,1
28430,0,10,7,3,5,14,1,1,7,1,4,8,2,3,4,0,1,2,1,1,3,3,9,2,1
25733,1,10,6,4,5,12,1,1,7,1,10,8,2,3,2,0,1,3,2,1,3,3,2,2,1
13152,0,7,3,4,1,17,13,1,2,4,5,1,2,2,1,0,2,1,1,2,2,3,2,2,1
272,0,10,1,3,4,12,7,1,7,1,4,8,2,3,4,0,2,3,1,4,4,3,2,2,1
30458,0,7,7,4,5,14,1,2,2,1,2,1,2,2,1,0,1,4,1,1,2,3,2,4,1
10346,1,13,1,4,4,15,13,1,7,1,10,8,2,3,4,0,1,1,1,1,3,3,2,2,1
18998,0,7,7,4,5,17,7,1,7,2,8,7,2,2,1,0,1,3,1,1,2,3,2,3,1
35436,1,7,7,4,5,15,1,1,7,1,11,1,3,2,1,1,11,4,1,1,2,4,2,4,1
9671,0,5,1,4,2,10,13,1,10,1,8,8,3,3,4,0,1,1,1,1,3,3,2,2,1
11221,1,4,4,4,1,22,13,3,8,1,5,8,2,3,4,0,1,1,1,1,4,4,2,4,1
3632,1,8,7,4,5,11,1,1,3,1,5,1,2,2,1,0,1,2,1,1,2,3,2,3,1
25115,1,4,6,4,1,16,3,1,11,7,10,1,2,2,1,0,1,1,1,1,2,5,2,2,1
5282,0,10,1,3,4,12,7,1,7,1,4,8,2,3,4,0,2,3,1,4,4,3,2,2,1
20523,0,7,1,3,1,17,13,1,4,4,2,1,2,2,1,0,8,1,1,1,2,3,2,3,1
242,1,9,4,4,1,17,18,1,7,4,11,8,2,2,1,0,2,3,1,3,2,2,2,3,1
13084,1,6,7,4,1,19,13,3,7,4,10,8,2,2,1,0,8,1,1,1,4,3,2,2,1
15906,1,9,1,4,1,6,13,4,4,1,8,1,2,2,1,0,1,1,1,1,2,3,2,2,1
12924,0,4,5,4,3,12,13,1,8,1,8,1,3,3,4,0,3,3,1,2,2,3,2,3,1
11898,0,8,1,4,4,16,13,1,3,1,7,8,2,3,4,0,1,3,1,1,3,3,2,2,1
2239,1,5,1,4,1,17,13,1,2,2,4,7,2,2,1,0,1,2,2,1,2,5,2,4,1
99,1,8,7,4,1,22,13,3,7,4,4,1,2,2,1,0,2,3,1,3,2,3,2,2,1
9048,1,4,7,4,1,11,13,1,4,4,7,1,2,2,1,0,2,1,1,3,2,3,2,3,1
6102,0,3,5,4,1,23,13,2,10,2,4,1,2,2,1,0,1,1,1,1,2,4,2,4,1
18906,1,7,1,4,4,21,13,3,8,1,5,1,3,3,3,0,1,3,1,1,2,3,2,4,1
26584,1,7,3,2,1,12,7,1,10,2,2,1,2,2,1,0,1,3,1,1,2,3,2,2,1
22892,1,7,5,2,1,17,13,1,4,2,10,2,2,2,1,0,1,3,1,1,2,5,2,3,1
6760,1,6,7,4,5,15,1,1,10,1,8,1,3,2,1,0,1,3,1,1,2,3,2,2,1
17662,1,6,3,4,1,24,13,3,8,4,7,1,2,2,1,0,4,1,1,1,2,5,2,5,1
6374,1,6,7,4,1,18,13,5,7,4,10,1,2,2,1,0,2,1,1,4,2,3,2,2,1
8527,0,9,3,4,5,5,1,3,7,1,8,1,2,2,1,0,1,3,1,1,2,3,2,4,1
7671,1,9,6,4,1,13,12,1,2,6,7,8,2,2,1,0,1,3,1,1,3,3,2,2,1
4784,1,6,7,4,1,13,13,1,7,4,10,1,2,2,1,0,2,1,1,3,2,5,2,4,1
35875,0,2,7,4,1,11,13,1,4,2,2,1,2,2,1,0,1,1,1,1,2,3,2,4,1
22223,0,7,7,2,1,22,7,2,7,2,5,1,2,2,1,0,1,2,1,1,2,3,3,2,1
1728,1,10,6,4,1,14,13,1,7,4,7,1,2,2,1,0,8,3,1,1,2,5,2,2,1
22623,0,4,2,4,5,15,1,1,10,1,8,1,2,2,1,0,1,3,1,1,2,5,2,2,1
32841,0,5,7,2,4,21,21,2,10,1,2,8,3,3,3,0,1,3,1,1,3,4,2,4,1
5507,1,3,1,4,1,16,13,1,6,2,4,1,2,2,1,0,1,2,1,1,2,6,2,4,1
16494,1,7,4,4,1,6,13,4,2,3,12,1,2,2,1,0,2,3,1,2,2,5,2,2,1
30329,1,3,7,4,1,20,13,2,2,4,9,8,2,2,1,0,8,4,1,1,2,3,2,2,1
29363,1,6,3,2,1,17,7,1,4,2,8,1,2,2,1,0,8,4,1,1,2,5,2,2,1
13183,1,6,3,4,1,13,13,1,2,1,4,1,2,4,5,0,1,1,1,1,2,3,3,2,1
26646,1,8,5,4,1,18,4,1,7,4,5,8,2,2,1,0,2,3,1,2,2,3,2,2,1
14709,1,8,7,2,4,11,13,1,8,1,4,1,2,3,4,0,1,1,2,1,2,3,2,2,1
5196,1,9,6,4,5,20,15,2,7,1,7,1,2,3,3,0,1,1,1,1,2,3,2,3,1
3687,1,2,5,4,1,20,15,1,2,1,6,8,2,3,4,0,1,3,1,1,4,3,2,2,1
20344,0,3,6,2,1,24,19,3,6,4,7,1,2,2,1,0,2,1,1,2,2,3,2,4,1
17498,1,5,6,3,1,10,12,1,10,1,7,1,2,2,1,0,1,3,2,1,2,3,2,2,1
353,0,10,1,4,1,11,1,1,3,6,1,8,3,2,1,0,1,2,1,1,3,3,2,2,1
23473,0,5,1,2,1,19,22,1,2,4,6,7,2,2,1,0,1,2,1,1,2,3,2,4,1
11133,0,12,4,4,1,13,8,1,7,4,3,8,2,2,1,0,1,3,1,1,2,3,2,3,1
3319,1,11,3,4,1,14,13,1,7,4,6,1,2,2,1,0,2,3,1,2,2,3,2,2,1
14015,1,12,6,4,1,12,13,1,2,2,4,1,2,2,1,0,1,1,1,1,2,3,2,4,1
12327,1,4,7,4,1,16,13,1,4,4,3,7,3,2,1,0,1,1,1,1,2,3,2,2,1
7926,1,10,5,4,4,17,13,1,10,1,4,1,2,3,4,0,1,1,1,1,2,3,2,2,1
451,0,3,1,4,5,13,1,1,4,1,4,8,3,2,1,0,1,2,1,1,4,3,2,2,1
2485,1,3,5,4,4,6,13,1,10,1,8,8,3,3,4,0,1,2,1,1,3,3,2,2,1
11147,1,4,5,4,1,11,13,1,8,4,5,1,2,2,1,0,2,3,1,2,2,3,2,3,1
20031,1,10,6,4,1,18,12,1,7,1,8,1,2,3,4,0,1,3,1,1,2,3,2,2,1
13708,1,3,4,4,1,22,13,2,4,2,6,8,2,2,1,0,1,1,1,1,4,3,2,3,1
4636,1,3,1,3,5,2,1,2,10,1,10,8,2,2,1,0,1,3,1,1,4,3,2,2,1
14559,0,7,7,2,1,17,13,1,10,4,10,8,2,2,1,0,2,1,1,3,3,5,2,3,1
11149,1,8,1,4,1,15,13,1,7,4,5,1,2,2,1,0,2,3,1,2,2,3,2,5,1
10151,1,9,5,4,1,17,13,1,7,4,2,1,2,2,1,0,2,3,1,2,2,6,2,5,1
18415,1,6,7,4,1,24,1,2,2,1,8,8,2,3,4,0,1,3,1,1,4,3,2,2,1