id,Severity,age_classes,day_week,DEFORMED_classes,m_harm_classes,hour,impact1_classes,lgt_cond,make,man_coll,month,p_crash1,pcrash4,pcrash5,rel_road,reljct1,reljct2,rest_use,sex,typ_int,valign,vnum_lan,vsurcond,vtrafway,weather_classes
13382,1,9,5,4,5,15,1,1,7,1,7,1,2,3,4,0,1,1,1,1,2,3,2,3,1
8227,0,6,5,4,1,20,13,3,2,3,9,8,2,2,1,0,1,3,1,1,3,3,3,2,1
6944,1,11,4,4,5,18,1,1,2,1,10,8,2,2,1,0,3,3,1,4,3,3,2,2,1
18055,1,7,4,4,1,3,13,2,2,1,8,1,2,2,1,0,1,1,1,1,2,3,2,3,1
18212,0,4,7,3,2,3,13,2,10,1,7,8,2,3,4,0,1,1,1,1,4,3,2,2,1
8275,0,11,3,4,1,12,13,1,2,2,8,1,2,2,1,0,3,1,1,2,2,3,2,4,1
31934,0,8,2,3,1,18,13,1,7,4,8,8,2,2,1,0,8,3,1,1,2,3,2,2,1
2651,1,8,2,4,1,16,13,1,7,2,8,1,2,2,1,0,8,1,1,1,2,5,2,2,1
3217,0,8,7,4,1,7,4,1,3,4,9,1,2,2,1,0,1,1,1,1,2,3,2,2,1
22390,1,10,1,3,1,17,13,1,7,4,10,1,2,2,1,0,2,1,1,3,2,3,2,2,1
8857,0,10,3,4,4,7,13,1,7,1,2,7,2,3,4,0,1,3,1,1,2,3,2,2,1
30984,0,9,2,4,1,16,13,1,2,4,6,1,2,2,1,0,2,3,1,2,2,3,2,2,1
13146,1,3,3,4,1,11,13,1,2,4,5,1,2,2,1,0,2,1,1,3,2,3,2,2,1
1546,1,6,7,4,1,16,13,1,7,4,7,1,2,2,1,0,2,1,1,2,2,3,2,2,1
22781,0,5,5,4,1,8,13,1,7,2,3,1,2,2,1,0,1,3,1,1,2,4,2,4,1
26574,0,3,3,4,1,5,13,3,7,3,12,1,2,2,1,0,2,2,1,2,2,5,2,2,1
19915,1,8,7,4,4,17,1,1,10,1,9,8,2,3,4,0,1,3,1,1,3,3,2,2,1
5582,1,10,7,4,5,15,1,1,7,1,6,1,3,2,1,0,3,1,1,2,2,3,2,3,1
30607,0,7,3,4,1,9,12,1,8,4,9,1,2,2,1,0,2,4,1,2,2,3,2,2,1
16403,1,8,6,4,1,14,13,1,3,4,10,1,2,2,1,0,2,3,1,2,2,3,2,2,1
2995,1,7,6,4,1,6,13,1,8,4,7,1,2,2,1,0,2,1,1,3,2,3,2,4,1
20010,0,4,7,4,1,6,13,4,10,4,9,7,2,4,7,0,8,3,1,1,2,3,2,2,1
1754,1,9,1,4,1,8,13,1,7,4,8,1,2,2,1,0,2,3,1,2,2,5,2,2,1
5696,0,10,6,4,1,14,13,1,2,3,9,8,2,2,1,0,1,2,1,1,3,3,2,2,1
7604,1,3,6,4,1,18,13,1,4,4,6,1,2,2,1,0,2,3,1,2,2,5,2,5,1
20903,1,7,3,3,1,15,13,1,8,4,8,2,2,2,1,0,8,1,1,1,2,3,2,2,1
22210,1,6,5,2,1,14,13,1,10,4,11,8,2,2,1,0,8,3,1,1,2,4,2,5,1
34589,1,11,1,2,1,15,21,1,7,5,8,2,2,2,1,0,3,3,1,2,2,3,2,2,1
10520,0,3,7,4,5,17,1,1,6,1,6,1,3,2,1,0,1,2,1,1,2,3,2,2,1
15715,0,7,7,4,1,14,13,1,2,3,10,8,2,2,1,0,3,1,1,3,4,3,2,2,1
8212,1,6,7,4,4,16,13,1,4,1,7,8,2,3,3,0,1,1,1,1,4,3,2,2,1
15723,0,10,7,1,1,11,15,1,7,1,10,1,2,2,1,0,1,1,1,1,2,3,2,2,1
22928,1,7,6,4,1,16,13,1,7,3,4,1,2,2,1,0,1,3,1,1,2,3,2,2,1
9047,1,7,4,4,1,9,13,1,3,4,8,8,2,2,1,0,1,1,1,1,3,3,2,2,1
6137,0,11,3,4,1,9,10,1,4,4,5,8,2,2,1,0,2,1,1,2,2,4,2,3,1
7906,1,8,4,4,5,15,1,1,8,1,10,1,3,3,4,0,3,3,1,1,2,3,2,2,1
11486,0,4,5,4,1,22,13,2,8,4,1,1,3,2,1,0,2,1,1,3,2,3,2,2,1
17304,1,8,1,4,5,19,1,2,7,1,10,8,3,3,6,0,1,1,1,1,4,3,2,2,1
22613,0,5,3,2,1,15,22,1,7,5,7,7,2,2,1,0,1,2,1,1,2,5,2,6,1
12901,0,4,1,4,1,14,13,1,2,1,11,1,2,3,4,0,1,3,1,1,2,3,2,2,1
12906,1,7,7,4,1,12,8,1,7,4,7,8,2,2,1,0,1,3,1,1,2,3,2,2,1
16739,0,5,7,4,1,15,7,1,7,2,6,1,2,2,1,0,1,3,1,1,2,3,2,2,1
3944,1,3,7,4,1,24,7,2,4,2,10,1,2,2,1,0,1,3,1,1,2,3,2,2,1
2355,0,9,7,4,4,21,4,2,7,1,6,1,2,3,4,0,1,2,1,1,2,3,2,2,1
18582,0,4,7,4,1,5,13,2,10,3,11,1,2,2,1,0,1,3,1,1,2,3,2,3,1
14127,1,4,7,2,1,19,13,2,7,3,1,8,2,2,1,0,1,3,2,1,3,3,2,2,1
7502,0,4,6,2,5,18,1,1,11,1,8,2,3,2,1,0,1,2,1,1,2,3,2,4,1
17129,1,5,3,4,1,14,13,1,7,1,10,8,3,3,5,0,1,1,1,1,4,3,2,2,1
9038,0,8,7,4,1,3,23,2,7,4,6,7,2,2,1,1,5,1,1,1,4,2,2,7,1
20967,1,7,7,2,1,8,13,1,4,3,7,8,2,2,1,0,8,1,1,1,1,1,1,1,1
26509,0,6,7,2,1,14,13,1,7,4,3,1,2,2,1,0,2,3,1,2,2,3,2,2,1
23962,0,4,6,2,1,8,13,1,10,2,7,5,2,2,1,0,1,1,1,1,2,6,2,4,1
13431,0,7,1,4,1,1,13,2,7,1,9,1,2,3,5,0,1,3,1,1,2,3,2,2,1
8184,0,10,7,4,1,14,13,1,7,2,7,1,2,2,1,0,1,1,1,1,2,5,2,4,1
35765,1,4,2,4,1,13,13,1,4,4,1,7,2,2,1,1,2,1,1,2,2,3,2,2,1
30555,1,3,2,4,1,18,13,5,2,4,3,1,2,2,1,0,2,4,1,2,2,5,2,2,1
31976,0,3,4,4,1,16,13,5,8,4,11,1,2,2,1,0,2,1,1,2,2,3,3,2,1
13647,1,4,2,4,1,21,13,3,8,1,4,1,2,2,1,0,1,2,1,1,2,4,2,3,1
15414,0,10,6,4,1,16,7,1,7,2,2,1,2,2,1,0,1,2,1,1,2,3,2,2,1
31279,1,9,4,4,1,17,13,1,7,2,9,1,2,2,1,0,2,4,1,3,2,3,2,2,1
758,0,4,1,3,1,15,11,1,8,4,12,1,2,2,1,0,2,1,1,2,2,5,2,2,1
6932,1,11,4,4,1,17,13,1,7,2,9,1,2,2,1,0,1,3,1,1,2,3,2,5,1
16239,0,7,1,4,1,24,13,2,8,4,6,1,2,2,1,0,2,3,1,3,2,3,2,2,1
8501,0,7,6,4,1,2,13,2,4,3,5,1,2,2,1,0,1,2,1,1,2,3,2,4,1
36929,0,10,2,4,1,15,10,1,7,4,12,1,2,2,1,0,2,1,1,2,2,8,2,2,1
93,1,6,7,4,1,21,13,3,10,4,10,1,2,2,1,0,2,1,1,3,2,3,2,2,1
2966,1,3,5,4,1,16,4,1,2,1,3,8,2,3,4,0,1,1,1,1,4,4,2,4,1
13401,0,8,5,4,1,5,10,3,7,4,8,1,2,2,1,0,1,3,1,1,2,3,2,3,1
33148,0,3,5,4,1,22,11,3,7,5,9,1,2,2,1,0,1,1,1,1,2,5,2,2,1
33291,0,3,6,4,5,19,1,3,8,1,12,1,3,2,1,0,1,3,1,1,2,3,2,3,1
3091,0,6,5,3,1,5,13,3,4,1,12,1,2,2,1,0,3,1,1,2,2,5,2,2,1
722,0,8,1,4,1,16,13,1,10,4,10,8,2,2,1,0,1,2,1,1,4,3,2,2,1
15588,0,4,7,4,1,18,1,1,10,1,8,8,2,2,1,0,1,2,1,1,3,3,2,2,1
8052,0,4,4,4,1,5,1,4,4,1,8,8,3,2,1,0,1,1,1,1,4,7,2,2,1
35135,0,8,1,4,1,21,13,2,7,1,7,8,2,3,4,0,1,4,1,1,3,3,2,2,1
30195,0,5,7,4,1,15,13,1,10,3,3,1,2,2,1,0,2,4,1,2,2,5,2,2,1
22558,0,8,3,3,1,24,13,3,4,2,10,1,2,2,1,0,1,2,1,1,2,2,2,4,1
16978,1,6,3,4,1,14,13,1,10,1,5,8,2,3,4,0,1,3,2,1,3,3,2,2,1
32642,0,7,5,3,5,18,12,1,7,1,5,8,2,3,4,0,1,4,1,1,3,3,2,2,1
8333,1,7,3,4,5,20,1,1,7,1,6,8,2,3,4,1,12,3,1,1,4,3,2,3,1
13798,0,7,6,4,1,16,13,1,7,3,7,8,2,2,1,0,1,2,1,1,4,3,2,2,1
6879,1,11,4,4,1,21,13,2,2,1,6,1,2,2,1,0,1,3,1,1,2,3,2,2,1
31440,0,3,7,4,1,15,18,1,10,5,7,1,2,2,1,0,1,1,1,1,2,5,2,4,1
3311,0,7,6,3,4,20,13,1,7,1,6,8,2,3,4,0,1,3,1,1,4,3,2,2,1
11243,0,10,1,4,1,15,13,1,7,4,7,1,2,2,1,1,2,1,1,2,2,3,2,3,1
17433,0,3,5,4,1,18,13,1,2,4,8,1,2,2,1,0,8,2,1,1,2,3,2,2,1
328,1,13,1,4,4,15,13,1,7,1,10,8,2,3,4,0,1,1,1,1,3,3,2,2,1
22076,0,6,4,4,1,15,13,1,4,4,10,8,2,2,1,0,2,1,1,3,2,3,2,2,1
19803,0,8,7,4,1,11,13,1,7,3,10,8,2,2,1,0,1,1,1,1,3,3,2,2,1
1136,1,10,5,4,1,13,13,1,7,2,5,1,2,2,1,0,1,1,1,1,2,3,2,2,1
16077,1,6,4,4,5,14,1,1,2,1,1,1,2,2,1,0,8,3,1,1,2,3,2,2,1
13290,1,7,7,4,5,12,1,1,7,1,10,8,3,3,4,0,1,3,1,1,4,3,2,2,1
3030,0,3,5,4,1,17,22,1,4,5,8,7,2,2,1,0,2,1,1,3,2,4,2,5,1
13518,1,5,1,4,1,12,13,1,2,4,6,1,2,2,1,0,2,2,1,2,2,5,2,2,1
23327,0,3,3,4,5,21,1,2,8,1,5,1,2,2,1,0,1,2,1,1,2,3,2,4,1
9383,0,4,6,2,1,17,13,1,4,4,7,1,2,2,1,1,2,1,1,2,2,4,2,3,1
18901,1,5,4,4,3,19,13,5,8,1,5,8,3,3,4,0,1,3,1,1,3,3,2,2,1
2659,0,9,6,4,5,13,12,1,7,1,6,8,3,3,4,0,1,3,2,1,4,3,2,3,1
3286,1,7,4,3,5,22,13,3,7,4,5,1,2,2,1,0,2,3,1,3,2,3,2,2,1
18633,0,9,6,4,1,20,13,3,2,3,12,1,2,2,1,0,1,1,1,1,2,3,2,2,1
12949,1,6,5,4,1,21,13,3,2,3,5,1,2,2,1,0,2,1,1,2,2,5,2,2,1
5249,1,6,5,4,1,17,13,1,3,4,10,1,3,2,1,0,8,1,1,1,2,5,2,5,1
33389,0,8,1,4,1,10,13,1,7,3,1,8,3,2,1,0,1,4,1,1,4,3,2,3,1
25042,1,7,2,4,5,11,1,1,8,1,7,1,2,2,1,0,2,1,1,2,2,3,2,3,1
12413,0,8,7,2,2,18,1,1,7,1,8,1,2,2,1,0,1,2,1,1,2,3,3,2,1
14995,1,5,7,4,1,16,13,1,7,1,9,1,3,2,1,0,1,3,2,1,2,3,2,2,1
2076,0,6,6,4,1,6,13,4,4,2,7,7,3,2,1,0,2,1,1,3,2,5,2,5,1
20706,0,8,4,2,1,12,13,1,8,2,5,2,2,2,1,0,2,2,1,2,2,5,2,2,1
8958,1,3,2,4,1,18,13,2,4,4,11,1,2,2,1,0,8,1,1,1,2,3,2,3,1
2605,1,10,6,4,1,18,13,1,7,4,7,8,3,2,1,0,1,2,1,1,3,3,2,2,1
15627,0,6,3,4,1,22,13,3,7,3,8,1,2,2,1,0,1,2,1,1,2,4,2,4,1
16396,1,8,6,3,5,22,1,2,3,1,10,7,2,2,1,0,1,1,1,1,2,3,3,5,1
7899,1,4,7,4,1,11,13,1,8,4,11,1,2,2,1,0,8,3,1,1,2,3,2,2,1
16866,0,9,4,4,3,19,13,3,7,1,3,8,2,3,5,0,1,3,1,1,3,3,3,2,1
22837,0,7,3,3,5,15,1,1,2,1,7,1,3,2,1,0,1,2,1,1,2,3,3,4,1
4691,1,8,7,2,4,11,13,1,8,1,4,1,2,3,4,0,1,1,2,1,2,3,2,2,1
626,1,7,1,4,1,15,13,1,4,4,8,1,3,2,1,0,8,2,1,1,2,5,2,5,1
14191,0,8,6,3,1,16,13,1,10,4,4,1,2,2,1,1,2,1,1,2,2,3,2,3,1
23710,0,9,1,4,1,22,13,3,7,2,8,1,2,2,1,0,1,2,1,1,2,5,2,4,1
13082,0,7,7,4,1,9,13,1,7,4,10,8,2,2,1,0,2,1,1,3,4,3,2,2,1
2101,1,6,5,3,4,20,21,2,7,1,9,8,2,3,4,0,1,3,1,1,3,4,2,2,1
9611,1,8,3,2,1,17,13,2,10,4,12,1,2,2,1,0,2,1,1,3,2,3,2,2,1
4046,0,3,1,4,1,10,7,1,8,2,7,2,2,2,1,0,1,1,1,1,2,3,2,3,1
13324,1,5,1,3,5,12,1,1,10,1,5,1,3,2,1,0,3,3,1,1,2,3,2,2,1
25108,0,8,7,3,1,11,8,1,1,5,10,2,2,2,1,0,1,1,1,1,2,3,2,3,1
7193,1,5,4,2,5,15,21,1,7,7,12,8,3,2,1,0,3,2,1,3,3,3,2,2,1
6164,1,9,1,4,1,15,4,1,1,4,5,1,2,2,1,0,2,1,1,2,2,3,2,2,1
8811,1,6,7,4,1,12,1,1,8,1,9,7,3,2,1,1,12,1,1,1,2,3,2,3,1
31971,1,11,6,4,1,10,13,1,7,4,11,7,2,3,1,0,8,3,1,1,2,3,2,3,1
3106,0,6,7,4,1,15,13,1,10,4,2,1,2,2,1,0,7,1,1,1,2,5,2,3,1
12443,0,9,3,4,1,7,10,4,7,6,9,8,2,2,1,0,1,2,1,1,3,3,2,2,1
30739,0,6,4,4,5,21,1,3,2,1,11,1,3,2,1,0,1,4,2,1,2,3,2,4,1
32608,0,4,4,2,1,1,1,3,4,1,8,1,2,2,1,0,1,4,1,1,2,2,2,6,1
20759,0,3,6,2,1,13,13,1,10,4,7,8,2,6,1,0,8,2,1,1,2,5,2,2,1
16296,1,5,6,4,1,20,1,3,7,1,8,8,2,3,3,0,1,1,1,1,3,3,2,3,1
8403,0,5,3,4,1,14,7,1,10,2,8,1,2,2,1,0,1,3,1,1,2,5,2,4,1
15685,1,10,6,4,5,12,1,1,2,1,10,1,2,3,2,0,1,2,1,1,4,3,2,2,1
4918,1,8,2,3,1,13,13,1,7,1,6,8,3,2,1,0,1,3,1,1,4,3,2,2,1
29466,1,7,6,2,1,16,13,1,7,2,10,5,2,2,1,0,1,4,1,1,2,3,2,4,1
19793,1,4,6,4,1,14,1,1,2,1,9,8,2,2,1,0,1,1,1,1,3,3,3,2,1
17726,1,4,7,4,1,16,13,1,4,4,7,1,2,2,1,0,2,1,1,2,2,3,2,2,1
5096,0,7,4,4,1,7,13,1,7,4,11,1,2,2,1,0,2,2,1,2,2,3,2,3,1
9927,1,5,3,4,1,13,13,1,4,4,6,1,3,2,1,0,2,3,1,2,2,3,2,2,1
12010,0,8,1,4,1,14,13,1,7,4,4,7,2,2,1,0,2,3,1,3,2,3,2,2,1
18553,1,9,1,4,5,20,1,2,2,1,9,1,2,3,4,0,1,3,1,1,4,3,2,2,1
10886,0,7,1,4,5,13,1,1,7,1,8,8,2,3,4,0,1,3,1,1,4,3,2,2,1
3045,1,6,4,4,1,7,13,1,2,4,8,1,2,2,1,0,2,1,2,3,2,7,2,2,1
35958,0,8,1,4,5,18,1,1,7,1,7,1,2,2,1,0,3,3,1,3,2,3,2,2,1
7698,1,10,6,4,1,18,13,1,7,4,8,1,2,2,1,0,2,3,1,3,2,3,2,2,1
19838,1,9,5,4,1,18,13,1,10,4,5,1,2,2,1,0,2,1,1,3,2,3,2,2,1
8359,0,5,6,4,1,23,13,2,7,4,7,1,2,2,1,0,2,3,1,2,2,3,2,2,1
7955,1,7,1,4,1,12,10,1,7,4,6,1,2,2,1,0,2,1,1,3,2,3,2,2,1
14107,1,6,7,4,4,18,4,2,2,1,10,8,2,3,4,0,1,2,1,1,4,3,2,2,1
6107,1,4,5,4,1,9,13,1,8,4,2,1,2,2,1,0,2,3,1,3,2,3,2,3,1
36512,0,3,7,4,5,24,1,3,8,1,4,8,2,2,1,0,2,4,2,3,2,6,2,2,3
18464,0,10,6,4,1,8,13,1,4,4,9,1,2,2,1,0,4,1,2,1,2,3,2,2,1
30929,1,5,6,4,1,18,3,3,7,5,11,2,2,2,1,0,1,3,1,1,2,5,2,4,1
9753,0,8,2,4,5,10,1,1,7,1,6,8,2,3,4,0,1,1,1,1,4,3,2,2,1
18330,0,3,3,4,5,9,13,1,4,4,5,7,2,2,1,0,2,1,1,2,2,3,2,2,1
10961,0,6,2,4,5,22,13,3,8,1,6,3,2,4,4,0,2,3,1,2,2,5,2,4,1
24163,0,8,4,4,1,11,13,1,2,3,4,1,2,2,1,0,2,1,1,3,2,5,2,2,1
36456,1,8,4,4,1,17,12,1,7,4,12,1,2,2,1,0,2,3,1,2,2,5,2,4,1
4069,0,6,7,2,1,2,13,2,7,2,10,1,2,2,1,0,1,1,1,1,2,3,2,3,1
1098,1,4,5,4,1,9,13,1,8,4,2,1,2,2,1,0,2,3,1,3,2,3,2,3,1
20979,0,6,4,3,5,18,1,1,8,1,8,1,2,2,1,0,1,1,1,1,2,3,2,2,1
29544,0,5,3,2,4,22,2,3,2,1,8,1,3,3,4,0,1,3,1,1,2,3,2,2,1
20022,0,9,6,4,1,11,12,1,2,6,7,1,2,2,1,0,1,2,1,1,2,3,2,3,1
9016,0,7,1,4,5,16,1,1,10,1,5,8,2,3,4,0,1,1,1,1,3,3,2,4,1
2627,1,4,1,4,4,18,13,1,7,1,7,1,2,3,4,0,1,1,1,1,2,3,2,2,1
18046,0,6,2,4,1,18,18,1,2,4,8,1,2,2,1,0,2,1,1,3,2,3,2,2,1
24798,0,5,7,2,5,11,1,1,1,2,6,1,2,3,1,0,8,2,1,1,2,3,2,2,1
7198,1,5,6,4,1,2,13,3,7,4,4,7,2,2,1,0,2,3,1,2,2,3,2,2,1
14731,1,4,6,4,1,24,8,2,10,5,6,1,2,2,1,0,1,1,1,1,2,5,2,3,1
20250,0,4,3,3,1,13,13,1,8,4,7,1,2,2,1,0,8,2,1,1,2,5,2,2,1
8815,1,9,1,4,1,14,13,1,7,4,10,1,2,2,1,0,2,1,1,2,2,3,2,2,1
18062,1,5,1,4,1,23,13,3,8,4,8,1,2,2,1,0,2,1,1,2,2,3,2,2,1
28702,1,5,1,2,1,15,18,1,7,6,7,8,2,2,1,0,1,1,1,1,3,3,2,2,1
11069,0,8,1,4,1,22,13,3,7,4,1,1,2,2,1,0,8,3,1,1,2,3,2,2,1
9868,0,10,7,4,1,15,13,1,8,2,10,1,2,2,1,0,3,1,1,1,2,3,3,2,1
24251,1,9,5,4,1,20,13,5,2,4,4,1,2,2,1,0,2,1,1,3,2,5,2,2,1
15561,0,6,3,4,1,21,13,2,7,2,8,1,2,2,1,0,1,3,1,1,2,4,2,3,1
36361,0,3,7,4,1,17,2,1,8,4,8,7,2,2,1,0,2,1,1,2,2,3,2,2,1
21564,0,8,5,4,5,18,1,1,2,1,10,1,2,2,1,0,1,2,1,1,2,4,2,4,1
3446,1,6,6,4,1,21,13,3,10,4,8,1,2,2,1,0,4,1,1,1,2,5,2,2,1
16961,1,11,4,4,5,18,1,1,2,1,10,8,2,2,1,0,3,3,1,4,3,3,2,2,1
10377,0,3,4,3,5,19,1,2,2,1,1,1,3,2,1,0,1,2,1,1,2,3,3,4,1
28876,0,8,7,4,5,22,1,2,4,5,10,1,2,3,1,0,1,3,1,1,2,7,2,4,1
7311,1,10,6,4,1,10,13,1,4,3,9,1,2,2,1,0,8,1,1,1,2,4,2,2,1
7851,1,6,1,4,1,16,13,1,10,4,10,1,2,2,1,0,8,2,1,1,2,5,2,2,1
11662,1,7,1,4,3,16,13,5,7,1,10,1,2,3,4,0,1,3,1,1,2,3,2,2,1
5756,0,4,5,3,5,9,1,1,2,1,11,7,3,2,1,0,1,1,1,1,2,6,2,4,1
32483,0,2,6,2,5,16,1,1,2,1,5,1,2,2,1,0,1,4,1,1,2,4,2,4,3
4726,1,4,7,4,1,13,13,1,2,3,7,7,2,2,1,0,1,1,1,1,2,3,2,2,1
18734,1,7,6,4,1,21,13,2,10,1,7,1,2,2,1,0,1,3,1,1,2,3,3,2,1
24507,0,12,7,3,5,14,1,1,4,1,6,1,3,2,1,0,1,1,1,1,2,6,2,3,1
3938,1,8,6,4,1,22,7,3,2,2,8,2,2,2,1,0,1,3,1,1,2,3,2,2,1
1611,1,7,3,4,5,14,1,1,7,1,11,8,2,3,5,0,1,1,1,1,4,3,3,2,1
11008,1,10,4,4,5,15,1,1,7,1,2,1,2,2,1,0,1,3,1,1,2,3,2,2,1
23877,1,6,3,4,5,18,1,1,4,1,7,1,3,2,1,0,8,3,1,1,2,5,2,5,1
9936,0,5,4,3,1,21,13,2,7,1,6,1,2,2,1,0,1,3,1,1,2,3,2,2,1
792,1,4,4,3,5,15,1,1,6,1,12,1,3,2,1,0,3,2,1,2,2,3,2,2,1
23186,0,8,4,4,1,8,13,1,2,2,8,1,2,2,1,0,1,2,1,1,2,6,2,4,1
22028,0,9,5,4,5,15,1,1,7,1,12,1,3,2,1,0,1,1,1,1,2,5,2,4,1
12367,0,8,7,4,1,14,1,1,7,1,5,8,2,2,1,0,2,2,1,2,4,5,2,5,1
9644,1,3,1,3,5,2,1,2,10,1,10,8,2,2,1,0,1,3,1,1,4,3,2,2,1
10524,0,8,6,4,1,23,7,2,7,2,6,1,2,2,1,0,1,2,1,1,2,4,2,4,1
22650,0,8,7,2,1,11,13,1,1,4,10,4,2,2,1,0,2,3,1,2,2,3,2,2,1
2359,1,8,4,4,5,16,1,1,7,1,6,8,2,3,8,1,5,2,1,1,3,2,2,7,1
19964,1,7,7,4,1,24,13,2,7,1,7,1,3,2,1,0,1,3,1,1,2,3,2,2,1
1522,1,5,6,4,1,6,13,2,4,1,5,8,2,2,1,0,1,1,1,1,3,3,2,2,1
11424,0,11,1,4,1,15,13,1,7,4,11,1,2,2,1,0,1,1,1,1,2,3,2,2,1
7074,1,8,3,2,4,14,13,1,2,1,7,1,2,3,4,0,1,3,1,1,2,3,2,2,1
384,0,9,7,4,1,12,13,1,2,3,1,1,2,2,1,0,1,2,1,1,2,3,2,4,1
4609,0,5,7,3,1,2,13,3,7,3,12,1,2,6,1,0,1,3,1,1,2,3,2,2,1
18770,1,7,2,4,5,2,1,3,4,1,7,1,2,2,1,0,1,3,1,1,2,3,2,2,1
13265,0,3,1,4,5,11,1,1,2,1,10,7,2,2,1,0,1,1,1,1,4,3,2,2,1
13991,1,7,6,3,1,14,13,1,7,1,7,1,2,2,1,0,1,3,1,1,2,3,2,6,1
5345,1,10,6,4,4,12,13,1,2,1,12,8,2,3,4,0,1,3,1,1,4,3,2,2,1
7580,0,6,4,4,1,16,13,1,2,4,2,7,2,2,1,0,2,1,1,2,2,3,2,2,1
21984,0,4,6,4,1,17,13,1,2,5,5,1,3,2,1,0,1,1,1,1,2,5,2,4,1
9935,1,9,1,4,1,12,13,1,7,2,6,1,2,2,1,0,2,3,1,3,2,3,2,2,1
21078,0,4,6,4,1,6,7,3,8,1,5,8,3,3,6,1,5,2,1,1,4,3,2,7,1
12579,0,8,7,4,1,21,10,3,4,5,10,1,2,2,1,0,2,3,1,3,2,3,2,2,1
23349,0,8,3,2,1,16,7,1,7,2,6,5,2,2,1,0,1,3,1,1,2,4,2,4,1
14126,0,5,7,2,5,19,1,2,7,3,1,8,2,2,1,0,1,3,2,1,3,3,2,2,1
10329,0,6,2,4,1,14,4,1,4,1,9,1,2,2,1,0,1,2,1,1,2,3,2,2,1
13856,1,4,3,3,1,19,18,5,10,5,7,1,3,2,1,0,1,2,1,1,2,2,2,6,1
1806,1,12,6,4,1,12,13,1,1,4,9,1,2,2,1,0,2,2,1,3,2,3,2,2,1
13094,1,3,5,4,1,8,13,1,8,3,9,1,2,2,1,0,2,2,1,3,2,3,2,2,1
5357,0,6,6,4,1,20,1,3,2,1,1,1,2,2,1,0,1,2,1,1,2,5,2,5,1
8366,0,4,4,1,1,21,8,2,10,1,8,1,2,2,1,0,1,3,1,1,2,3,2,2,1
15138,0,7,7,4,4,24,15,2,2,1,1,8,2,3,4,0,1,3,1,1,4,3,2,2,1
6591,0,6,1,2,1,23,7,2,4,2,10,1,2,2,1,0,1,1,1,1,2,3,2,2,1
9942,1,8,4,3,1,19,13,1,10,1,7,1,2,2,1,0,1,3,1,1,2,3,2,2,1
10062,1,7,4,4,1,11,4,1,7,4,6,1,2,2,1,0,8,1,1,1,2,3,2,2,1
15860,0,12,2,4,1,11,13,1,2,1,6,8,3,3,4,0,1,1,1,1,4,3,2,2,1
7738,1,10,7,4,5,17,13,1,7,1,7,8,2,3,4,0,1,1,1,1,4,3,2,2,1
11944,0,7,1,4,1,12,1,1,7,1,9,1,3,3,2,0,1,3,1,1,2,3,2,2,1
31574,0,6,2,3,1,17,6,5,7,5,11,1,2,2,1,0,1,3,1,1,2,3,2,4,1
18398,1,8,6,4,1,16,13,1,7,3,8,1,3,2,1,0,1,3,1,1,2,3,3,2,1
29713,0,5,4,2,1,15,13,1,10,4,5,1,2,2,1,0,8,4,1,1,2,4,2,3,1
13996,1,3,3,4,1,19,13,2,8,1,9,1,2,2,1,0,3,3,1,3,2,3,2,2,1
2423,1,9,7,4,1,14,13,1,7,2,9,1,2,2,1,0,1,2,1,1,2,3,2,2,1
11066,0,11,2,4,1,15,7,1,8,2,1,7,2,2,1,0,2,3,1,3,2,3,2,2,1
11499,1,2,1,4,1,21,1,2,2,1,3,1,2,3,4,0,3,1,1,3,2,3,2,2,1
15323,0,9,2,4,5,15,1,1,7,1,6,8,2,3,4,0,1,3,1,1,4,3,2,3,1
4651,0,8,5,4,4,17,13,1,10,1,6,8,2,3,6,0,1,1,1,1,3,3,2,2,1
27294,0,7,5,3,5,15,1,1,2,1,9,7,2,2,1,0,1,3,1,1,2,3,2,2,1
9728,1,9,4,4,1,23,13,3,3,3,6,1,2,2,1,1,2,1,1,3,2,3,2,2,1
13133,0,5,7,4,1,21,13,2,4,4,4,1,2,2,1,0,2,1,1,3,2,3,2,2,1
21115,0,8,5,4,1,11,19,1,4,5,8,7,2,2,1,0,1,2,1,1,2,4,2,3,1
9682,1,10,2,2,1,17,13,5,7,4,12,8,2,2,1,0,8,3,1,1,2,5,2,2,1
31899,0,7,1,2,4,17,13,1,2,1,7,1,2,3,4,0,1,4,1,1,2,3,2,2,1
17764,1,11,5,3,1,10,13,1,9,4,10,1,3,2,1,0,2,1,1,2,2,5,2,3,1
2208,0,8,6,4,1,14,13,1,8,1,7,8,2,3,6,0,1,3,1,1,4,3,2,2,1
18108,1,8,1,4,1,10,13,1,8,4,11,1,2,2,1,0,8,2,1,1,2,3,2,2,1
30226,1,4,3,4,1,12,13,1,10,4,8,1,2,2,1,0,3,3,1,2,2,4,2,5,1
8163,1,4,6,4,1,8,13,1,4,4,6,1,2,2,1,0,2,1,1,2,2,3,2,3,1
8351,0,8,1,4,1,14,13,1,7,3,7,8,2,2,1,0,1,3,1,1,3,3,2,2,1
5642,0,3,1,2,5,13,1,1,2,1,10,8,2,2,5,0,1,2,1,1,3,3,2,2,1
18315,0,8,1,3,5,19,7,1,2,1,5,8,2,3,4,0,1,3,1,1,4,3,8,2,1