id,Severity,age_classes,day_week,DEFORMED_classes,m_harm_classes,hour,impact1_classes,lgt_cond,make,man_coll,month,p_crash1,pcrash4,pcrash5,rel_road,reljct1,reljct2,rest_use,sex,typ_int,valign,vnum_lan,vsurcond,vtrafway,weather_classes
7581,0,9,5,4,5,18,1,2,7,1,2,8,2,2,1,0,1,1,1,1,4,3,2,2,1
31421,0,4,1,2,1,16,13,1,2,2,3,5,2,2,1,0,1,4,1,1,2,5,2,4,1
16764,1,3,7,4,5,15,13,1,10,2,7,8,2,2,1,0,1,3,1,1,2,3,2,2,1
25172,1,3,5,4,1,16,13,1,8,4,6,1,2,2,1,0,8,1,1,1,2,3,2,3,1
28172,0,4,2,4,4,19,20,1,2,5,6,8,2,2,1,1,12,1,2,1,3,3,2,4,1
17624,1,4,4,4,1,21,10,2,2,5,6,6,2,2,1,1,5,1,1,1,3,2,2,7,1
2925,1,4,3,4,1,17,13,1,4,4,4,1,2,2,1,0,2,1,1,3,2,3,2,2,1
32601,1,5,3,4,1,17,13,1,10,2,8,1,2,2,1,0,1,3,1,1,2,4,2,3,1
2080,0,6,7,4,4,21,13,2,7,1,8,8,2,3,4,0,1,3,2,1,4,3,2,2,1
25840,0,7,3,4,1,18,22,1,2,1,7,8,2,2,1,0,2,3,1,2,2,3,2,2,1
16266,0,8,1,4,5,22,1,2,7,1,7,1,3,2,1,0,1,3,1,1,2,3,2,2,1
10590,1,10,7,4,5,15,1,1,7,1,6,1,3,2,1,0,3,1,1,2,2,3,2,3,1
33217,0,5,4,4,5,9,1,1,4,1,3,8,2,2,1,0,3,4,1,2,2,4,2,6,1
6600,0,7,5,4,3,2,13,2,7,1,11,8,2,3,3,0,2,2,1,2,4,3,2,4,1
36631,1,4,4,4,4,11,13,1,8,1,9,8,2,3,3,0,5,4,1,1,3,2,2,7,3
7645,1,6,3,4,1,24,13,3,8,4,7,1,2,2,1,0,4,1,1,1,2,5,2,5,1
6391,0,7,6,4,1,22,13,2,10,3,12,1,2,2,1,0,1,1,1,1,2,3,2,4,1
29850,0,5,7,2,1,15,2,1,8,5,4,7,2,2,1,0,1,4,1,1,2,4,2,4,1
20747,1,5,6,3,1,17,13,1,1,4,7,8,2,2,1,0,2,1,1,2,2,3,2,3,1
3112,1,6,5,4,5,11,13,1,8,1,3,8,2,3,4,0,1,1,1,1,4,3,2,2,1
15042,0,8,6,4,1,14,13,1,7,3,3,8,3,2,1,0,1,1,1,1,3,3,2,2,1
4030,0,7,7,4,1,3,13,2,7,4,6,8,2,2,1,1,5,1,1,1,4,2,2,7,1
15309,0,3,6,4,1,18,13,1,2,1,4,7,2,3,4,0,1,3,1,1,2,3,2,2,1
20653,0,5,5,3,1,18,2,3,4,5,12,7,2,2,1,0,1,1,1,1,2,7,2,4,1
19979,1,8,5,1,5,18,1,1,2,1,8,8,3,2,1,0,8,2,2,1,2,3,2,2,1
34497,0,5,7,4,1,11,21,1,11,4,8,8,2,2,1,0,2,4,1,2,2,6,2,4,1
5223,1,4,4,4,1,22,13,3,4,4,8,1,2,2,1,0,2,1,1,2,2,5,2,5,1
15918,1,4,5,4,1,21,13,3,8,3,10,1,2,2,1,0,2,1,1,2,2,5,2,5,1
6200,1,4,4,4,1,11,13,1,10,4,4,1,2,2,1,0,2,1,2,2,2,5,2,2,1
24578,0,9,3,3,1,18,7,3,7,2,1,1,2,2,1,0,1,3,1,1,2,4,2,4,1
11293,0,4,3,4,5,4,13,3,8,2,8,1,2,2,1,0,1,1,1,1,2,4,2,4,1
6929,0,6,7,4,1,16,13,1,2,3,9,8,2,2,1,0,1,1,1,1,4,3,2,2,1
5565,1,9,1,3,5,14,13,1,7,2,8,1,3,2,1,0,8,2,1,1,2,5,2,2,1
3644,0,8,6,3,5,21,15,2,3,1,5,8,2,3,4,0,1,3,1,1,4,3,2,2,1
10403,1,10,2,4,5,15,1,1,7,1,2,1,3,2,1,0,2,2,1,2,2,3,2,3,1
15666,1,10,6,4,1,22,13,3,4,4,3,1,2,2,1,0,2,2,1,2,2,5,2,2,1
18368,0,8,1,4,1,14,13,1,7,3,7,8,2,2,1,0,1,3,1,1,3,3,2,2,1
18684,0,3,5,4,5,11,1,1,10,1,5,7,2,2,1,0,1,1,1,1,3,3,2,6,1
8667,0,3,5,4,5,11,1,1,10,1,5,7,2,2,1,0,1,1,1,1,3,3,2,6,1
28328,0,6,7,4,5,9,1,1,4,1,6,6,2,3,8,1,5,1,1,1,2,4,2,4,1
14648,1,8,1,2,5,6,1,2,4,1,3,1,2,3,2,0,1,1,1,1,2,5,3,3,1
3258,0,4,2,4,1,18,13,3,10,1,11,1,2,2,1,0,1,1,1,1,2,5,2,2,1
7555,0,4,5,4,1,21,13,2,4,4,7,1,2,2,1,0,2,1,1,3,2,3,2,2,1
21091,0,4,5,2,1,17,13,1,10,2,6,1,2,2,1,0,1,2,1,1,2,6,2,4,1
17660,1,9,7,4,1,10,1,1,10,1,8,1,2,2,1,0,3,1,1,1,2,5,2,2,1
31773,0,4,1,4,5,16,1,1,8,1,10,1,2,2,1,0,1,4,1,1,2,5,2,2,1
36588,0,5,2,4,1,16,13,1,7,4,7,1,2,2,1,0,8,4,1,1,2,3,2,2,2
4000,1,6,5,3,1,21,13,2,2,1,4,8,2,3,4,0,1,1,1,1,3,3,2,2,1
17156,0,6,7,3,1,10,12,1,7,4,4,1,2,2,1,0,2,2,1,2,2,3,2,3,1
10753,1,9,3,4,1,14,13,1,7,3,11,1,2,2,1,0,1,1,1,1,2,3,2,2,1
15430,1,7,3,3,1,17,18,1,10,5,3,7,2,2,1,0,1,2,1,1,2,3,2,5,1
25913,0,4,5,1,5,17,1,1,8,1,6,7,2,2,1,0,3,2,1,2,2,3,2,2,1
2725,0,6,4,4,1,11,13,1,2,4,7,1,3,2,1,0,2,1,1,2,2,3,2,2,1
17052,1,6,1,4,1,18,13,2,4,2,9,1,2,2,1,0,3,2,1,2,2,5,2,5,1
3218,0,6,5,4,1,20,13,3,2,3,9,8,2,2,1,0,1,3,1,1,3,3,3,2,1
23201,0,4,3,2,1,9,13,1,4,4,8,8,2,2,1,1,2,1,1,2,2,5,2,2,1
20878,0,11,5,4,5,5,1,4,2,1,7,8,2,2,1,0,1,1,1,1,2,3,2,6,1
32969,0,6,7,2,1,14,13,1,7,2,8,1,3,2,1,0,8,4,1,1,2,6,2,5,1
8960,0,8,5,4,1,19,13,2,7,3,11,8,2,2,1,0,1,3,1,1,4,3,2,2,1
19589,1,4,6,3,2,15,13,1,2,1,11,3,2,3,4,0,3,3,2,3,2,3,2,2,1
16319,1,9,6,4,2,15,13,1,7,1,9,1,2,2,1,0,1,3,1,1,2,3,2,4,1
31995,1,4,6,4,1,22,13,3,2,4,12,8,2,2,1,0,2,3,1,2,2,5,2,5,1
23081,1,5,6,4,1,23,13,2,2,4,7,7,2,2,1,0,2,3,1,3,2,3,2,2,1
33693,0,9,2,2,5,16,1,1,7,1,9,8,3,2,1,0,1,3,1,1,4,3,2,2,1
14985,0,7,1,3,1,14,13,1,7,1,8,8,2,2,1,0,1,3,1,1,4,3,2,2,1
22907,0,7,7,4,1,3,13,2,7,1,11,1,2,2,1,0,1,2,1,1,2,3,2,2,1
2999,1,6,7,4,1,16,13,1,4,4,7,1,2,2,1,0,1,1,1,1,2,5,2,2,1
33788,0,5,6,4,5,19,1,2,8,1,9,1,2,3,4,0,1,4,1,1,2,3,2,4,1
7279,0,8,3,4,1,19,10,1,2,4,8,1,2,2,1,0,2,2,1,2,2,3,2,3,1
31317,0,7,7,2,1,20,13,3,7,2,5,1,2,2,1,0,1,3,1,1,2,7,2,2,1
7527,0,4,1,4,1,21,13,3,4,4,4,1,2,2,1,0,2,1,1,3,2,3,2,2,1
8191,1,4,3,4,1,11,13,1,10,4,7,1,2,2,1,0,3,1,1,1,2,5,2,2,1
30567,1,4,7,4,5,2,1,2,10,1,5,1,2,3,3,0,1,3,1,1,3,3,2,3,1
24185,1,7,5,4,1,24,7,3,3,2,7,1,2,2,1,0,1,1,1,1,2,3,2,4,1
36602,0,4,6,4,1,22,7,3,4,2,8,2,2,2,1,0,2,4,1,2,2,3,2,2,2
24751,0,4,7,2,5,16,1,1,8,1,2,8,3,2,1,0,2,2,1,6,4,2,2,6,1
15759,0,3,1,4,1,6,13,4,2,1,4,8,2,3,4,1,5,2,1,1,3,2,2,7,1
3808,1,10,6,4,1,13,13,1,2,4,10,1,2,2,1,0,2,1,1,2,2,3,2,2,1
9911,1,8,6,4,1,15,13,1,7,4,4,8,2,2,1,0,2,3,1,3,3,3,2,2,1
5154,0,12,4,4,1,11,13,1,2,3,4,8,2,2,1,0,1,1,1,1,4,3,2,2,1
3398,1,9,6,4,5,10,1,1,7,1,8,8,3,3,4,0,1,3,1,1,4,3,2,2,1
3135,0,7,3,4,1,17,13,1,2,4,5,1,2,2,1,0,2,1,1,2,2,3,2,2,1
20593,0,6,7,4,1,13,13,1,7,2,7,1,2,2,1,0,2,3,1,2,2,3,2,2,1
19115,1,6,7,4,4,18,4,2,2,1,10,8,2,3,4,0,1,2,1,1,4,3,2,2,1
31054,1,8,5,4,1,19,10,3,7,1,2,1,2,3,3,1,5,4,1,1,3,3,2,6,1
8407,1,9,6,4,5,10,1,1,7,1,8,8,3,3,4,0,1,3,1,1,4,3,2,2,1
25103,0,3,5,4,1,17,10,1,8,7,10,7,2,2,1,0,1,1,1,1,2,5,2,6,1
20240,0,10,3,2,1,9,13,1,7,2,7,5,2,2,1,0,3,1,1,2,2,6,2,5,1
3716,1,7,7,4,1,18,13,1,7,4,7,1,2,2,1,0,8,3,1,1,2,5,2,2,1
6033,1,7,7,4,5,19,1,2,7,2,3,1,2,3,1,0,1,3,1,1,2,3,2,2,1
35769,1,10,1,4,1,14,12,1,10,5,2,7,2,2,1,0,1,3,1,1,2,5,2,4,1
22950,0,3,6,4,5,10,1,1,4,1,6,8,2,2,1,0,3,2,1,2,2,3,3,2,1
24014,0,5,1,2,1,21,8,3,2,5,4,8,2,2,1,0,2,1,2,2,2,3,2,2,1
22694,0,8,7,4,1,2,11,3,2,6,3,5,2,2,1,0,3,3,1,2,2,4,2,3,1
33340,0,10,1,4,1,18,13,1,7,1,6,8,3,3,4,0,1,3,1,1,4,3,2,4,1
6385,1,8,6,4,1,14,13,1,3,4,10,1,2,2,1,0,2,3,1,2,2,3,2,2,1
12656,1,7,1,4,1,13,13,1,7,2,10,1,2,2,1,1,12,1,1,1,2,4,2,4,1
29607,0,7,2,4,5,24,1,3,2,1,7,1,3,2,1,0,1,3,1,1,2,5,2,3,1
10207,1,5,6,4,1,23,13,2,2,4,7,7,2,2,1,0,2,3,1,3,2,3,2,2,1
13438,1,7,3,4,5,18,1,1,6,1,10,1,2,3,2,0,1,1,1,1,2,3,2,4,1
783,0,4,4,4,1,23,1,3,6,1,12,1,3,2,1,0,2,2,1,2,2,5,2,2,1
1846,1,5,7,4,1,16,4,1,7,4,4,1,2,2,1,0,2,3,1,2,2,4,2,2,1
28458,0,11,5,2,5,15,1,1,2,1,6,1,3,2,1,0,2,1,1,2,2,3,2,3,1
14316,1,11,6,3,1,14,13,1,2,4,6,1,2,2,1,0,8,3,1,1,2,5,2,5,1
18644,1,4,7,3,1,14,13,1,4,1,3,1,3,2,1,0,2,1,1,2,2,3,2,2,1
3781,0,7,6,4,1,16,13,1,7,3,7,8,2,2,1,0,1,2,1,1,4,3,2,2,1
8076,1,6,7,4,1,19,13,3,7,4,10,8,2,2,1,0,8,1,1,1,4,3,2,2,1
9807,0,5,1,4,1,6,13,2,4,1,4,8,2,3,5,0,2,1,1,3,4,3,2,2,1
984,0,4,4,4,1,20,13,2,10,1,2,1,2,2,1,1,5,1,1,1,2,2,2,7,1
11003,0,4,6,4,1,18,13,5,3,2,2,1,2,2,1,0,8,3,1,1,2,3,2,2,1
8037,1,8,5,4,1,17,13,1,10,4,8,1,2,2,1,0,8,1,1,1,2,3,2,3,1
31909,0,8,7,3,1,15,13,1,7,4,8,8,2,2,1,0,2,1,1,3,2,2,2,4,1
10817,1,5,1,3,1,15,15,1,7,1,12,8,3,3,3,0,1,2,1,1,3,3,2,3,1
11675,0,3,7,4,5,21,13,2,8,1,9,8,2,3,5,0,1,3,1,1,4,3,2,2,1
6749,0,5,5,4,5,1,7,2,7,2,7,1,2,2,1,0,1,3,1,1,2,3,2,3,1
5487,1,4,2,4,1,17,13,1,8,3,5,1,2,2,1,0,2,1,1,2,2,3,2,2,1
7626,1,8,4,4,5,20,1,1,7,1,7,7,2,3,3,0,1,1,1,1,3,3,2,4,1
16094,0,7,7,4,1,3,13,3,7,3,4,1,2,2,1,0,1,3,1,1,2,4,2,3,1
3488,1,10,4,4,1,20,13,3,7,4,4,1,2,2,1,0,2,3,1,2,2,5,2,2,1
7481,1,5,6,3,1,10,12,1,10,1,7,1,2,2,1,0,1,3,2,1,2,3,2,2,1
10112,0,5,6,4,1,22,13,3,10,4,3,1,2,2,1,0,8,1,1,1,2,3,2,2,1
18170,1,10,5,4,5,4,1,2,7,1,6,8,2,2,1,0,1,1,1,1,3,3,2,2,1
6906,0,8,5,4,1,15,10,1,7,4,8,8,2,2,1,0,2,3,1,2,2,5,2,4,1
26776,0,8,5,3,1,20,4,2,7,5,9,1,2,2,1,0,1,3,1,1,2,5,2,5,1
18243,0,8,7,4,1,7,4,1,3,4,9,1,2,2,1,0,1,1,1,1,2,3,2,2,1
10389,0,11,7,2,4,20,13,2,7,1,2,8,2,3,4,0,1,2,1,1,4,3,2,2,1
10016,0,5,2,4,1,19,13,5,2,4,9,1,2,2,1,1,2,3,1,3,2,3,2,2,1
20933,0,11,7,2,1,14,13,1,2,2,11,2,2,2,1,0,1,1,1,1,2,3,2,2,1
889,1,4,6,4,1,21,22,3,10,4,9,8,2,2,1,0,2,3,1,2,2,3,2,3,1
1439,1,7,6,4,5,19,1,2,7,1,12,1,2,2,1,0,1,3,1,1,2,3,2,2,1
4697,1,10,1,4,1,12,13,1,7,3,4,8,2,2,1,0,1,1,1,1,3,3,2,2,1
13614,1,10,2,4,1,19,13,5,1,3,8,1,2,2,1,0,1,1,1,1,2,3,2,2,1
3113,1,4,7,4,1,1,13,2,4,4,4,7,2,2,1,0,8,1,1,1,2,3,2,2,1
7420,1,5,1,4,5,3,12,2,2,1,8,8,2,3,4,0,1,2,1,1,4,3,2,2,1
16576,1,10,6,4,1,13,13,1,2,2,8,1,2,2,1,0,2,1,1,2,2,5,2,2,1
29473,1,8,6,4,1,23,13,2,7,3,9,1,2,2,1,0,1,3,1,1,2,3,2,2,1
35092,1,5,1,4,1,16,19,1,8,4,9,8,2,2,1,0,2,4,1,2,2,3,2,2,1
4879,0,8,2,4,5,19,1,1,7,1,6,8,2,2,1,0,1,1,1,1,3,3,2,2,1
1819,0,3,2,4,1,11,13,1,4,4,10,1,3,2,1,0,8,2,1,1,2,3,2,2,1
24357,0,3,7,3,5,9,1,1,10,1,3,1,2,3,3,0,1,1,1,1,2,2,2,4,1
2000,1,4,2,4,5,18,1,1,8,1,5,8,2,3,4,0,1,3,1,1,3,3,2,2,1
26398,1,6,7,4,5,12,1,1,7,1,8,8,2,2,1,0,1,3,1,1,3,3,2,4,1
29879,1,3,1,4,1,23,13,3,10,4,11,1,2,2,1,0,2,3,1,2,2,5,2,2,1
16315,0,10,4,4,1,9,2,1,7,4,9,1,2,2,1,1,2,3,2,2,2,3,2,2,1
16382,1,5,3,4,1,7,13,4,4,4,10,1,2,2,1,0,2,1,1,2,2,3,2,2,1
29533,0,8,3,2,1,16,22,1,7,4,8,1,2,2,1,0,8,4,1,1,2,5,2,2,1
1629,1,4,7,4,1,13,13,1,7,3,4,8,2,2,1,0,1,3,2,1,4,3,2,2,1
12633,0,5,6,4,1,16,13,1,3,4,8,1,2,2,1,0,2,1,1,3,2,3,3,2,1
20889,0,5,4,4,1,8,7,2,10,2,7,1,2,2,1,0,1,2,1,1,2,3,2,2,1
23745,0,2,4,4,1,7,13,1,8,2,12,8,2,2,1,0,1,1,1,1,3,7,2,4,1
3617,1,10,3,4,1,17,13,1,7,4,3,1,3,2,1,0,2,3,1,2,2,3,2,2,1
34646,0,3,2,4,1,20,13,2,10,3,8,1,2,2,11,0,3,4,1,2,2,4,2,5,1
13894,1,7,2,4,1,19,7,1,4,2,5,1,2,2,1,0,1,3,1,1,2,3,2,3,1
14977,0,9,4,4,1,15,13,1,2,3,8,8,2,2,1,0,1,3,1,1,4,3,2,2,1
16246,0,7,4,4,1,17,13,1,4,2,6,7,2,2,1,0,1,3,1,1,2,4,2,3,1
2700,1,4,7,4,1,16,13,1,4,4,7,1,2,2,1,0,2,1,1,2,2,3,2,2,1
1099,0,6,1,4,1,23,13,3,7,4,4,1,2,2,1,0,2,3,1,2,2,3,2,3,1
35361,0,7,2,4,5,16,1,1,2,1,8,1,3,2,1,0,8,1,1,1,2,3,2,2,1
2832,1,10,7,4,3,13,15,1,7,1,8,8,3,3,4,1,5,2,1,1,3,2,2,7,1
30641,0,10,2,2,5,16,1,1,7,1,8,1,2,3,2,0,1,3,1,1,2,3,2,2,1
23493,0,8,4,2,1,16,7,1,7,2,8,2,2,2,1,0,3,2,1,3,2,3,2,3,1
8232,0,11,4,4,5,11,1,1,7,1,9,1,2,2,1,0,2,1,1,3,2,3,2,2,1
20800,0,4,7,4,1,20,13,3,2,4,9,1,2,2,1,0,2,2,1,2,2,3,2,6,1
22678,0,7,6,2,1,19,22,3,6,5,2,7,2,2,1,0,1,3,1,1,2,4,2,4,1
7943,0,4,2,4,1,13,13,1,10,4,5,7,2,2,1,0,4,1,1,1,2,3,2,2,1
8030,0,6,5,4,1,2,13,3,10,1,8,8,2,3,4,0,1,1,1,1,3,3,2,2,1
15331,0,7,3,4,1,14,13,1,8,4,8,1,3,3,2,0,8,2,1,1,2,3,2,2,1
3094,1,5,6,3,1,20,13,5,4,4,7,1,2,2,1,0,1,1,1,1,2,3,2,2,1
16107,0,5,1,4,1,4,13,2,7,1,5,8,2,3,4,0,1,3,1,1,4,3,2,2,1
14854,0,4,6,4,1,15,13,1,4,4,8,1,2,2,1,0,2,1,1,2,2,5,2,5,1
12963,1,7,1,4,1,12,10,1,7,4,6,1,2,2,1,0,2,1,1,3,2,3,2,2,1
16029,1,9,1,4,1,15,7,1,1,2,2,5,2,2,1,0,3,1,1,2,2,4,2,3,1
15144,0,9,7,4,5,12,1,1,9,1,2,8,2,3,2,0,1,1,1,1,4,3,2,4,1
4927,1,9,1,4,1,12,13,1,7,2,6,1,2,2,1,0,2,3,1,3,2,3,2,2,1
11597,1,3,4,4,5,19,1,5,2,1,10,8,2,3,3,0,1,1,1,1,3,3,2,4,1
13274,1,4,1,4,5,1,1,3,10,1,6,1,2,3,4,0,1,1,1,1,2,5,2,3,1
22956,0,6,7,4,1,12,13,1,7,2,6,5,2,2,1,1,12,3,1,1,2,3,2,4,1
22869,1,4,5,4,1,22,13,3,8,2,8,1,2,2,1,1,11,3,1,1,2,5,2,4,1
17107,1,4,2,4,1,8,13,1,4,3,8,8,2,2,1,0,1,1,1,1,3,3,2,2,1
8823,0,7,6,2,1,17,7,1,7,1,11,2,2,2,1,0,1,3,1,1,2,3,2,2,1
24304,0,8,1,2,5,11,1,1,11,1,1,1,3,2,1,0,1,2,1,1,2,3,9,3,3
5568,0,3,3,4,5,10,13,1,8,2,8,7,2,2,1,1,12,2,1,1,2,5,2,4,1
7072,0,6,7,4,1,13,12,1,10,6,7,8,2,2,1,0,1,1,1,1,3,3,2,2,1
17372,1,8,1,3,1,13,4,1,7,5,5,1,2,2,1,1,12,2,1,1,2,6,2,4,1
28570,0,6,1,4,1,2,13,3,4,2,7,1,2,2,1,0,3,3,1,2,2,7,2,5,1
7658,0,2,1,4,5,2,13,2,10,1,11,8,2,2,1,0,1,1,1,1,3,3,2,4,1
1538,0,4,5,4,1,13,13,1,2,4,7,1,2,2,1,0,2,2,1,2,2,3,2,2,1
31833,1,13,6,2,1,17,12,1,2,5,4,8,2,2,1,0,2,3,1,2,2,5,2,4,1
2773,1,4,7,4,1,18,13,1,4,4,5,1,2,2,1,0,2,2,1,2,2,3,8,2,1
3021,0,6,5,4,1,2,13,3,10,1,8,8,2,3,4,0,1,1,1,1,3,3,2,2,1
2955,1,4,5,4,1,10,13,1,2,4,5,1,2,2,1,0,2,1,1,3,2,3,2,2,1
25105,0,7,7,4,1,11,5,1,7,5,10,1,2,2,1,0,1,1,1,1,2,3,2,3,1
15206,0,12,7,4,5,22,15,2,4,1,6,1,2,3,4,0,1,1,1,1,2,3,2,3,1
10431,1,5,5,4,1,13,13,1,2,2,3,1,2,2,1,0,1,2,1,1,2,7,2,4,1
3371,1,7,4,3,3,20,4,5,2,1,7,1,3,3,5,0,1,3,1,1,2,3,2,2,1
20192,0,4,6,3,1,13,13,1,3,2,7,1,2,2,1,0,1,2,1,1,2,5,2,4,1
13778,0,6,7,3,1,22,13,2,7,1,8,8,2,3,5,0,1,3,1,1,3,3,2,2,1
26970,1,10,1,4,1,10,13,1,4,4,8,1,2,2,1,1,12,3,1,1,2,3,2,4,1
15180,0,9,1,4,1,13,13,1,7,3,4,8,2,2,1,0,1,3,1,1,3,3,2,2,1
19954,0,5,4,3,1,21,13,2,7,1,6,1,2,2,1,0,1,3,1,1,2,3,2,2,1
20839,0,2,3,4,5,21,1,2,4,1,4,1,2,3,4,0,1,1,1,1,2,3,2,2,1
15154,1,8,7,4,1,9,18,1,7,5,3,1,2,2,1,0,1,3,1,1,2,3,2,2,1
2458,1,5,4,3,1,16,13,1,2,2,5,1,2,2,1,0,1,3,1,1,2,4,2,4,1
14654,1,3,1,3,5,2,1,2,10,1,10,8,2,2,1,0,1,3,1,1,4,3,2,2,1
18339,1,4,6,4,1,15,7,1,4,7,6,8,2,2,1,0,4,1,1,1,5,5,2,2,1
18765,1,7,1,4,5,18,1,1,2,1,7,8,2,2,1,0,1,3,1,1,3,3,2,2,1
6582,1,4,5,4,5,12,1,1,4,1,9,1,3,2,1,0,1,1,1,1,2,3,2,2,1
17453,1,9,4,4,1,22,13,2,4,3,6,1,2,2,1,0,8,2,1,1,2,5,2,2,1
14695,1,7,1,4,1,20,13,3,7,3,9,1,2,2,1,0,2,3,1,3,2,5,2,5,1
15435,0,7,6,4,5,16,1,1,7,1,3,8,3,3,2,0,1,2,1,1,4,3,2,2,1
23226,0,4,4,2,1,7,13,1,10,2,11,7,2,2,1,0,1,1,1,1,3,3,2,3,1
1427,1,9,5,4,1,24,13,3,7,4,11,1,2,2,1,1,5,3,1,1,2,2,2,7,1
19488,0,7,5,4,1,2,13,2,8,2,9,7,2,2,1,0,1,2,1,1,2,5,2,4,1
921,1,8,4,4,1,18,13,1,7,4,6,1,2,2,1,0,2,3,1,4,2,3,3,2,4
680,1,5,1,4,1,13,13,1,4,2,9,1,2,2,1,0,3,1,1,3,2,3,2,2,1
19711,1,6,7,4,1,18,12,2,7,6,9,8,2,2,1,0,1,1,1,1,3,3,2,2,1
21348,0,6,4,4,1,11,13,1,4,4,2,1,2,2,1,0,8,3,1,1,2,5,2,5,1
18608,1,2,2,2,1,18,13,1,2,4,6,1,2,2,1,0,2,3,1,2,2,3,2,2,1
5862,0,3,1,4,1,20,13,2,10,1,7,1,2,3,4,0,1,1,1,1,2,3,2,2,1
13507,0,7,7,4,5,15,1,1,10,1,6,8,2,3,4,0,1,3,2,1,3,3,2,2,1
11515,1,4,6,4,1,7,13,1,10,4,4,1,3,2,1,0,2,1,1,2,2,5,2,5,1
14929,0,7,7,4,1,13,13,1,7,4,5,1,3,2,1,0,2,3,1,2,2,3,2,2,1
6279,1,3,1,4,1,13,13,1,8,4,8,1,2,2,1,0,2,1,1,3,2,3,2,3,1
20341,1,5,4,3,1,16,13,1,10,4,7,1,2,2,1,0,2,1,1,2,2,5,2,2,1
22325,0,5,6,3,1,15,13,1,2,4,5,5,2,2,1,0,3,3,1,2,2,3,2,4,1
30360,1,9,7,2,4,14,21,1,4,1,7,8,2,3,4,0,1,4,1,1,4,3,3,2,1
23844,0,4,3,2,1,19,13,1,10,2,6,1,2,2,1,0,1,2,1,1,2,3,2,2,1
12715,1,8,7,4,4,23,13,2,7,1,9,8,2,3,4,0,3,3,1,2,3,3,2,2,1
35590,0,2,3,3,1,18,13,1,2,4,7,1,2,2,1,0,1,1,1,1,2,3,2,2,1
21392,1,3,7,4,4,9,22,1,10,1,5,8,3,3,4,0,1,2,1,1,4,5,2,5,1
15422,1,6,3,4,1,23,15,2,8,1,3,1,2,3,4,0,1,2,1,1,4,3,2,2,1
15185,1,5,1,4,1,1,13,3,4,2,5,1,2,2,1,0,3,3,1,2,2,4,2,3,1
9981,0,10,2,3,5,11,1,1,7,1,8,1,2,2,1,0,2,3,1,2,2,3,2,2,1
13227,0,8,2,4,1,20,13,2,8,3,8,8,2,2,1,0,1,3,1,1,3,3,2,2,1
5121,1,7,1,4,1,14,13,1,7,2,1,1,3,2,1,0,1,3,1,1,2,5,2,4,1
10273,0,5,4,4,1,16,13,1,2,4,12,1,3,2,1,0,2,1,1,3,2,4,2,3,1
27122,0,4,7,4,1,15,13,1,4,2,6,2,3,2,1,0,3,3,1,2,2,5,2,2,1
24806,0,5,7,3,1,23,18,2,4,6,6,1,2,2,1,0,1,1,1,1,2,3,2,2,1
16855,1,5,5,4,5,8,1,1,2,1,9,1,3,2,1,0,1,3,1,1,2,3,2,2,1
710,0,10,6,4,1,5,13,2,10,2,10,1,2,2,1,0,1,1,1,1,2,3,2,5,1
401,0,9,2,4,1,5,13,3,1,4,3,1,2,2,1,0,1,2,1,1,2,5,3,4,1
26210,0,7,1,2,1,13,21,1,7,4,5,1,2,2,1,0,2,3,1,3,2,3,2,2,1
31550,0,9,5,4,1,17,13,1,7,4,6,1,2,2,1,0,2,3,1,2,2,3,2,2,1
18727,0,6,3,4,4,20,13,5,7,1,6,8,2,3,5,0,1,3,1,1,4,3,2,2,1
15741,0,4,2,4,1,17,13,1,10,4,9,1,2,2,1,0,2,2,1,2,2,3,2,2,1
31889,0,2,4,3,5,22,1,3,10,1,6,1,3,2,1,0,1,1,1,1,2,3,2,2,1
705,1,4,7,4,1,12,13,1,2,4,10,1,3,2,1,0,2,2,1,2,2,3,2,2,1
18983,0,8,7,4,1,18,13,2,7,3,11,7,2,2,1,0,1,3,1,1,2,3,2,2,1
20258,0,4,6,4,1,12,10,1,2,4,8,1,2,2,1,0,2,1,1,3,2,5,2,2,1
34833,0,6,5,4,5,1,1,3,7,1,8,7,2,2,1,1,14,1,2,1,4,4,2,7,1
16006,0,6,5,4,1,17,2,3,8,1,1,1,2,3,4,0,1,3,1,1,2,3,2,3,1
5977,1,6,7,4,1,19,13,2,2,3,1,1,2,2,1,0,2,3,1,2,2,3,2,2,1
12350,0,7,1,4,1,21,13,3,7,2,4,1,2,2,1,0,1,1,1,1,2,5,2,5,1
18035,0,6,6,4,1,19,13,1,10,4,7,1,2,2,1,0,2,1,1,3,2,3,2,2,1
20931,0,8,3,4,5,19,1,2,2,1,10,8,2,2,1,0,1,1,1,1,3,3,2,4,1
5425,1,3,7,4,5,14,15,1,10,1,3,8,2,3,4,1,5,2,1,1,3,3,2,7,1
31466,0,4,5,2,1,22,13,3,8,2,9,7,2,2,1,0,1,1,1,1,2,6,2,4,1
6535,1,13,7,4,5,16,1,1,2,1,6,8,2,3,4,0,1,1,1,1,3,3,2,2,1
7150,0,8,4,2,5,22,1,2,7,1,5,8,2,3,4,1,5,2,1,1,4,3,2,7,1
24400,1,7,5,4,1,15,13,1,7,4,6,1,2,2,1,0,8,1,1,1,2,6,2,2,1
15175,1,8,3,4,1,6,13,4,10,4,4,1,2,2,1,0,8,1,1,1,2,3,2,3,1