id,Severity,age_classes,day_week,DEFORMED_classes,m_harm_classes,hour,impact1_classes,lgt_cond,make,man_coll,month,p_crash1,pcrash4,pcrash5,rel_road,reljct1,reljct2,rest_use,sex,typ_int,valign,vnum_lan,vsurcond,vtrafway,weather_classes
7097,0,5,4,4,1,11,13,1,4,4,8,1,3,2,1,0,2,3,1,2,2,5,2,2,1
698,0,10,7,4,1,11,13,1,7,1,10,1,2,2,1,0,1,1,1,1,2,3,2,2,1
14016,1,11,1,4,1,12,13,1,7,4,4,1,2,2,1,0,8,1,1,1,2,3,2,2,1
24765,0,4,5,3,5,19,1,2,10,1,3,1,3,2,1,0,8,2,1,1,2,3,2,2,1
1148,0,9,6,4,1,22,13,2,7,4,2,1,2,2,1,0,2,3,1,2,2,3,2,3,1
7653,0,11,2,4,5,19,1,2,7,1,10,8,2,3,4,0,1,1,1,1,4,3,2,2,1
29788,0,6,7,3,1,17,10,2,10,4,11,1,2,2,1,0,2,1,1,2,2,3,2,2,1
35424,1,7,1,4,5,11,13,1,4,1,11,1,2,2,1,1,12,1,2,1,2,5,2,4,1
17858,1,10,7,4,3,13,15,1,7,1,8,8,3,3,4,1,5,2,1,1,3,2,2,7,1
556,1,9,1,3,5,14,13,1,7,2,8,1,3,2,1,0,8,2,1,1,2,5,2,2,1
11592,0,4,1,4,1,10,13,1,2,4,9,8,2,2,1,0,2,1,1,2,4,3,2,2,1
19097,0,6,7,4,1,2,13,2,7,2,10,1,2,2,1,0,1,1,1,1,2,3,2,3,1
19822,0,5,7,4,1,14,13,1,2,4,3,1,2,2,1,0,2,1,1,2,2,3,2,2,1
3761,0,6,7,3,1,22,13,2,7,1,8,8,2,3,5,0,1,3,1,1,3,3,2,2,1
1314,0,6,3,4,1,7,13,1,2,1,9,1,2,2,1,0,1,1,1,1,2,3,2,2,1
6917,1,10,4,4,1,17,13,1,7,4,8,1,2,2,1,0,8,3,1,1,2,3,2,2,1
18675,1,10,5,4,5,18,1,1,8,1,5,7,2,3,8,1,13,3,1,1,2,3,2,3,1
7536,0,6,6,4,1,11,13,1,2,4,5,8,2,2,1,0,1,1,1,1,5,3,2,2,1
916,1,5,7,4,1,21,3,5,8,4,6,8,2,2,1,0,2,3,1,3,2,3,2,2,1
10623,1,5,7,4,1,24,13,3,8,2,3,1,2,2,1,0,1,2,1,1,2,7,2,4,1
1641,1,4,1,4,1,17,13,1,10,4,9,1,2,2,1,0,2,2,1,2,2,3,2,4,1
3977,0,5,1,4,1,13,13,1,7,3,9,1,2,2,1,0,1,2,1,1,2,3,2,2,1
13032,1,8,2,4,1,9,21,1,2,4,8,1,2,2,1,0,8,1,1,1,2,3,2,3,1
25685,0,8,3,4,1,12,13,1,7,3,1,1,2,2,1,0,1,2,1,1,2,3,2,2,1
15346,1,11,5,4,1,9,1,1,4,1,9,2,2,2,1,0,2,1,1,3,2,3,2,2,1
16449,0,6,1,4,1,24,7,3,4,2,12,5,2,2,1,0,2,1,1,2,2,4,2,3,1
13830,1,8,2,4,1,7,13,1,7,4,10,1,2,2,1,0,2,3,1,3,2,3,3,2,3
13552,1,1,1,4,5,18,1,1,10,1,9,1,3,5,1,0,1,2,2,1,2,3,2,2,1
22015,0,6,5,4,5,17,1,1,7,1,9,1,2,3,3,0,1,1,1,1,2,3,2,4,1
3293,1,7,2,3,5,12,1,1,7,1,5,6,3,2,1,1,5,3,1,1,2,2,2,7,1
22469,0,7,7,3,5,10,1,1,2,1,9,1,2,3,4,0,1,2,1,1,3,3,2,2,1
9592,0,4,4,2,1,16,13,1,4,4,11,7,2,2,1,0,2,1,1,3,2,3,8,2,1
22121,0,6,5,4,1,22,13,2,7,2,8,1,3,2,1,0,1,3,1,1,2,3,2,2,1
15882,0,4,2,4,1,19,21,1,8,4,7,1,2,2,1,0,2,3,1,2,2,3,2,2,1
6824,1,7,1,4,5,4,1,3,2,1,9,1,3,2,1,0,1,3,1,1,2,5,2,3,1
1907,0,3,6,4,1,22,13,3,10,3,9,1,2,2,1,0,1,3,1,1,2,4,2,4,1
23558,1,6,4,4,1,20,13,2,4,4,9,1,2,2,1,0,2,2,1,2,2,3,2,4,1
27042,0,4,6,2,1,14,13,1,2,4,8,1,2,2,1,0,1,1,1,1,2,4,2,4,1
8844,1,8,1,4,1,15,13,1,7,3,5,1,2,2,1,0,2,3,1,3,2,5,2,3,1
19402,0,4,7,4,1,2,13,3,8,2,5,7,2,2,1,0,1,3,1,1,2,5,2,4,1
31085,0,3,7,4,5,12,1,1,2,1,4,1,2,2,1,0,1,4,1,1,2,3,2,2,1
3952,0,3,7,4,1,1,7,2,2,2,10,1,2,2,1,0,1,3,2,1,2,3,2,3,1
18682,1,4,3,4,1,17,13,1,10,6,6,1,2,2,1,0,1,1,1,1,2,3,2,2,1
22571,0,10,6,2,5,14,1,1,2,1,11,1,2,2,1,0,1,2,1,1,2,3,2,2,1
1963,0,5,5,4,1,22,13,3,7,3,7,8,2,2,1,0,1,3,1,1,3,3,2,2,1
20331,0,8,7,3,2,15,1,1,7,1,5,1,3,3,1,0,1,1,1,1,2,5,2,4,1
14072,1,8,1,4,1,17,13,1,2,1,8,1,2,2,4,0,1,1,1,1,2,3,2,2,1
23492,0,8,4,2,1,16,7,1,7,2,8,1,2,2,1,0,3,2,1,3,2,3,2,3,1
23008,0,11,3,3,1,15,13,1,2,4,9,8,2,6,1,0,4,2,1,1,1,1,1,1,1
2332,1,4,7,4,1,20,1,3,4,1,4,1,2,2,1,0,1,2,1,1,2,5,2,5,1
10162,0,12,4,4,1,11,13,1,2,3,4,8,2,2,1,0,1,1,1,1,4,3,2,2,1
31962,0,5,2,3,5,24,1,3,7,1,9,8,2,2,1,0,2,3,1,2,2,5,2,5,1
3188,1,9,5,4,1,18,13,1,8,2,7,1,2,2,1,0,1,1,1,1,2,3,2,2,1
20216,0,4,5,2,5,7,1,1,2,1,5,1,3,2,1,0,1,2,1,1,2,3,2,2,1
34046,1,7,7,2,1,16,13,1,7,1,4,1,2,3,4,0,1,3,2,1,3,3,2,2,1
14885,1,7,1,4,1,12,13,1,8,4,5,1,3,2,1,0,2,1,1,2,2,3,2,2,1
16723,1,10,7,4,5,9,1,1,2,1,5,8,2,3,4,0,1,3,1,1,4,3,2,2,1
3226,1,5,1,3,4,8,10,1,4,1,9,8,2,3,4,0,1,1,1,1,4,3,2,2,1
20761,0,9,1,2,5,13,1,1,7,1,8,1,2,2,1,0,8,2,1,1,2,5,2,2,1
20456,1,6,2,4,1,18,7,1,7,2,6,1,2,2,1,0,3,2,1,2,2,5,2,2,1
1630,1,8,4,4,1,21,13,3,2,3,5,1,2,2,1,0,2,3,1,3,2,5,2,2,1
8166,1,7,7,4,1,22,13,2,11,3,6,1,2,2,1,0,8,1,1,1,2,3,2,2,1
13339,0,9,1,4,1,12,13,1,7,3,6,1,2,2,1,0,1,3,2,1,2,3,2,2,1
9664,1,9,5,4,1,21,4,3,7,4,5,1,2,2,1,0,4,3,1,1,2,4,2,3,1
25107,0,8,7,4,1,11,8,1,1,5,10,1,2,2,1,0,1,1,1,1,2,3,2,3,1
7655,0,10,1,4,1,13,1,1,2,1,10,8,2,2,1,0,1,1,1,1,3,3,2,2,1
1202,1,6,1,2,5,20,1,5,2,1,6,7,3,2,1,0,1,3,1,1,2,3,2,2,1
31289,0,12,1,4,5,14,1,1,7,1,10,8,2,3,4,0,1,4,1,1,4,3,9,2,1
32876,0,4,7,2,1,16,13,1,7,2,4,1,3,2,1,0,3,4,1,2,2,3,2,3,1
1913,1,4,6,4,1,2,7,2,4,2,9,1,2,2,1,0,1,3,1,1,2,3,2,4,1
34204,1,5,4,2,5,18,1,1,7,1,9,1,2,2,1,0,3,4,1,3,2,3,2,2,1
26147,1,9,6,2,1,7,13,1,8,4,1,1,2,2,1,0,2,3,1,3,2,4,2,4,1
179,1,6,6,4,1,13,13,1,4,2,6,8,3,2,1,0,1,1,1,1,4,3,2,4,1
26254,0,10,2,3,5,17,1,1,8,1,6,8,2,3,4,0,1,2,1,1,4,3,2,2,1
3501,1,5,1,4,1,12,13,1,2,4,6,1,2,2,1,0,2,2,1,2,2,5,2,2,1
34664,0,11,6,4,5,8,1,1,2,1,10,1,2,2,1,0,1,4,1,1,2,3,2,2,1
15169,0,8,7,4,5,16,1,1,7,4,4,1,2,2,1,1,12,3,1,1,2,5,2,4,1
18700,0,6,4,4,1,19,1,1,4,1,6,8,2,3,4,0,1,2,1,1,4,3,2,2,1
14305,0,12,7,3,1,12,13,1,7,4,6,1,2,2,1,0,8,3,1,1,2,5,2,5,1
25962,0,4,1,3,1,19,18,3,2,5,9,1,2,2,1,0,3,2,1,2,2,5,2,2,1
18599,0,9,6,2,5,16,1,1,8,1,3,1,2,3,3,0,1,1,1,1,2,3,3,3,1
11536,1,5,5,4,3,10,13,1,2,1,5,1,3,3,4,0,3,1,1,3,2,3,2,2,1
13432,1,6,4,4,1,23,13,3,8,2,6,1,2,2,1,0,1,3,1,1,2,5,2,2,1
5045,1,8,7,4,1,19,13,1,7,4,6,1,2,2,1,0,8,1,1,1,2,3,2,5,1
36741,1,6,4,3,1,17,13,1,10,2,3,1,2,2,1,0,8,1,1,1,2,6,2,2,1
3348,1,7,7,3,5,17,1,1,7,1,7,8,3,3,5,0,1,3,1,1,5,3,2,2,1
8956,1,7,7,4,1,21,10,2,10,4,10,1,2,2,1,0,2,1,1,2,2,3,2,3,1
2136,1,7,1,4,1,20,13,2,7,4,5,1,2,2,1,0,8,2,1,1,2,3,2,2,1
7020,1,3,3,4,1,15,13,1,4,4,7,1,2,2,1,0,2,3,1,3,2,3,2,2,1
6282,0,5,2,4,1,20,13,2,4,4,9,1,2,2,1,1,3,1,1,3,2,3,2,3,1
3411,0,4,1,4,1,16,13,1,7,1,9,7,2,3,4,0,1,3,1,1,5,3,2,2,1
846,1,4,6,4,1,20,13,5,2,4,7,8,2,2,1,0,2,1,1,2,2,5,2,3,1
13644,0,7,4,4,1,13,12,1,8,4,5,1,3,2,1,0,2,2,1,2,2,3,2,2,1
20957,0,3,3,3,1,17,13,1,4,3,5,8,2,3,1,0,1,3,1,1,3,3,2,2,1
3441,1,7,4,4,5,16,10,1,2,1,11,8,3,3,4,0,1,3,1,1,5,3,2,2,1
5805,0,8,4,4,1,5,13,3,2,3,9,8,2,2,1,0,1,1,1,1,3,3,2,3,1
13486,0,3,1,4,1,7,13,4,2,3,3,1,2,2,1,0,1,2,1,1,2,3,2,2,1
20591,0,7,6,4,1,24,2,3,7,4,7,8,2,2,1,0,2,3,1,2,2,3,3,4,1
7730,0,9,3,3,5,17,12,1,8,1,6,1,2,3,5,0,1,1,1,1,2,3,2,2,1
8092,1,7,1,4,1,21,13,3,2,3,11,1,2,2,1,0,2,1,1,3,2,3,2,5,1
14791,1,7,7,4,1,15,13,1,10,3,10,8,2,2,1,0,1,1,1,1,3,3,2,2,1
5091,0,9,4,4,1,16,11,1,8,4,10,1,2,2,1,0,3,1,1,2,2,3,2,3,1
18448,1,4,6,4,1,22,13,2,7,6,8,1,2,2,1,0,1,3,1,1,2,3,2,2,1
8971,1,5,1,4,1,15,13,1,4,2,7,7,2,2,1,0,1,3,1,1,5,3,2,2,1
22680,1,6,7,4,1,17,20,1,4,5,2,7,2,2,1,0,1,2,1,1,2,3,2,6,1
17464,1,5,1,4,1,16,13,1,2,2,10,1,2,2,1,0,3,2,1,3,2,5,2,2,1
10070,1,5,1,4,1,10,13,1,2,4,7,1,2,2,1,0,8,1,1,1,2,4,2,2,1
13575,1,8,7,4,2,16,13,5,7,1,11,8,2,3,4,0,1,2,1,1,4,3,2,2,1
22409,0,7,4,4,1,7,13,1,3,4,11,7,2,2,1,0,8,1,1,1,2,3,2,2,1
14802,1,6,7,4,1,13,13,1,7,4,10,1,2,2,1,0,2,1,1,3,2,5,2,4,1
12365,0,5,7,4,1,16,13,1,4,4,5,1,2,2,1,0,2,2,1,2,2,5,2,5,1
10355,0,4,5,4,5,20,1,2,2,1,3,1,3,3,4,0,1,3,1,1,2,3,2,2,1
6563,1,7,6,4,5,15,1,1,7,1,8,1,3,2,1,0,1,1,1,1,2,3,2,4,1
13353,1,7,6,4,1,18,13,1,2,4,6,1,2,2,1,0,2,3,1,2,2,5,2,2,1
18286,0,8,2,4,3,13,13,1,7,1,6,8,3,3,4,0,1,3,1,1,4,3,2,2,1
34403,0,5,5,4,1,15,13,1,8,4,2,1,3,2,1,0,8,4,1,1,2,5,2,2,1
10641,0,4,6,4,1,10,19,1,4,4,8,8,2,2,1,0,3,2,1,2,2,3,2,2,1
2767,1,4,1,4,1,18,13,1,8,4,5,1,2,2,1,0,2,1,1,3,2,3,2,2,1
5020,1,9,1,4,1,17,12,1,7,6,3,8,2,2,1,0,1,1,1,1,3,3,2,2,1
15129,0,7,6,4,1,17,13,1,2,1,7,8,2,2,4,0,1,1,1,1,5,3,2,2,1
29290,1,8,1,4,1,24,13,3,10,1,6,1,2,3,5,0,1,4,1,1,2,3,2,2,1
7983,0,13,5,4,5,20,12,1,10,1,6,1,2,2,1,0,1,1,1,1,2,3,2,2,1
10670,0,4,1,4,1,22,13,3,2,2,10,1,2,2,1,0,1,2,1,1,2,7,2,4,1
23605,0,4,1,2,1,8,19,1,10,4,7,8,2,6,1,0,8,2,1,1,1,1,1,1,1
6526,0,5,1,4,1,22,7,2,8,2,5,5,2,2,1,1,12,1,1,1,2,3,3,3,1
1987,1,8,1,4,5,24,22,3,7,1,3,1,2,3,4,0,1,3,1,1,2,3,2,2,1
5367,0,3,1,4,5,17,1,5,10,1,1,1,3,2,1,0,2,2,2,2,2,4,2,3,1
5212,0,3,4,4,4,2,15,2,2,1,9,8,2,3,4,0,1,1,1,1,4,3,2,3,1
23034,0,5,7,4,5,13,1,1,4,1,2,8,2,2,1,0,1,2,1,1,3,3,2,2,1
16147,1,5,5,1,1,2,2,3,7,4,3,1,2,2,1,0,1,1,1,1,2,3,3,3,1
32327,1,10,1,2,5,12,1,1,7,1,7,8,2,3,4,0,1,2,1,1,4,3,2,2,1
12459,0,9,2,4,1,19,13,2,2,1,10,1,2,2,1,0,1,2,1,1,2,3,2,2,1
33146,1,7,7,4,1,19,10,3,7,1,9,1,2,3,3,0,1,1,2,1,2,4,2,4,1
8517,0,5,5,4,1,13,10,1,8,4,7,1,2,2,1,0,2,3,1,2,2,3,2,2,1
29125,0,9,4,4,1,8,10,1,8,4,9,1,2,2,1,0,2,2,1,3,2,3,2,3,3
12907,1,4,7,4,1,11,13,1,8,4,11,1,2,2,1,0,8,3,1,1,2,3,2,2,1
18334,1,9,1,4,1,10,11,1,8,1,5,8,3,3,5,1,5,1,1,1,5,2,2,7,1
7100,0,8,6,4,5,23,1,2,7,1,9,8,3,3,2,0,1,3,1,1,4,3,2,2,1
14982,0,8,3,3,1,11,13,1,7,2,8,2,3,2,1,0,1,3,1,1,2,3,2,3,1
33068,0,3,5,3,5,15,1,1,8,1,4,1,2,2,1,0,1,1,1,1,2,4,2,4,1
2908,0,8,1,4,4,11,13,1,11,1,7,8,3,3,5,0,1,3,1,1,3,3,2,3,1
30565,1,7,1,4,3,3,12,3,7,1,5,8,2,3,4,1,5,3,2,1,3,2,2,7,1
23328,0,3,3,3,2,21,1,2,8,1,5,1,2,2,1,0,1,2,1,1,2,3,2,4,1
34713,0,9,2,2,1,16,4,1,7,5,6,1,2,2,1,0,1,4,1,1,2,5,2,4,1
26414,0,7,5,3,5,17,1,1,7,1,10,1,2,2,1,0,2,3,1,2,2,4,2,2,1
4762,1,3,7,4,5,24,1,2,2,1,9,1,2,3,4,0,1,1,1,1,2,5,2,3,1
6714,1,6,7,4,5,8,1,1,2,1,6,1,3,2,1,0,1,3,1,1,2,3,2,4,1
35733,0,4,5,4,1,6,13,1,10,2,9,1,2,2,1,0,1,1,1,1,2,8,2,4,1
6726,0,8,7,4,1,22,10,3,7,4,7,1,2,2,1,0,2,3,1,2,2,5,2,3,1
15504,1,4,5,4,1,16,13,1,2,3,5,8,2,2,1,0,1,2,1,1,3,3,2,2,1
5037,0,8,7,4,1,22,13,3,4,4,5,1,2,2,1,0,2,1,1,2,2,3,2,2,1
14033,1,10,7,4,1,10,13,1,2,4,5,1,2,2,1,0,2,1,1,3,2,3,2,2,1
8544,1,1,1,4,5,18,1,1,10,1,9,1,3,5,1,0,1,2,2,1,2,3,2,2,1
4172,0,3,2,4,1,12,13,1,2,4,4,1,2,2,1,0,2,1,1,2,2,5,2,2,1
34407,1,9,7,4,5,22,1,3,7,1,3,1,2,2,1,0,1,3,1,1,2,4,3,4,1
23775,1,8,2,4,1,23,18,3,7,5,6,7,2,2,1,0,3,1,1,3,2,5,2,5,1
18887,0,6,7,4,1,19,13,2,7,1,3,1,2,2,1,0,1,3,1,1,2,3,2,2,1
24210,0,5,1,2,5,14,1,1,8,1,3,2,2,2,1,0,1,3,1,1,2,3,2,2,1
3105,1,9,7,4,1,16,10,1,7,5,2,2,2,2,1,0,1,1,1,1,2,6,2,4,1
9680,1,8,6,3,1,21,13,3,7,4,8,1,2,2,1,0,2,3,1,2,2,5,2,5,1
12084,1,6,2,4,4,22,21,2,10,1,7,8,2,3,4,0,1,3,1,1,4,3,2,3,1
34751,0,3,5,3,1,16,13,1,10,4,9,1,2,2,1,0,8,1,1,1,2,5,2,6,1
32512,0,7,6,4,1,16,13,1,2,4,4,2,2,2,1,0,2,4,1,2,2,3,2,6,1
7287,1,8,1,4,5,19,1,2,7,1,10,8,3,3,6,0,1,1,1,1,4,3,2,2,1
11543,1,13,7,4,5,16,1,1,2,1,6,8,2,3,4,0,1,1,1,1,3,3,2,2,1
18926,0,7,7,4,1,21,13,2,2,2,6,1,2,2,1,0,1,3,1,1,2,3,2,3,1
31016,0,4,2,4,1,16,13,1,10,1,9,1,3,3,4,0,1,4,1,1,2,3,2,2,1
9821,0,4,4,4,1,15,13,1,4,4,6,1,2,2,1,0,8,1,1,1,2,3,2,2,1
15044,0,5,1,4,5,17,12,1,4,6,3,8,2,2,1,0,1,1,1,1,3,3,2,2,1
4706,1,6,6,4,5,12,13,1,4,1,5,8,2,3,4,0,1,1,1,1,4,7,2,3,1
8788,1,7,6,4,5,16,1,1,2,3,7,8,2,2,1,0,1,2,1,1,4,3,2,2,1
10411,0,8,5,3,1,16,13,1,7,2,2,7,2,2,1,0,1,2,1,1,2,6,2,4,1
25833,0,8,5,4,1,16,13,1,2,2,7,1,2,2,1,0,1,2,1,1,2,6,2,4,1
7107,1,6,7,4,1,16,18,1,7,4,8,4,2,2,1,0,2,3,1,2,2,3,2,3,1
24384,0,8,3,2,1,7,13,1,2,4,5,1,2,2,1,0,8,1,1,1,2,5,2,2,1
29217,0,4,7,1,1,9,13,1,10,2,6,2,2,2,1,0,8,3,1,1,2,3,2,2,1
2690,0,7,4,4,1,14,13,1,7,2,8,1,2,2,1,0,2,1,1,2,2,3,2,2,1
611,1,6,1,4,1,1,13,2,4,2,8,1,2,2,1,0,1,2,1,1,2,6,2,4,1
6304,0,5,7,4,1,17,13,1,8,2,7,1,2,2,1,0,1,1,1,1,2,5,2,3,1
18725,1,7,6,2,1,22,13,3,2,4,6,1,3,2,1,0,2,3,1,2,2,3,2,2,1
3663,0,3,7,4,1,12,13,1,10,4,3,1,3,2,1,0,8,1,1,1,2,3,2,2,1
15434,0,4,5,4,5,23,15,3,4,1,3,8,2,3,4,0,1,2,1,1,4,3,2,5,1
29816,0,6,4,4,4,20,3,3,7,1,7,1,2,3,4,0,1,1,1,1,4,3,2,2,1
12292,1,2,5,4,4,23,13,2,8,1,9,8,2,3,4,0,1,2,1,1,4,3,2,2,1
6805,1,4,3,4,5,16,1,1,8,1,9,1,3,2,1,0,1,3,1,1,2,3,2,2,1
31851,0,8,7,4,4,16,15,1,2,1,4,8,3,3,4,0,1,1,1,1,4,3,2,2,1
10693,1,8,1,4,1,12,21,1,7,3,9,8,2,2,1,0,1,1,1,1,4,3,2,2,1
10868,0,10,1,4,5,14,1,1,7,1,7,8,2,3,4,0,1,3,1,1,3,3,3,2,3
30881,0,3,5,4,1,7,13,1,8,2,1,1,2,2,1,0,1,3,1,1,2,6,2,4,1
477,1,4,2,4,1,17,13,1,8,3,5,1,2,2,1,0,2,1,1,2,2,3,2,2,1
30534,1,6,2,2,1,12,13,1,7,4,9,8,2,5,1,0,1,3,2,1,2,3,3,2,1
9083,1,4,6,4,5,17,1,1,7,1,8,8,3,5,1,0,1,2,1,1,3,3,2,2,1
27119,0,8,4,3,1,7,13,1,8,3,6,1,2,2,1,0,8,2,1,1,2,3,2,2,1
18390,0,8,4,4,1,18,13,1,2,1,7,8,2,2,5,0,1,3,1,1,5,3,2,2,1
6663,0,8,5,4,1,13,13,1,2,4,7,8,3,2,1,0,4,2,1,1,4,3,2,2,1
8545,1,6,6,3,5,20,1,2,7,1,10,1,2,3,4,0,1,3,1,1,4,3,2,2,1
20210,1,4,6,2,1,15,12,1,10,4,5,1,2,2,1,0,8,2,1,1,2,3,3,2,1
19880,1,3,6,4,1,9,13,1,10,4,9,1,2,2,1,0,2,1,1,3,2,3,2,2,1
20655,0,8,2,2,1,17,13,5,7,2,12,5,2,2,1,0,1,3,1,1,2,6,2,4,1
17364,1,4,7,4,1,15,13,1,7,4,5,1,2,2,1,0,8,1,1,1,2,5,2,5,1
14996,0,8,7,4,5,20,1,2,7,1,9,1,2,3,3,0,1,3,1,1,2,3,3,3,1
3691,1,3,4,4,1,22,13,2,4,2,6,8,2,2,1,0,1,1,1,1,4,3,2,3,1
10231,1,4,4,4,1,22,13,3,4,4,8,1,2,2,1,0,2,1,1,2,2,5,2,5,1
29609,0,7,1,1,1,11,1,1,4,1,7,2,2,2,1,0,1,3,1,1,2,3,2,2,1
28330,1,8,4,4,1,16,13,1,7,4,6,1,2,2,1,0,4,1,1,1,2,3,2,2,1
25718,0,6,5,4,5,18,1,1,7,1,7,8,2,3,4,0,1,2,1,1,4,3,2,2,1
10427,0,6,4,4,5,7,13,1,7,4,3,7,2,2,1,0,2,2,1,2,2,3,2,2,1
2140,0,7,2,3,1,12,7,1,7,7,5,1,3,2,1,0,2,1,1,2,2,3,2,2,1
34329,1,8,4,4,1,20,13,5,2,1,6,1,2,2,1,0,1,3,1,1,2,3,2,3,1
6605,1,12,7,4,1,15,12,1,1,5,10,8,2,2,1,0,2,1,1,3,3,3,2,2,1
32023,0,9,3,3,1,21,7,2,2,2,5,2,2,2,1,0,8,4,1,1,2,3,2,2,1
26733,0,8,1,4,5,12,1,1,6,1,7,8,2,3,4,0,1,2,2,1,4,3,2,2,1
22463,0,12,5,3,1,16,7,1,7,2,7,1,2,2,1,0,1,3,1,1,2,3,2,4,1
9641,1,7,2,2,5,6,1,4,2,6,8,1,2,2,1,0,1,1,1,1,2,3,2,2,1
1429,1,13,2,4,1,14,13,1,7,4,12,8,2,2,1,0,8,1,1,1,2,3,2,3,1
26570,1,8,2,4,5,18,1,3,7,1,12,1,3,2,1,0,2,3,1,2,2,5,2,5,1
7401,1,11,2,4,5,13,1,1,7,1,8,1,2,2,1,0,8,2,1,1,2,3,2,2,1
14668,1,8,3,4,1,15,13,1,2,4,2,1,2,2,1,0,2,3,1,2,2,3,2,2,1
24105,0,7,6,4,1,16,13,1,7,4,8,1,2,2,1,0,2,1,1,3,2,3,2,2,1
30967,1,4,7,3,1,19,13,1,4,2,3,1,2,2,1,0,1,3,2,1,2,3,2,3,1
5814,0,8,7,4,1,14,21,1,2,5,10,1,2,2,1,0,1,2,1,1,2,4,2,3,1
8536,1,9,1,4,5,20,1,2,2,1,9,1,2,3,4,0,1,3,1,1,4,3,2,2,1
407,0,7,6,4,5,16,1,1,7,1,3,8,3,3,2,0,1,2,1,1,4,3,2,2,1
18923,1,4,3,4,5,19,1,1,4,1,6,1,2,3,4,0,1,3,1,1,2,3,2,2,1
17072,1,9,1,4,1,8,13,1,7,3,5,1,2,2,1,0,2,3,1,3,2,3,2,2,1
4477,1,8,7,3,1,8,13,1,7,2,9,1,2,2,1,0,1,3,1,1,2,3,2,4,1
3890,1,6,7,4,1,21,4,3,8,4,5,8,2,2,1,0,2,3,1,2,2,3,2,3,1
36346,1,7,3,4,1,7,3,1,7,5,8,8,2,2,1,0,1,1,1,1,4,3,2,2,1
6698,1,5,5,4,5,12,1,1,7,1,5,8,2,3,4,0,1,3,1,1,4,3,2,2,1
687,0,10,6,4,1,14,13,1,2,3,9,8,2,2,1,0,1,2,1,1,3,3,2,2,1
34679,0,7,6,4,1,19,13,1,7,4,3,1,2,2,1,0,8,1,1,1,2,3,2,5,1
7408,1,7,4,4,1,13,1,1,7,1,5,1,2,2,1,0,2,2,1,2,2,5,2,5,1
8847,1,4,3,4,1,19,21,5,10,5,7,1,3,2,1,0,1,2,1,1,2,2,2,6,1
194,0,3,2,4,1,20,13,3,4,4,8,1,3,2,1,0,2,3,1,2,2,4,2,3,1
5462,0,10,1,4,5,13,1,1,7,1,4,8,3,2,1,0,1,2,1,1,4,3,2,2,1
11464,0,10,1,4,4,14,13,1,7,1,11,8,2,3,3,0,1,3,1,1,3,3,2,3,1
1660,1,9,5,4,1,13,13,1,4,3,9,8,2,2,1,0,2,2,1,3,4,3,2,5,1
26590,1,7,5,4,3,24,13,3,7,1,3,1,2,3,4,0,3,3,1,2,2,4,2,6,1
12322,1,7,1,4,1,16,13,1,7,4,7,7,2,2,1,0,2,1,1,2,2,3,2,2,1
4668,0,11,5,3,1,13,10,1,4,5,6,7,2,2,1,1,11,1,1,1,2,6,2,4,1
1482,1,2,1,4,1,21,1,2,2,1,3,1,2,3,4,0,3,1,1,3,2,3,2,2,1
18493,0,3,1,4,1,7,13,4,2,3,3,1,2,2,1,0,1,3,1,1,2,3,2,2,1
9098,1,6,7,4,4,18,4,2,2,1,10,8,2,3,4,0,1,2,1,1,4,3,2,2,1
32671,0,7,5,2,1,16,13,1,8,4,7,1,2,2,1,0,2,4,1,2,2,5,2,2,1
6478,0,4,5,4,1,22,13,2,8,4,1,1,3,2,1,0,2,1,1,3,2,3,2,2,1
6058,0,11,2,4,1,15,7,1,8,2,1,7,2,2,1,0,2,3,1,3,2,3,2,2,1
7316,1,7,2,4,1,13,4,1,7,4,8,1,2,2,1,0,8,2,2,1,2,3,2,2,1
36166,0,11,4,4,1,13,13,1,2,4,2,1,2,2,1,0,2,3,1,2,2,3,2,2,1
14846,0,3,5,4,2,23,7,3,4,1,7,8,2,3,4,0,8,1,1,1,4,3,2,2,1
9964,1,6,7,3,1,16,13,1,8,2,8,1,2,2,1,0,8,3,1,1,2,3,2,2,1
20672,0,8,1,3,1,21,18,2,4,6,4,8,2,2,1,0,1,2,1,1,4,3,2,2,1
31282,0,8,5,2,1,18,7,1,7,2,9,8,2,2,11,0,3,3,1,2,2,3,2,5,1
692,0,8,2,3,3,2,15,3,8,1,10,8,3,3,4,0,3,1,1,2,3,3,2,2,1
30551,0,6,7,2,5,14,1,1,2,1,12,1,2,3,4,0,1,3,1,1,4,3,2,2,1
34284,0,11,4,4,1,13,12,1,1,6,1,1,2,2,1,0,1,3,1,1,2,3,2,2,1
15740,0,8,4,4,1,20,13,3,7,4,4,1,2,2,1,0,2,1,1,2,2,5,2,3,1
12788,1,9,1,4,5,21,15,3,7,1,5,8,2,3,5,0,1,1,1,1,5,3,3,2,1
14052,1,9,1,4,1,24,7,3,7,2,6,1,2,2,1,0,2,1,1,3,2,3,2,2,1
11211,1,7,5,4,1,19,5,1,2,4,6,1,2,5,1,0,1,3,1,1,2,4,2,3,1
14635,0,10,7,2,1,13,13,1,7,2,12,1,2,2,1,0,1,3,1,1,2,3,2,2,1
17528,0,7,5,4,1,18,7,2,2,2,1,1,2,2,1,0,2,1,1,3,2,3,2,2,1
27966,1,6,3,4,1,14,13,1,8,4,11,1,2,2,1,0,2,1,1,3,2,3,2,2,1