id,Severity,age_classes,day_week,DEFORMED_classes,m_harm_classes,hour,impact1_classes,lgt_cond,make,man_coll,month,p_crash1,pcrash4,pcrash5,rel_road,reljct1,reljct2,rest_use,sex,typ_int,valign,vnum_lan,vsurcond,vtrafway,weather_classes
29541,1,5,6,4,1,22,13,3,4,3,9,1,2,2,1,0,2,3,1,3,2,5,2,2,1
16967,0,5,4,4,1,24,13,2,1,1,10,1,2,2,1,0,3,3,1,3,2,3,2,2,1
3305,0,13,7,4,1,13,13,1,8,2,6,1,2,2,1,0,1,1,1,1,2,3,2,2,1
11094,1,4,7,4,1,14,13,1,4,2,3,1,2,2,1,0,2,3,1,3,2,3,2,2,1
16934,1,10,4,4,1,17,13,1,7,4,8,1,2,2,1,0,8,3,1,1,2,3,2,2,1
7178,1,6,2,2,1,14,1,1,8,1,9,1,3,2,1,0,8,1,1,1,2,5,2,2,1
23547,0,7,1,4,5,12,1,1,7,1,6,1,2,2,1,0,1,3,2,1,2,5,2,2,1
16133,1,9,7,4,1,14,4,1,7,4,4,1,2,2,1,0,2,3,1,2,2,3,2,5,1
31051,0,8,1,1,2,9,13,1,7,1,1,1,2,2,1,0,1,4,1,1,2,7,2,4,1
25717,1,8,4,4,1,20,13,2,7,1,6,1,3,2,1,0,1,3,1,1,2,3,2,2,1
12369,1,3,4,4,2,18,13,1,4,1,6,1,2,3,4,0,1,2,1,1,2,3,2,2,1
27222,1,6,7,4,1,23,2,3,10,5,3,7,2,2,1,0,1,3,1,1,2,7,2,4,1
29662,0,4,6,2,1,19,7,2,10,2,10,5,2,2,1,0,3,4,1,3,2,3,2,2,1
12510,0,4,6,2,5,18,1,1,11,1,8,2,3,2,1,0,1,2,1,1,2,3,2,4,1
49,0,8,7,4,5,13,13,1,7,1,7,7,2,3,4,0,1,1,1,1,2,3,2,2,1
27141,0,7,7,4,1,13,22,1,7,2,7,1,2,2,1,1,12,3,1,1,2,4,2,4,1
16591,1,7,6,3,5,15,2,1,1,1,9,8,2,3,4,0,1,1,1,1,3,3,2,2,1
20699,0,3,4,2,1,19,13,1,10,4,5,8,2,2,1,0,2,2,1,3,2,3,2,2,1
3703,1,6,6,4,1,22,11,3,8,4,6,8,2,2,1,0,2,3,1,3,2,3,2,2,1
32962,0,6,6,2,1,7,11,1,10,5,8,7,2,2,1,0,1,3,1,1,2,6,2,5,1
7045,0,3,2,4,1,18,13,2,2,3,2,1,2,2,1,0,1,3,1,1,2,3,2,2,1
25582,0,4,1,4,1,3,21,2,2,5,11,8,2,2,1,0,2,3,1,3,2,3,2,2,1
30588,0,6,7,4,5,11,1,1,7,1,5,1,3,2,1,0,1,3,1,1,2,3,2,4,1
29439,1,9,2,2,5,12,1,1,2,1,7,1,2,2,1,0,8,4,2,1,2,5,3,2,1
15827,1,5,1,3,1,15,15,1,7,1,12,8,3,3,3,0,1,2,1,1,3,3,2,3,1
5359,1,13,7,4,1,7,18,1,7,1,1,8,2,3,3,0,1,2,1,1,2,6,2,4,1
32674,0,5,7,4,5,17,1,1,10,1,7,2,2,2,1,0,1,4,1,1,2,3,2,2,1
7954,1,7,7,4,1,14,2,1,10,5,5,7,2,2,1,0,1,1,1,1,2,4,2,6,1
17055,1,8,7,4,4,17,4,1,7,1,9,8,2,3,3,0,1,2,1,1,3,7,2,4,1
6161,1,6,6,4,1,12,13,1,2,4,3,1,2,2,1,0,2,3,1,2,2,3,2,3,1
8814,0,8,7,2,1,17,13,1,7,4,10,1,2,2,1,0,8,1,1,1,2,3,2,2,1
21509,0,7,7,4,1,16,13,1,7,1,5,1,2,3,7,0,1,3,1,1,2,3,2,2,1
3231,0,4,5,4,1,24,7,2,10,2,10,1,2,2,1,0,3,1,1,2,2,5,2,2,1
16633,1,7,5,4,1,20,13,2,8,1,11,1,2,2,1,0,1,1,1,1,2,5,2,3,1
2921,0,9,7,4,1,16,13,1,10,4,5,8,2,2,1,0,1,1,1,1,3,3,2,2,1
19973,0,8,7,3,5,16,1,1,7,1,8,1,2,3,4,0,1,3,1,1,4,3,2,2,1
11757,0,5,5,4,5,1,7,2,7,2,7,1,2,2,1,0,1,3,1,1,2,3,2,3,1
32011,1,10,6,2,1,15,18,1,10,5,4,1,2,2,1,0,1,4,1,1,2,3,2,2,1
29440,0,11,2,2,5,12,1,1,2,1,7,1,2,2,1,0,8,4,1,1,2,5,3,2,1
8110,1,3,1,4,1,11,13,1,4,4,1,1,2,2,1,0,7,1,1,1,2,5,2,3,1
18242,1,5,5,4,1,18,11,1,8,6,8,8,2,2,1,0,1,1,1,1,3,3,2,2,1
6415,1,4,5,4,4,23,10,3,2,1,11,8,2,3,3,0,1,1,1,1,3,5,2,4,1
17666,0,7,2,4,5,12,1,1,2,1,10,8,2,2,1,0,1,1,2,1,4,3,2,2,1
20983,0,7,2,2,1,9,11,1,4,5,9,8,2,2,1,0,1,1,1,1,3,3,2,2,1
1198,1,4,5,4,1,22,13,3,10,1,3,1,2,2,1,0,3,3,1,2,2,3,2,3,1
21619,1,4,4,4,1,16,13,1,2,3,7,8,2,2,1,0,2,2,1,2,2,3,2,4,1
36069,0,6,7,2,1,13,7,1,7,2,8,2,2,2,1,0,1,4,1,1,2,5,2,6,1
33276,1,4,6,4,1,2,20,3,7,4,10,1,2,2,1,0,3,3,1,3,2,4,2,3,1
17336,1,4,7,4,1,16,13,1,4,4,3,7,3,2,1,0,1,1,1,1,2,3,2,2,1
31060,1,3,5,2,1,6,21,1,2,5,3,7,2,2,1,0,1,1,1,1,2,6,3,4,1
2488,0,7,6,4,1,14,13,1,10,2,9,1,2,2,1,0,3,2,1,2,2,3,2,3,1
1989,1,9,1,4,1,20,13,3,7,4,3,1,2,2,1,0,4,3,1,1,2,3,2,3,1
31288,0,5,4,4,1,18,13,1,10,4,10,1,2,2,1,0,2,4,1,3,2,3,2,2,1
31747,0,5,5,2,1,8,13,1,7,2,8,2,2,2,1,0,1,4,1,1,2,5,2,4,1
978,1,12,1,4,1,12,12,1,8,4,1,1,2,2,1,0,2,2,1,2,2,3,2,3,1
16092,1,9,6,4,1,18,21,1,7,4,3,1,2,2,1,0,2,3,1,3,2,4,2,4,1
15989,0,5,4,4,1,6,13,3,2,4,1,1,2,2,1,0,2,1,1,3,2,3,2,3,1
19885,0,8,7,4,4,18,13,1,6,1,8,8,2,3,5,0,1,1,1,1,4,3,2,2,1
22236,0,7,5,3,1,21,13,3,7,4,1,1,2,2,1,0,1,1,1,1,2,4,2,2,1
20989,0,7,3,1,5,19,1,3,2,1,11,1,2,2,1,0,1,1,1,1,2,3,2,4,1
26555,0,2,4,2,1,16,22,1,8,5,10,7,2,2,1,0,3,2,1,2,2,5,2,2,1
14192,0,3,3,3,1,19,13,3,10,4,1,3,2,2,1,0,2,1,1,2,2,3,2,3,1
220,1,3,4,4,5,18,1,5,2,1,10,8,3,3,2,0,1,1,1,1,4,3,2,2,1
22967,1,8,4,4,1,16,22,1,2,4,6,1,2,2,1,0,2,3,2,2,2,3,2,4,1
34985,0,8,5,4,1,6,7,3,11,2,2,2,2,2,1,0,1,4,1,1,2,5,2,4,1
20357,1,11,3,4,1,15,13,1,7,2,10,1,3,2,1,0,3,1,1,2,2,3,2,2,1
4862,1,10,7,4,5,11,1,1,2,1,10,8,2,3,5,0,1,1,1,1,4,3,2,2,1
19640,1,9,7,4,4,20,6,3,10,1,11,8,2,3,4,0,1,3,1,1,3,3,2,2,1
22597,0,4,3,2,1,18,13,1,8,2,5,8,2,6,1,0,8,3,1,1,1,1,1,1,1
10774,1,3,7,4,1,14,13,1,4,4,12,1,2,2,1,0,2,1,1,2,2,3,2,2,1
31632,0,4,2,3,1,6,1,3,10,1,8,1,2,2,1,0,1,1,1,1,2,3,3,4,1
9014,1,7,1,4,1,15,1,1,7,1,5,8,2,3,4,0,1,1,1,1,4,3,2,2,1
419,0,6,3,3,1,6,13,2,7,4,3,1,2,2,1,0,1,2,1,1,2,5,2,4,1
18789,1,7,5,4,1,18,13,1,7,4,8,1,3,2,1,0,2,3,1,2,2,3,2,2,1
5078,1,6,6,4,1,17,13,1,4,4,9,1,2,2,1,0,2,1,1,2,2,3,2,2,1
2401,0,7,1,4,1,20,13,1,2,3,8,1,2,2,1,0,2,2,1,3,2,3,2,2,1
18120,1,5,6,3,1,20,13,5,4,4,7,1,2,2,1,0,1,1,1,1,2,3,2,2,1
31661,0,7,6,4,1,13,21,1,2,5,5,1,2,2,1,0,1,2,1,1,2,3,2,3,1
3335,1,4,4,3,5,16,1,1,2,1,7,8,2,2,1,0,1,3,1,1,3,3,9,2,1
13458,1,7,4,4,5,16,10,1,2,1,11,8,3,3,4,0,1,3,1,1,5,3,2,2,1
2886,0,5,6,4,1,10,13,1,7,4,12,7,2,2,1,0,8,3,1,1,2,3,2,2,1
10,1,9,1,4,1,17,12,1,7,6,3,8,2,2,1,0,1,1,1,1,3,3,2,2,1
36715,1,6,3,4,1,11,19,1,2,1,1,4,2,3,5,0,1,1,1,1,2,3,2,2,1
15506,1,6,1,4,5,15,1,1,8,1,5,8,2,3,3,0,1,1,1,1,3,3,2,4,1
18027,1,4,6,4,1,23,15,3,10,1,7,8,2,3,4,0,1,1,1,1,4,5,2,2,1
27893,0,7,6,4,1,20,18,5,4,4,6,1,2,2,1,0,8,3,1,1,2,5,2,2,1
1304,1,8,6,4,1,20,13,3,7,4,9,1,2,2,1,0,2,3,1,2,2,3,2,3,1
7598,0,7,1,4,1,16,7,1,7,2,5,7,2,2,1,0,1,2,1,1,4,6,2,4,1
13251,1,9,6,4,1,14,19,1,7,6,10,8,2,2,1,0,1,1,1,1,3,4,2,3,1
5687,0,10,1,3,1,12,18,1,7,3,9,8,2,2,1,0,1,1,1,1,4,3,2,2,1
17161,0,4,7,4,1,14,13,1,2,4,3,1,2,2,1,0,2,1,1,2,2,3,2,3,1
3421,1,7,3,4,5,18,1,1,6,1,10,1,2,3,2,0,1,1,1,1,2,3,2,4,1
19911,0,5,1,3,1,19,2,1,2,1,7,1,2,3,2,0,1,3,1,1,2,3,2,2,1
29432,0,9,2,2,5,12,1,1,7,1,7,1,2,2,1,0,8,4,1,1,2,5,3,2,1
13023,1,6,3,4,1,11,13,1,2,2,7,1,2,2,1,0,2,1,1,2,2,3,3,2,1
36028,0,6,2,4,1,17,13,1,7,4,4,7,2,2,1,0,2,4,1,2,2,3,2,2,1
5230,1,3,4,4,5,18,1,5,2,1,10,8,3,3,2,0,1,1,1,1,4,3,2,2,1
18154,0,6,3,4,4,13,13,1,2,1,5,8,2,3,4,0,1,1,1,1,3,3,2,2,1
11391,1,9,6,4,1,19,13,3,7,4,10,1,2,2,1,0,2,1,1,2,2,5,2,5,1
36040,0,6,6,2,5,16,1,1,7,1,5,2,3,2,1,0,1,4,1,1,2,5,2,3,1
36288,1,12,6,4,3,14,13,1,7,1,6,8,2,3,3,0,3,3,1,2,2,4,2,4,1
6196,1,4,4,4,1,20,13,1,10,4,6,8,2,2,1,0,2,1,1,2,2,3,2,2,1
2934,0,4,2,4,1,13,13,1,10,4,5,7,2,2,1,0,4,1,1,1,2,3,2,2,1
30293,0,5,1,4,5,15,1,1,7,1,4,1,2,2,1,0,8,4,1,1,2,3,2,2,1
3790,0,3,5,3,1,20,13,3,8,1,9,1,2,3,6,0,2,1,1,2,2,3,2,2,1
527,1,8,5,3,1,8,13,1,7,4,7,1,2,2,1,0,1,2,1,1,2,3,2,3,1
36448,1,3,4,3,1,20,6,3,4,5,12,1,2,2,1,0,3,1,1,2,2,5,2,4,1
18870,1,8,5,2,5,19,1,3,8,1,9,8,3,3,4,0,1,3,1,1,4,3,2,2,1
23782,0,7,6,3,1,15,7,1,7,2,5,6,2,2,1,1,5,3,1,1,2,2,2,7,1
13188,0,4,1,4,4,5,13,2,2,1,7,1,2,3,4,0,2,1,1,3,2,3,2,2,1
9980,1,8,2,4,5,5,1,4,7,1,8,1,2,2,1,0,1,3,1,1,2,3,2,2,1
32993,0,9,4,2,1,7,13,1,10,2,8,1,2,2,1,0,1,4,1,1,2,3,2,3,1
16797,0,4,6,4,5,21,1,3,2,1,8,1,3,2,1,0,1,2,1,1,2,5,2,4,1
6712,1,5,7,4,1,1,13,3,4,2,6,1,2,2,1,0,1,3,1,1,2,5,2,3,1
5516,0,8,6,4,1,23,7,2,7,2,6,1,2,2,1,0,1,2,1,1,2,4,2,4,1
13051,0,3,3,4,1,14,13,1,7,4,8,1,2,2,1,0,2,1,1,3,2,3,2,2,1
10428,1,3,4,4,5,17,1,1,8,1,3,7,3,2,1,0,2,2,1,2,2,3,2,2,1
9890,1,10,7,4,1,10,13,1,2,4,7,1,2,2,1,0,2,1,1,2,2,3,2,3,1
10276,1,3,3,4,1,20,13,3,2,4,11,1,2,2,1,0,2,1,1,2,2,6,2,5,1
4963,1,10,5,4,1,18,2,1,4,4,8,1,2,2,1,0,2,3,1,3,2,3,2,2,1
18441,1,6,4,4,1,23,13,3,8,2,6,1,2,2,1,0,1,3,1,1,2,5,2,2,1
12879,0,5,5,4,1,12,1,1,4,1,3,8,3,3,5,0,3,2,1,3,3,3,2,2,1
20905,0,4,4,4,5,24,1,2,4,1,8,1,2,2,1,0,2,2,1,2,2,3,2,2,1
17144,0,8,2,2,1,9,12,1,10,4,3,8,2,2,1,0,2,1,1,2,2,3,2,2,1
2716,1,7,6,3,1,13,2,1,8,5,5,8,2,2,1,1,12,1,1,1,3,5,2,4,1
564,1,4,7,4,1,23,13,3,2,3,6,1,2,2,1,0,3,1,1,2,2,5,2,2,1
22801,1,8,1,4,1,11,13,1,10,4,5,2,2,2,1,0,2,3,1,2,2,5,3,2,1
20988,0,9,4,4,1,16,11,1,8,4,10,1,2,2,1,0,2,1,1,3,2,2,2,3,1
13865,0,10,3,4,4,7,13,1,7,1,2,7,2,3,4,0,1,3,1,1,2,3,2,2,1
22710,0,4,2,2,2,21,1,2,4,1,6,1,2,3,4,0,1,3,1,1,2,7,2,5,1
16932,1,9,1,4,1,19,1,5,7,1,8,2,3,2,1,0,1,3,1,1,2,3,2,2,1
6354,1,9,2,4,1,14,13,1,7,4,10,7,2,2,1,0,2,3,1,3,2,3,2,2,1
6764,1,8,6,4,1,16,13,1,10,4,6,1,2,2,1,0,2,1,1,2,2,5,2,2,1
33154,0,8,1,2,3,17,13,1,7,1,10,8,2,3,4,0,1,1,1,1,3,3,2,2,1
22973,0,4,6,2,1,23,13,2,10,1,7,1,2,2,4,0,1,3,1,1,2,3,2,4,1
8118,0,3,7,4,1,14,13,1,2,4,2,1,2,2,1,0,2,1,1,3,5,3,2,3,1
24938,0,4,3,4,1,18,13,3,4,4,12,1,2,2,1,0,2,2,2,2,2,3,2,2,1
29574,0,8,7,2,1,16,13,1,7,4,2,8,2,2,1,0,2,4,1,2,2,5,2,3,1
24847,1,11,2,2,5,14,1,1,2,1,7,1,3,2,1,0,3,2,1,2,2,5,2,5,1
8824,0,8,6,2,1,17,7,1,7,1,11,2,2,2,1,0,1,3,1,1,2,3,2,2,1
50,1,5,2,4,1,19,11,5,7,1,7,8,2,3,4,0,1,1,1,1,4,3,2,2,1
616,0,4,1,4,1,3,21,3,4,5,8,1,2,2,1,0,8,2,1,1,2,4,2,3,1
3044,1,6,4,4,1,19,1,1,7,1,8,1,3,2,1,0,2,1,1,3,2,3,2,2,1
5214,1,4,7,4,1,2,13,2,4,2,9,1,2,2,1,0,1,1,1,1,2,5,2,2,1
19958,1,3,1,4,5,2,1,3,8,1,7,2,3,2,1,0,3,3,1,3,2,3,2,2,1
4174,0,3,3,3,1,19,13,3,10,4,1,3,2,2,1,0,2,1,1,2,2,3,2,3,1
3627,0,7,4,4,1,13,12,1,8,4,5,1,3,2,1,0,2,2,1,2,2,3,2,2,1
13360,0,4,2,4,1,14,1,1,7,1,7,8,2,3,4,0,1,3,1,1,4,3,2,2,1
12818,0,7,7,4,1,17,10,1,3,1,5,5,2,3,4,0,1,2,1,1,2,3,2,2,1
7412,1,7,6,3,5,17,1,1,7,1,8,1,2,3,4,0,1,2,1,1,2,3,2,2,1
14785,1,4,6,4,1,14,1,1,2,1,9,8,2,2,1,0,1,1,1,1,3,3,3,2,1
17962,1,8,4,4,1,17,13,1,7,4,5,1,2,2,1,0,2,1,1,2,2,5,2,2,1
10025,1,7,5,1,5,20,1,3,7,1,3,8,2,3,4,0,8,1,1,1,2,3,2,2,1
3653,0,9,2,3,5,16,1,1,8,1,5,1,3,2,1,0,8,1,1,1,2,3,2,2,1
18440,0,7,1,4,1,1,13,2,7,1,9,1,2,3,5,0,1,3,1,1,2,3,2,2,1
17812,0,3,4,4,1,24,13,3,4,4,6,1,2,2,1,0,2,3,1,3,2,3,2,2,1
20218,0,3,2,2,1,11,13,1,8,2,5,5,2,2,1,0,1,1,1,1,2,3,2,2,1
35221,0,3,1,4,5,15,1,1,8,1,3,8,2,2,1,0,1,4,1,1,4,3,2,2,1
24924,0,6,1,2,5,14,1,1,10,1,11,8,2,2,1,0,1,2,1,1,4,3,2,2,1
4416,1,7,6,4,5,24,13,2,7,1,6,8,2,3,3,0,3,3,1,4,3,3,2,3,1
13910,0,8,3,4,1,19,10,1,2,4,6,8,2,2,1,0,2,3,1,3,2,3,2,2,1
13702,1,8,7,4,4,17,1,1,7,1,5,8,2,5,1,0,1,3,1,1,4,3,2,2,1
8417,1,7,3,4,5,18,13,1,7,1,9,8,2,3,4,0,1,3,1,1,5,3,2,2,1
27914,0,5,5,2,1,7,7,1,4,2,8,1,2,2,1,0,1,2,1,1,2,4,2,4,1
20460,0,3,1,2,5,14,1,1,7,1,6,8,3,2,1,0,3,2,2,3,3,3,2,2,1
23683,1,4,4,3,1,18,13,1,6,2,5,7,2,2,1,0,1,1,1,1,2,6,2,4,1
15654,1,3,6,3,1,22,1,3,4,1,9,1,3,2,1,0,8,2,1,1,2,3,2,2,1
7810,0,7,7,4,1,17,10,1,3,1,5,5,2,3,4,0,1,2,1,1,2,3,2,2,1
14558,0,9,1,2,1,15,13,1,7,4,10,8,2,2,1,1,12,1,1,1,4,5,2,5,1
8559,1,6,5,4,1,16,13,1,7,4,10,1,2,2,1,0,8,3,1,1,2,5,2,2,1
12829,1,3,2,4,1,8,13,1,4,4,6,1,3,2,1,0,2,2,1,3,2,3,2,3,1
33096,0,10,3,4,1,12,4,1,1,5,6,1,2,2,1,0,1,1,1,1,2,5,2,2,1
4800,1,4,4,4,1,21,13,3,4,4,4,1,2,2,1,0,2,1,1,2,2,5,2,2,1
1767,0,6,3,4,1,14,13,1,7,1,8,8,2,4,4,0,1,3,1,1,3,3,2,2,1
17907,1,9,4,4,1,18,13,1,7,1,10,1,2,2,1,0,1,3,1,1,2,3,2,3,1
30400,1,3,5,2,1,12,13,1,10,4,4,8,2,6,1,0,4,3,1,1,1,1,1,1,1
6198,1,13,1,4,5,19,13,3,4,1,3,1,2,3,4,0,2,1,1,2,2,3,2,2,1
16177,1,6,1,4,5,1,1,3,2,1,2,1,2,2,1,0,2,3,1,3,2,4,2,3,1
10471,1,4,1,4,1,13,13,1,4,1,4,8,2,2,1,0,1,2,1,1,4,3,2,2,1
17505,0,7,2,3,1,12,2,1,7,1,8,1,2,2,1,0,1,3,1,1,2,3,2,2,1
22810,1,3,6,4,3,15,10,1,4,4,4,1,2,2,1,0,2,2,1,2,2,5,2,2,1
11538,1,3,2,4,1,21,7,3,10,2,5,5,2,2,1,0,1,1,1,1,2,5,2,2,1
7370,0,8,7,4,1,18,13,1,2,2,6,1,2,2,1,0,8,2,1,1,2,3,2,2,1
6365,1,5,6,4,1,24,13,2,7,4,10,1,2,2,1,0,8,1,1,1,2,7,2,5,1
19686,0,10,2,4,1,7,4,4,7,4,6,1,2,2,1,0,2,1,1,2,2,3,3,5,1
28844,0,3,2,3,5,12,1,1,10,1,9,1,2,2,1,0,2,1,1,2,2,4,2,4,1
18260,1,9,6,4,1,14,19,1,7,6,10,8,2,2,1,0,1,1,1,1,3,4,2,3,1
22055,0,5,7,4,1,15,13,1,7,4,7,8,3,2,1,0,2,1,1,3,2,3,2,2,1
14974,1,6,7,3,1,16,13,1,8,2,8,1,2,2,1,0,8,3,1,1,2,3,2,2,1
10966,1,7,4,4,1,21,7,2,2,2,6,7,3,2,1,0,1,3,1,1,2,7,2,4,1
19948,0,6,6,4,1,23,13,2,7,1,6,1,2,2,1,0,1,3,1,1,2,3,2,2,1
2782,1,6,6,4,1,24,13,3,10,4,5,1,2,2,1,0,2,1,1,2,2,3,3,2,1
2729,1,10,7,4,5,17,13,1,7,1,7,8,2,3,4,0,1,1,1,1,4,3,2,2,1
23666,0,3,2,4,1,19,15,1,2,1,5,1,2,3,4,0,3,1,1,2,2,3,2,2,1
18047,0,6,5,4,1,2,13,3,10,1,8,8,2,3,4,0,1,1,1,1,3,3,2,2,1
15764,0,11,3,4,1,15,13,1,8,3,11,1,2,2,1,0,1,1,1,1,2,3,2,2,1
13424,1,5,6,4,1,23,13,3,4,4,9,1,2,2,1,0,2,3,1,2,2,5,2,2,1
30907,0,4,3,2,5,3,1,3,2,1,7,1,3,2,1,0,1,4,1,1,2,4,2,4,1
8561,1,7,1,4,1,14,1,1,7,1,10,1,2,2,1,0,2,3,1,3,2,3,2,2,1
30908,0,8,4,2,1,17,22,1,7,5,8,8,2,2,1,0,8,3,1,1,1,1,1,1,1
13119,0,3,7,4,5,18,1,1,2,1,2,1,2,3,4,0,1,1,1,1,2,3,2,2,1
27610,0,4,3,2,1,17,19,1,8,5,7,1,3,2,1,0,1,1,1,1,2,4,2,4,1
11523,1,6,3,4,1,11,11,1,7,7,5,1,3,2,1,0,1,2,1,1,2,3,2,2,1
22187,0,4,5,4,1,10,13,1,4,2,5,5,2,2,1,0,4,1,1,1,1,1,1,1,1
10336,1,11,5,4,1,9,1,1,4,1,9,2,2,2,1,0,2,1,1,3,2,3,2,2,1
5612,1,9,4,4,1,15,13,1,7,4,7,8,2,2,1,0,8,2,1,1,4,3,2,2,1
6828,0,3,2,4,1,11,13,1,4,4,10,1,3,2,1,0,8,2,1,1,2,3,2,2,1
28198,0,4,4,4,1,6,13,1,10,2,10,7,2,2,1,0,1,1,1,1,2,7,2,4,1
17017,1,7,1,3,5,16,6,1,7,1,4,8,3,3,4,0,1,3,1,1,3,3,8,2,2
33577,0,7,6,4,5,15,1,1,7,1,4,1,3,3,4,0,1,3,1,1,2,3,2,4,1
10985,1,6,7,4,1,19,13,2,2,3,1,1,2,2,1,0,2,3,1,2,2,3,2,2,1
8126,0,11,1,4,1,10,13,1,10,4,4,8,2,2,1,0,2,1,1,3,2,3,2,2,1
7444,1,3,3,4,1,22,13,2,4,4,8,1,2,2,1,0,2,2,1,3,2,7,2,5,1
6500,1,4,2,4,1,20,13,5,4,4,3,8,2,2,1,0,2,1,1,3,3,3,2,2,1
15978,0,6,3,4,1,21,13,2,8,4,7,3,2,2,1,0,2,1,1,2,2,5,2,3,1
15101,1,6,1,4,1,16,13,1,2,4,9,1,2,2,1,0,2,1,1,2,2,3,2,2,1
3871,1,2,5,4,1,1,13,2,2,1,4,1,2,3,4,0,1,3,1,1,2,3,2,2,1
24364,1,4,7,4,1,14,13,1,4,4,4,1,2,2,1,0,8,1,1,1,2,3,2,2,1
613,1,4,1,4,1,21,13,3,4,1,8,1,2,3,5,0,1,2,1,1,2,5,2,5,1
6956,0,4,6,4,1,15,13,1,2,4,4,1,2,2,1,0,2,1,1,2,2,3,2,2,1
16481,1,3,7,4,1,19,13,5,10,4,8,1,2,2,1,0,2,3,1,2,2,3,2,2,1
1929,0,8,4,4,1,20,13,2,7,4,10,1,2,2,1,0,2,3,1,2,2,3,2,2,1
12188,0,5,1,4,1,19,13,2,2,4,10,1,2,2,1,0,7,1,1,1,2,3,2,3,1
8235,1,5,1,3,4,8,10,1,4,1,9,8,2,3,4,0,1,1,1,1,4,3,2,2,1
13009,1,6,7,4,1,15,12,1,4,7,7,1,2,2,1,0,3,1,1,3,2,3,2,4,1
14640,1,10,3,2,5,16,1,1,7,1,11,1,3,2,1,0,1,3,1,1,2,3,2,2,1
11484,1,4,7,4,1,12,13,1,4,4,10,1,2,2,1,0,8,3,1,1,2,4,2,3,1
28520,0,9,1,2,5,11,1,1,7,1,9,1,3,2,1,0,8,3,1,1,2,3,2,2,1
5187,1,9,2,4,1,10,7,1,2,2,6,1,2,2,1,0,1,1,1,1,2,3,2,3,1
26589,0,3,1,4,5,14,1,1,3,1,3,1,3,2,1,0,3,2,1,2,2,5,2,5,1
15107,1,9,7,4,1,13,13,1,7,4,10,1,2,2,1,0,2,2,1,2,2,3,2,3,1
337,0,4,5,4,5,20,1,2,2,1,3,1,3,3,4,0,1,3,1,1,2,3,2,2,1
35336,0,9,7,2,1,9,20,1,7,5,7,7,2,2,1,1,14,1,1,1,3,3,2,7,1
31045,0,3,1,4,5,9,1,1,2,1,3,1,2,2,1,0,1,4,1,1,4,3,2,2,1
35811,0,4,1,4,1,15,13,1,10,4,9,7,2,2,1,0,1,1,1,1,3,3,2,2,1
11581,1,10,5,3,1,6,4,4,7,4,9,1,2,2,1,0,2,1,1,2,2,3,2,2,1
3746,0,5,6,4,1,17,13,1,7,3,7,1,2,2,1,0,1,1,1,1,2,3,2,2,1
13923,1,6,2,4,1,21,10,2,7,1,7,1,2,2,1,0,1,1,1,1,2,3,2,2,1
16251,0,7,7,4,1,16,3,1,4,4,7,1,2,2,1,0,2,1,1,2,2,3,2,3,1
18506,0,8,1,4,1,20,13,5,7,4,5,1,2,2,1,0,1,3,1,1,2,3,2,2,1
5442,0,4,5,4,1,14,13,1,4,2,4,7,2,2,1,0,8,2,1,1,2,3,2,2,1
8571,0,6,6,4,1,20,13,3,4,4,10,1,2,2,1,0,2,3,1,3,2,5,2,2,1
9075,1,7,5,4,1,16,13,1,8,3,6,8,2,2,1,0,1,1,1,1,5,3,2,2,1
17247,1,6,3,4,1,19,13,5,7,3,4,1,2,2,1,0,2,2,1,3,2,3,3,2,1
18892,1,4,1,4,3,2,13,2,10,1,4,1,3,3,3,0,1,3,1,1,2,3,2,4,1
7891,1,7,5,4,1,12,13,1,7,4,9,1,2,2,1,0,2,3,1,3,2,5,2,4,1
10390,1,7,1,3,1,15,13,1,7,2,2,7,3,2,1,0,1,2,1,1,2,4,2,4,1
30417,1,3,1,3,1,20,13,1,10,4,6,8,2,2,1,0,2,4,1,3,2,3,2,4,1
10856,0,4,2,4,1,1,13,3,2,2,6,1,2,2,1,0,1,3,1,1,2,4,2,4,1
9121,0,8,2,4,1,6,13,2,2,4,1,1,2,2,1,0,2,1,1,3,2,3,2,2,1
9181,0,8,6,3,1,16,13,1,10,4,4,1,2,2,1,1,2,1,1,2,2,3,2,3,1
30765,1,7,6,3,5,18,1,2,2,1,3,1,2,2,1,0,1,1,1,1,2,7,2,4,1
16214,1,4,4,4,1,20,13,1,10,4,6,8,2,2,1,0,2,1,1,2,2,3,2,2,1
23061,1,7,6,3,3,14,18,1,7,1,5,1,2,3,3,0,8,2,1,1,2,3,2,4,1
6780,1,7,1,4,1,20,13,5,8,3,7,1,2,2,1,0,2,3,1,2,2,5,2,2,1
6621,1,3,1,4,4,5,13,2,2,1,8,8,2,3,5,0,1,3,1,1,4,3,2,2,1
10246,1,3,7,4,5,24,1,3,10,1,9,8,3,2,1,0,1,1,1,1,3,4,2,2,1
31594,1,6,5,3,1,16,2,1,7,5,2,8,2,2,1,0,2,1,1,3,2,3,2,2,1
16439,0,3,4,4,5,16,1,1,4,1,11,1,2,2,1,0,2,3,1,3,2,5,2,5,1
13418,0,10,7,4,1,19,4,5,8,1,9,8,2,3,4,0,1,3,1,1,4,3,2,2,1
8914,1,6,2,4,1,21,10,2,7,1,7,1,2,2,1,0,1,1,1,1,2,3,2,2,1