id,Severity,age_classes,day_week,DEFORMED_classes,m_harm_classes,hour,impact1_classes,lgt_cond,make,man_coll,month,p_crash1,pcrash4,pcrash5,rel_road,reljct1,reljct2,rest_use,sex,typ_int,valign,vnum_lan,vsurcond,vtrafway,weather_classes
34727,0,4,7,4,1,24,7,2,10,2,7,2,2,2,1,0,1,3,1,1,2,5,2,4,1
1344,0,2,2,4,1,22,13,3,8,4,10,1,2,2,1,0,2,1,1,2,2,6,2,5,1
23529,0,3,1,4,5,1,1,3,4,1,11,1,2,3,4,0,1,2,1,1,2,3,2,4,1
21725,1,10,6,2,1,3,18,2,10,5,4,7,2,2,1,0,1,1,1,1,2,7,2,4,1
29817,0,10,4,4,3,15,13,1,2,1,7,8,2,3,3,0,3,2,1,2,2,3,2,4,1
7077,0,4,7,4,1,13,13,1,7,4,7,1,2,2,1,0,4,3,1,1,2,5,2,2,1
990,0,10,4,4,5,15,1,1,7,1,2,1,2,3,1,0,1,3,1,1,2,3,2,2,1
31449,0,6,6,4,5,15,1,1,4,1,9,6,2,3,8,1,13,1,1,1,2,4,2,4,1
15710,0,4,3,4,1,8,13,1,2,4,9,1,2,2,1,0,8,1,1,1,2,3,2,2,1
10022,1,7,2,4,1,15,13,1,10,4,2,1,2,2,1,0,2,1,1,2,2,3,2,2,1
14644,0,3,4,1,1,2,13,3,4,2,12,1,2,2,1,0,1,1,1,1,2,4,3,4,1
26257,0,7,7,4,1,10,13,1,7,4,7,8,2,2,1,0,3,2,1,3,2,3,2,2,1
26746,0,4,1,2,4,13,13,1,2,1,7,1,3,3,4,0,1,2,1,1,2,3,2,2,1
26211,0,8,7,2,5,13,1,1,4,1,6,8,2,3,4,0,1,2,1,1,5,3,2,2,1
11254,1,4,1,4,1,12,13,1,4,4,6,1,2,2,1,0,2,1,1,2,2,4,2,3,1
15232,1,4,7,4,1,2,13,2,4,2,9,1,2,2,1,0,1,1,1,1,2,5,2,2,1
28551,0,2,1,4,5,9,1,1,2,1,6,1,2,2,1,0,5,1,1,1,2,3,2,7,1
17219,1,4,5,4,1,15,13,1,2,4,10,1,2,2,1,0,2,2,1,2,2,5,2,5,1
8036,1,13,5,4,1,14,2,1,10,1,8,1,2,4,4,0,1,1,1,1,2,3,2,2,1
16435,1,6,1,4,1,21,10,3,2,4,11,1,2,2,1,0,8,3,1,1,2,4,2,3,1
23521,1,2,6,2,1,20,13,3,10,2,9,1,2,2,1,0,2,2,1,3,2,3,2,4,1
31270,1,3,2,4,1,12,13,1,10,4,6,1,2,2,1,0,2,4,1,3,2,3,2,2,1
9485,1,8,7,3,1,8,13,1,7,2,9,1,2,2,1,0,1,3,1,1,2,3,2,4,1
7021,1,10,1,4,5,24,1,3,7,1,7,8,2,3,3,0,1,3,1,1,3,4,2,4,1
2675,1,3,6,4,1,14,13,1,4,4,9,1,2,2,1,0,2,3,1,2,2,6,2,5,1
35157,0,7,1,2,1,14,7,1,7,2,8,5,2,2,1,0,1,4,1,1,3,3,2,2,1
23144,0,8,4,3,1,16,18,1,10,6,5,5,2,2,1,0,1,2,1,1,2,3,2,2,1
3048,0,6,7,4,4,6,13,4,7,1,9,8,2,3,4,0,1,2,1,1,5,3,2,2,1
18852,0,3,7,4,1,17,1,1,10,1,11,1,2,6,1,0,8,3,1,1,1,1,1,1,1
1804,0,7,6,4,1,6,13,1,7,1,8,1,3,2,1,0,1,3,1,1,2,3,2,2,1
5512,0,3,7,4,5,17,1,1,6,1,6,1,3,2,1,0,1,2,1,1,2,3,2,2,1
16719,1,9,4,4,5,15,13,1,2,4,5,1,2,2,1,0,1,3,1,1,2,3,3,2,1
5414,1,7,7,4,1,8,13,1,7,4,3,1,2,2,1,0,2,2,1,3,2,7,2,5,1
21300,0,4,6,3,5,20,1,3,4,1,11,1,2,2,1,0,1,1,1,1,2,3,2,3,1
1761,1,8,1,4,1,17,13,1,7,4,7,1,2,2,1,0,8,3,1,1,2,3,2,2,1
33153,0,4,5,4,1,12,7,1,8,2,10,2,2,2,1,0,3,1,1,3,2,2,2,2,1
13464,1,13,1,3,5,15,1,1,2,1,9,8,3,3,4,0,1,1,1,1,5,3,2,2,1
3087,0,3,6,4,1,2,13,2,2,1,12,1,2,2,1,0,2,1,2,2,2,5,2,2,1
17981,1,4,5,4,1,10,13,1,2,4,5,1,2,2,1,0,2,1,1,3,2,3,2,2,1
19442,1,7,6,4,5,24,13,2,7,1,6,8,2,3,3,0,3,3,1,4,3,3,2,3,1
8175,1,6,3,4,1,13,13,1,2,1,4,1,2,4,5,0,1,1,1,1,2,3,3,2,1
11244,1,8,5,4,1,15,13,1,7,3,5,1,2,2,1,0,2,3,1,2,2,3,2,2,1
31162,0,2,5,4,1,8,21,1,4,5,9,7,2,2,1,0,1,1,1,1,2,6,2,4,1
7607,1,4,4,4,1,21,10,2,2,5,6,6,2,2,1,1,5,1,1,1,3,2,2,7,1
29731,0,6,3,3,1,16,13,1,10,4,5,8,2,2,1,0,8,1,1,1,2,3,2,2,1
20170,0,7,6,2,5,16,1,1,7,1,2,1,2,2,1,0,2,2,1,3,2,3,2,2,1
34156,0,9,7,4,1,13,7,1,7,2,7,1,2,2,1,0,1,4,1,1,2,3,2,4,1
13243,1,5,1,3,4,8,10,1,4,1,9,8,2,3,4,0,1,1,1,1,4,3,2,2,1
15382,0,11,1,4,1,11,18,1,9,6,1,8,2,2,1,0,1,2,1,1,3,3,2,2,1
6040,0,3,1,4,1,14,13,1,10,3,4,8,2,2,1,0,1,1,1,1,3,3,2,2,1
20671,0,3,3,2,1,22,21,3,2,5,3,1,3,2,1,0,3,2,1,2,2,7,2,3,1
16997,1,5,1,4,5,18,1,1,7,1,7,8,2,3,4,0,2,3,1,3,3,3,2,2,1
15716,1,10,7,3,1,18,13,5,7,1,10,1,2,2,1,0,1,1,1,1,2,3,2,2,1
21718,1,8,5,3,5,20,1,3,7,1,3,1,3,2,1,0,1,1,1,1,2,5,2,2,1
1090,1,7,1,4,1,20,13,3,7,3,4,1,2,2,1,0,2,3,1,2,2,3,2,3,1
5320,1,3,3,3,5,24,2,6,8,1,8,1,2,3,3,0,1,3,1,1,2,3,2,4,1
11294,1,4,4,4,1,21,7,2,8,2,8,1,2,2,1,0,2,3,1,2,2,3,2,3,1
6311,1,3,4,4,1,23,13,3,10,2,9,1,2,2,1,0,1,1,1,1,2,4,2,4,1
8262,0,6,7,4,2,23,13,2,2,1,12,8,2,3,4,0,1,1,1,1,3,3,2,2,1
13665,0,3,6,4,1,22,12,2,2,1,5,1,2,3,4,0,1,2,1,1,2,3,2,2,1
26713,1,7,5,4,1,12,7,1,7,2,5,1,2,2,1,0,1,2,1,1,2,4,2,3,1
9881,1,5,5,4,1,13,13,1,7,3,5,8,2,2,1,0,1,3,1,1,3,3,2,2,1
2435,1,3,3,4,1,22,13,2,4,4,8,1,2,2,1,0,2,2,1,3,2,7,2,5,1
729,0,7,6,3,1,6,18,4,7,4,11,1,2,2,1,0,1,2,1,1,2,5,2,4,1
33279,0,8,3,2,1,19,13,3,7,2,10,1,2,2,1,0,3,3,1,2,2,5,2,3,1
14768,0,5,5,4,1,23,13,2,7,2,8,1,2,2,1,1,12,1,1,1,2,7,2,4,1
5482,1,6,3,4,1,12,13,1,4,3,5,1,2,2,1,0,2,2,1,2,2,5,2,2,1
28384,0,2,3,2,1,8,13,1,2,4,12,1,2,2,1,0,8,3,1,1,2,4,2,2,1
36899,0,6,2,3,1,14,22,1,2,5,11,1,2,2,1,0,1,1,1,1,2,4,2,5,1
15355,1,8,1,4,1,12,13,1,7,4,10,1,2,2,1,0,2,3,1,3,2,3,2,2,1
29133,1,10,7,4,1,14,13,1,8,4,12,1,2,2,1,0,2,2,1,3,2,3,2,2,3
13385,0,3,1,4,5,6,1,4,7,1,7,8,3,3,4,0,1,3,1,1,5,3,2,2,1
17757,1,3,3,4,1,17,1,1,4,1,8,1,3,2,1,0,2,1,1,2,2,5,2,2,1
22896,1,6,5,4,1,16,13,1,7,4,10,1,2,2,1,0,8,3,1,1,2,5,2,2,1
19095,0,6,7,2,1,2,13,2,7,2,10,1,2,2,1,0,1,1,1,1,2,3,2,3,1
9443,1,11,7,3,1,24,13,2,7,1,6,8,2,2,1,0,1,3,1,1,4,3,2,4,1
397,0,6,7,4,1,2,7,2,2,2,3,1,2,2,1,0,1,2,1,1,2,3,2,4,1
444,0,6,3,4,5,7,1,1,10,1,4,1,3,2,1,0,1,1,1,1,2,6,2,4,1
34685,0,3,2,2,5,17,1,1,2,1,3,1,3,2,1,0,1,4,2,1,2,6,3,4,1
30540,1,10,6,2,1,15,21,1,10,5,11,7,2,2,1,0,1,3,1,1,2,5,2,5,1
11744,1,6,1,4,1,9,21,1,8,1,7,8,3,3,5,0,1,3,1,1,4,3,2,2,1
7395,0,9,1,4,1,14,13,1,8,4,7,8,2,2,1,0,1,2,1,1,4,3,2,2,1
5991,0,6,4,3,1,20,13,2,4,1,2,1,2,2,1,1,5,1,1,1,2,2,2,7,1
10495,1,4,2,4,1,17,13,1,8,3,5,1,2,2,1,0,2,1,1,2,2,3,2,2,1
35205,0,5,6,4,1,12,13,1,4,2,1,1,2,2,1,1,12,1,1,1,2,5,2,4,1
6631,0,7,5,4,1,11,13,1,7,4,6,1,3,2,1,0,2,1,1,2,2,5,2,2,1
11855,1,5,7,4,5,19,13,1,10,1,9,1,2,3,3,0,1,1,1,1,2,3,2,4,1
3363,1,7,2,4,1,15,13,1,7,4,6,1,2,2,1,1,2,3,1,2,2,3,2,2,1
11772,1,8,6,4,1,16,13,1,10,4,6,1,2,2,1,0,2,1,1,2,2,5,2,2,1
8862,0,2,1,4,1,17,13,1,4,4,2,1,2,2,1,0,2,3,1,2,2,3,2,3,1
7047,0,9,6,2,4,14,13,1,10,1,3,8,3,3,4,0,1,1,1,1,5,3,2,2,1
432,0,4,5,4,1,14,13,1,4,2,4,7,2,2,1,0,8,2,1,1,2,3,2,2,1
26229,0,5,5,2,4,15,21,1,7,1,3,1,3,3,4,0,3,3,1,3,2,3,2,2,1
8885,1,6,7,4,1,20,13,5,4,4,5,8,2,5,1,0,8,1,1,1,3,3,2,3,1
31095,0,4,1,4,1,10,2,1,4,5,6,7,2,2,1,1,12,1,2,1,4,4,2,4,1
11801,0,10,6,4,5,5,18,4,7,5,9,1,2,2,1,0,1,3,1,1,2,3,2,3,1
36321,0,4,3,3,1,20,13,2,2,4,7,3,2,2,1,0,2,1,1,2,2,8,3,5,1
18941,1,7,3,4,1,23,7,2,7,2,8,4,2,2,1,0,2,3,1,2,2,3,2,2,1
17751,0,6,4,4,1,11,13,1,2,4,7,1,3,2,1,0,2,1,1,2,2,3,2,2,1
22400,0,3,7,4,1,22,7,3,4,2,11,5,2,2,1,0,3,1,1,2,2,3,2,4,1
19215,1,7,5,4,5,1,1,3,1,1,3,1,3,2,1,0,1,1,1,1,2,4,2,4,1
16518,1,8,1,3,5,1,1,3,7,1,3,8,2,3,2,0,1,1,1,1,3,3,3,2,1
20228,1,5,4,2,1,9,13,1,2,2,6,2,3,2,1,0,3,2,2,3,2,5,2,2,1
17583,0,8,5,4,4,22,13,2,10,1,9,8,2,3,6,0,1,1,1,1,5,3,2,2,1
27264,0,5,6,4,5,23,1,3,8,1,7,8,3,2,1,1,2,3,1,2,2,4,2,4,1
6350,1,5,7,4,1,2,13,3,2,1,7,8,2,3,4,0,1,3,1,1,3,3,2,2,1
22337,1,7,5,4,3,18,2,1,7,1,6,1,2,3,3,0,1,3,1,1,2,3,2,4,1
31285,0,4,7,3,1,17,2,1,4,4,9,8,2,2,11,0,8,4,1,1,1,1,1,1,1
24486,0,4,2,2,1,16,13,1,7,4,5,1,2,2,1,0,2,1,1,2,2,3,2,2,1
16153,0,4,1,4,1,2,7,3,7,2,5,5,2,2,1,0,2,3,1,2,2,3,2,5,1
23791,0,7,7,2,1,18,22,1,10,5,8,1,3,2,1,0,2,2,1,3,2,5,2,2,1
3949,1,3,2,4,1,18,13,2,4,4,11,1,2,2,1,0,8,1,1,1,2,3,2,3,1
27105,0,4,7,4,1,15,13,1,10,4,3,1,2,2,1,0,8,3,1,1,2,3,2,3,1
19773,0,8,7,4,5,19,2,1,2,1,8,8,2,3,4,0,1,1,1,1,4,3,2,2,1
34486,1,8,7,4,1,24,13,6,8,4,8,1,2,2,1,0,2,4,1,2,2,3,2,4,1
20588,1,8,7,3,3,16,9,1,7,1,7,1,2,3,3,0,1,3,1,1,2,4,2,4,1
3718,0,10,3,4,1,12,13,1,2,4,7,8,2,2,1,0,8,1,1,1,4,3,2,2,1
25015,1,8,6,4,1,18,13,1,7,1,6,8,2,2,1,0,1,1,1,1,3,3,2,2,1
16579,0,6,4,4,1,6,13,4,10,2,8,1,2,2,1,0,1,1,1,1,2,5,2,4,1
4052,1,6,4,4,1,6,13,4,7,3,8,1,2,2,1,0,1,1,1,1,2,3,2,2,1
31927,1,4,1,4,5,12,1,1,10,1,8,1,2,2,1,0,1,2,1,1,2,3,2,4,1
5228,1,7,5,4,5,14,1,1,7,1,9,8,2,3,4,0,1,3,1,1,4,3,2,2,1
21177,0,8,4,4,1,13,13,1,7,5,6,1,2,2,1,0,1,3,1,1,2,4,2,4,1
23670,0,8,4,4,1,15,1,1,2,1,5,8,3,2,1,0,8,1,1,1,3,5,2,5,1
15813,0,7,3,2,1,11,13,1,10,1,5,1,2,2,1,0,1,2,1,1,2,5,2,2,1
13505,1,10,4,4,1,20,13,3,7,4,4,1,2,2,1,0,2,3,1,2,2,5,2,2,1
7781,1,7,3,4,1,11,13,1,2,4,5,1,2,2,1,0,2,2,1,3,2,3,2,2,1
11657,1,8,2,3,1,10,13,1,2,2,8,1,2,2,1,0,3,3,1,2,2,4,2,4,1
13660,0,2,3,4,1,22,2,2,4,1,5,8,2,3,4,0,1,2,1,1,4,3,3,2,1
9437,1,3,6,4,1,23,13,3,2,2,8,8,2,2,1,0,1,3,1,1,3,7,2,4,1
1816,1,8,2,4,1,10,12,1,2,4,9,1,2,2,1,0,2,3,2,2,2,3,2,2,1
34355,0,4,4,4,1,5,13,2,10,1,8,1,2,2,1,0,1,4,1,1,2,3,2,2,1
30574,0,8,2,3,1,18,13,1,1,2,6,5,2,2,1,0,1,4,1,1,2,3,2,4,1
12849,1,10,7,4,3,13,15,1,7,1,8,8,3,3,4,1,5,2,1,1,3,2,2,7,1
14658,0,5,3,2,1,21,13,2,7,4,9,8,2,2,1,0,2,3,1,3,3,7,2,3,1
3422,1,4,6,4,1,22,13,2,7,6,8,1,2,2,1,0,1,3,1,1,2,3,2,2,1
24313,0,9,4,4,1,11,13,1,7,4,4,1,2,2,1,0,2,1,1,2,2,3,2,2,1
2943,0,8,2,4,1,20,13,1,2,3,5,1,2,2,1,0,4,1,1,1,2,3,2,3,1
33845,0,7,5,4,1,12,4,1,4,5,6,1,2,2,1,0,1,4,1,1,2,6,2,4,1
6690,1,10,4,4,5,16,1,1,7,1,4,8,2,3,4,0,1,3,1,1,4,3,2,2,1
8889,1,7,1,4,4,21,13,3,8,1,5,1,3,3,3,0,1,3,1,1,2,3,2,4,1
35713,0,6,4,4,1,14,13,1,4,2,5,1,2,2,1,0,1,4,1,1,2,6,2,4,1
25662,0,3,7,4,1,14,8,1,2,5,6,1,2,2,1,0,3,2,2,3,2,3,2,2,1
22163,0,5,6,3,1,15,7,1,8,2,2,5,2,2,1,0,3,1,1,2,2,5,2,5,1
2147,0,12,1,3,5,10,1,1,10,1,5,8,2,3,4,0,1,1,1,1,4,3,2,2,1
11055,1,10,6,4,1,11,13,1,7,4,3,1,2,2,1,0,2,3,1,2,2,3,2,3,1
29502,1,7,5,2,1,12,7,1,7,2,7,2,2,2,1,0,1,3,1,1,2,3,2,2,1
6209,0,10,1,4,1,24,13,3,2,3,4,1,2,2,1,0,3,3,1,1,2,3,2,2,1
26335,0,9,1,2,5,17,1,1,7,1,5,8,2,2,1,0,3,3,1,3,2,3,2,2,1
1374,1,9,6,4,1,19,13,3,7,4,10,1,2,2,1,0,2,1,1,2,2,5,2,5,1
30778,1,4,2,2,1,21,1,3,4,1,6,8,2,2,1,1,2,1,1,3,2,3,2,7,1
30040,1,5,5,4,5,15,1,1,4,1,2,8,3,5,1,0,3,4,1,3,2,3,2,2,1
2084,1,7,6,2,4,17,13,1,2,1,8,7,2,3,4,0,1,3,1,1,2,3,2,2,1
875,1,5,7,4,5,19,13,1,7,4,8,1,2,2,1,0,1,3,1,1,2,3,2,2,1
11776,1,10,5,4,1,11,13,1,8,4,9,1,2,2,1,0,2,3,1,2,2,5,2,4,1
3100,1,4,7,4,1,15,13,1,4,1,1,8,2,3,4,0,1,1,1,1,3,3,2,2,1
7360,0,3,2,4,5,24,1,2,7,1,6,1,2,3,4,0,1,2,1,1,3,3,2,2,1
16416,0,6,7,4,5,3,1,3,4,1,11,8,2,2,1,1,5,1,1,1,4,3,2,7,1
20526,0,10,7,3,1,19,12,3,2,4,2,1,2,2,1,0,8,3,1,1,2,5,2,2,1
30623,0,7,2,4,5,13,1,1,4,1,6,8,2,3,4,0,1,3,2,1,4,3,2,2,1
15338,1,3,3,3,5,24,2,6,8,1,8,1,2,3,3,0,1,3,1,1,2,3,2,4,1
23586,0,8,3,2,5,17,1,1,8,1,5,7,2,2,1,0,1,3,1,1,2,5,2,2,1
16888,0,6,7,4,5,3,1,2,10,1,6,1,2,3,3,0,1,3,1,1,2,5,2,3,1
17307,0,5,1,4,1,21,13,3,2,2,10,1,2,2,1,0,1,2,1,1,2,3,2,2,1
22888,0,6,1,4,1,16,4,1,7,4,9,1,2,2,1,0,8,2,2,1,2,3,2,4,1
7768,0,4,5,4,1,13,13,1,4,1,2,1,3,4,4,0,1,1,1,1,2,4,2,4,1
17762,0,7,7,3,5,24,1,2,7,1,9,8,3,3,4,0,1,1,1,1,3,3,2,2,1
3690,0,3,4,2,1,22,7,2,2,2,6,8,2,2,1,0,1,1,1,1,4,3,2,3,1
5144,0,3,1,4,1,12,13,1,2,4,3,1,3,2,1,0,2,1,1,3,2,3,2,3,1
17767,0,5,1,4,1,15,13,1,4,1,12,8,3,3,4,0,1,3,1,1,3,3,2,2,1
12998,1,8,7,4,5,13,1,1,7,1,7,8,3,2,1,0,1,3,1,1,3,3,2,2,1
13154,1,8,6,4,1,14,13,1,2,3,5,1,2,2,1,0,1,1,1,1,2,3,2,2,1
16202,0,4,2,4,1,21,13,3,4,4,4,1,2,2,1,0,2,1,1,2,2,4,2,3,1
7152,0,9,7,3,5,22,1,2,4,1,4,8,2,3,8,1,5,1,1,1,3,2,2,7,1
7572,0,8,1,4,1,15,13,1,7,4,10,1,2,2,1,0,2,1,1,2,2,3,2,2,1
31267,0,8,7,4,5,9,1,1,7,1,5,8,2,3,4,0,1,4,1,1,3,3,2,2,1
5525,0,4,6,4,1,4,13,3,2,2,4,1,2,2,1,0,3,2,1,2,2,5,2,3,1
13087,1,6,6,4,1,16,13,1,4,4,9,1,2,2,1,0,8,1,1,1,2,3,2,2,1
12853,1,4,1,4,1,22,13,3,4,2,6,7,2,2,1,0,1,2,1,1,2,4,2,4,1
19928,0,2,2,4,1,15,13,1,4,4,4,7,3,2,1,0,8,2,1,1,2,3,2,2,1
18252,1,5,1,3,4,8,10,1,4,1,9,8,2,3,4,0,1,1,1,1,4,3,2,2,1
9035,1,5,4,4,1,21,13,3,2,4,6,1,2,2,1,0,8,1,1,1,2,3,2,5,1
25006,0,7,6,4,5,17,1,1,7,1,5,2,3,2,1,0,1,1,1,1,2,5,2,4,1
31486,1,4,1,4,1,2,13,3,7,2,1,1,2,2,1,0,1,4,1,1,2,7,2,4,1
23433,1,6,1,2,1,15,10,1,2,4,2,4,2,6,1,0,2,3,1,3,1,1,1,1,1
6511,1,6,2,4,1,14,13,1,8,4,4,1,2,2,1,0,1,1,1,1,2,3,2,2,1
18532,0,5,6,4,1,14,13,1,10,4,7,1,2,2,1,0,2,3,1,2,2,3,2,2,1
11131,1,3,4,4,5,6,1,2,8,1,3,1,2,2,1,0,1,1,1,1,2,4,2,4,1
12143,0,3,1,3,1,10,13,1,8,3,4,8,2,2,1,0,1,1,2,1,3,3,2,2,1
5728,0,6,1,4,1,16,13,1,1,6,10,8,2,2,1,0,1,1,2,1,4,3,2,2,1
1858,0,9,4,4,1,16,13,1,7,2,6,1,2,2,1,0,1,1,1,1,2,5,2,3,1
2021,1,3,5,4,5,23,13,3,10,1,9,8,2,3,4,0,1,3,1,1,4,3,2,2,1
22173,1,4,4,4,1,14,13,1,8,4,3,8,2,2,1,0,2,1,1,3,2,3,2,4,1
23671,0,9,1,2,1,17,13,1,2,1,5,1,2,2,1,0,1,1,2,1,2,3,2,2,1
15002,0,4,7,4,1,6,13,4,10,4,9,7,2,4,7,0,8,3,1,1,2,3,2,2,1
30772,0,3,5,2,1,18,21,1,2,5,5,2,2,2,1,0,1,1,2,1,2,5,2,4,1
13879,1,4,5,4,1,13,13,1,8,1,3,8,2,3,4,0,1,3,1,1,3,3,2,2,1
4549,1,11,4,3,1,11,13,1,2,3,10,1,2,2,1,1,2,2,1,2,2,3,2,3,1
11937,0,6,7,4,1,16,13,1,2,3,9,8,2,2,1,0,1,1,1,1,4,3,2,2,1
31508,0,7,1,4,5,14,1,1,8,1,4,8,2,2,1,0,1,1,1,1,4,3,2,2,1
22566,0,7,1,2,1,14,13,1,8,4,11,1,2,2,1,0,2,2,1,2,2,3,2,2,1
1187,1,4,4,4,1,20,13,1,10,4,6,8,2,2,1,0,2,1,1,2,2,3,2,2,1
13128,0,3,7,4,1,23,13,2,2,2,3,1,2,2,1,0,1,1,1,1,2,5,2,4,1
32724,0,6,6,4,1,14,13,1,7,4,2,1,2,2,1,0,2,1,1,2,2,3,2,4,1
20433,0,7,4,3,1,15,13,1,7,4,5,8,2,6,1,0,8,2,1,1,1,1,1,1,1
32661,1,4,7,3,1,3,13,2,10,1,7,1,2,2,1,0,1,4,1,1,2,3,2,2,1
3071,0,9,1,2,1,15,19,1,10,5,10,8,2,2,1,0,8,1,1,1,2,3,2,2,1
22903,0,10,1,2,1,19,13,2,7,4,10,1,2,2,1,1,2,2,1,2,2,3,2,2,1
8196,0,8,4,3,1,18,13,1,1,1,7,1,2,2,1,0,1,1,1,1,2,3,2,2,1
23947,1,9,5,3,1,6,2,1,7,5,6,8,2,2,1,0,1,2,1,1,2,3,3,2,1
18510,1,4,5,4,1,18,1,1,8,1,5,1,2,2,1,0,2,3,1,2,2,3,3,2,1
21981,1,6,7,4,1,18,2,1,8,5,6,8,2,2,1,0,1,1,1,1,4,4,2,4,1
662,1,10,4,2,5,10,1,1,8,1,9,1,2,3,4,0,1,1,1,1,2,3,2,2,1
21341,0,7,6,4,1,17,13,1,7,3,9,8,2,2,1,0,1,3,1,1,4,3,2,2,1
31975,1,4,2,3,1,10,18,1,2,4,11,8,2,2,1,0,2,3,1,3,2,3,2,2,1
16548,1,5,6,4,1,6,13,2,4,1,5,8,2,2,1,0,1,1,1,1,3,3,2,2,1
9007,1,11,1,4,1,12,13,1,7,4,4,1,2,2,1,0,8,1,1,1,2,3,2,2,1
24874,0,8,4,3,1,16,13,1,7,4,9,1,2,2,1,0,2,2,1,3,2,3,2,4,1
6904,0,3,6,4,5,23,1,2,10,1,8,8,2,3,4,0,1,3,1,1,3,3,2,2,1
13704,1,2,5,4,1,20,15,1,2,1,6,8,2,3,4,0,1,3,1,1,4,3,2,2,1
14686,0,11,5,3,1,13,10,1,4,5,6,7,2,2,1,1,11,1,1,1,2,6,2,4,1
2039,1,6,7,4,4,11,13,1,7,1,3,8,2,3,4,0,1,3,1,1,4,3,2,2,1
10004,0,9,6,4,1,11,12,1,2,6,7,1,2,2,1,0,1,2,1,1,2,3,2,3,1
9870,1,10,7,4,5,11,1,1,2,1,10,8,2,3,5,0,1,1,1,1,4,3,2,2,1
11866,0,9,7,4,1,18,10,1,4,4,5,8,2,5,1,0,3,3,1,3,4,5,3,4,1
18111,0,4,1,4,1,13,13,1,4,2,9,1,2,2,1,0,1,1,1,1,2,4,2,4,1
35805,0,4,5,2,5,8,1,1,2,1,8,2,2,2,1,0,3,1,1,3,2,3,2,3,1
2881,1,9,4,4,1,18,13,1,7,1,10,1,2,2,1,0,1,3,1,1,2,3,2,3,1
24246,1,4,5,4,1,19,13,1,8,4,3,8,2,2,1,0,8,3,1,1,4,3,2,2,1
26679,0,7,4,3,5,14,1,1,4,1,11,1,2,2,1,0,2,3,1,2,2,3,2,2,1
23500,0,5,6,1,1,23,1,3,3,1,8,8,2,2,1,0,2,2,1,2,2,4,2,3,1
8755,0,5,6,4,1,17,13,1,7,3,7,1,2,2,1,0,1,1,1,1,2,3,2,2,1
22418,1,10,4,4,1,23,11,3,7,4,12,1,2,2,1,0,2,2,1,2,2,4,2,4,1
27271,0,7,6,4,1,14,13,1,10,4,7,7,2,2,1,0,1,2,1,1,2,5,2,4,1
1256,1,4,3,4,1,14,13,1,10,4,7,1,2,2,1,0,2,1,1,2,2,4,2,3,1
134,0,3,1,4,1,12,13,1,2,4,3,1,3,2,1,0,2,1,1,3,2,3,2,3,1
26518,0,5,5,4,1,14,13,1,8,4,3,1,2,2,1,0,2,2,1,3,2,3,2,2,1
12400,0,8,6,4,1,14,13,1,7,4,7,1,2,2,1,0,2,2,1,4,2,5,2,5,1
10952,1,4,5,4,1,23,1,3,7,1,9,1,3,2,1,0,2,3,1,2,2,3,2,2,1
1166,1,9,2,4,1,19,7,5,7,2,6,1,2,2,1,0,1,3,1,1,2,3,2,3,1
1839,0,6,5,4,1,15,13,1,10,2,2,1,2,2,1,0,3,1,1,3,2,3,2,2,1
4897,0,7,7,3,1,16,18,1,7,1,4,8,2,2,4,0,1,2,2,1,4,3,2,2,1
6948,1,7,5,1,1,23,4,2,7,4,9,8,2,2,1,0,2,3,1,2,2,3,3,5,1
16759,1,10,1,4,1,15,13,1,2,3,7,1,2,2,1,0,1,1,1,1,2,5,2,3,1
3006,1,6,3,4,1,11,13,1,2,2,7,1,2,2,1,0,2,1,1,2,2,3,3,2,1
4352,0,4,1,2,1,13,13,1,4,4,7,1,2,2,1,0,1,3,1,1,2,3,2,2,1
4652,0,5,4,4,4,17,13,1,10,1,6,8,2,3,6,0,1,1,1,1,4,3,2,2,1
8429,1,6,1,4,1,2,13,3,10,2,6,7,3,2,1,0,1,1,1,1,2,5,2,3,1
4066,1,7,5,4,1,16,13,1,8,3,6,8,2,2,1,0,1,1,1,1,5,3,2,2,1
24307,0,5,7,4,5,11,1,1,7,1,4,1,3,2,1,0,1,1,1,1,2,3,2,4,1
28482,0,4,2,4,1,15,7,1,10,2,4,7,2,2,1,0,1,3,1,1,2,3,2,4,1
24471,0,9,4,3,5,13,1,1,10,1,3,8,3,3,4,0,1,2,1,1,5,3,2,2,1
22596,0,4,3,4,1,18,13,1,8,2,5,1,2,2,1,0,8,3,1,1,2,5,2,2,1
29514,0,11,2,4,1,11,19,1,2,4,7,1,2,2,1,0,2,3,1,2,2,3,2,2,1
3939,1,6,5,4,1,20,13,3,8,4,9,1,2,2,1,0,8,1,1,1,2,3,3,3,1
16030,1,8,1,4,1,15,7,1,7,2,2,5,2,2,1,0,3,1,1,2,2,4,2,3,1
13336,1,11,3,4,1,14,13,1,7,4,6,1,2,2,1,0,2,3,1,2,2,3,2,2,1
15102,1,12,5,4,4,12,13,1,7,1,9,8,2,3,4,0,1,1,1,1,4,3,2,3,1
34149,0,10,5,3,1,18,13,1,2,2,7,1,3,2,1,0,3,3,1,2,2,3,2,2,1
34447,0,9,3,3,5,19,1,1,7,1,5,1,2,2,1,0,2,3,1,2,2,4,2,4,1
27314,1,10,1,4,1,9,13,1,10,2,12,1,3,2,1,0,1,2,1,1,2,6,2,4,1