id,Severity,age_classes,day_week,DEFORMED_classes,m_harm_classes,hour,impact1_classes,lgt_cond,make,man_coll,month,p_crash1,pcrash4,pcrash5,rel_road,reljct1,reljct2,rest_use,sex,typ_int,valign,vnum_lan,vsurcond,vtrafway,weather_classes
26591,0,3,6,4,1,14,2,1,8,5,3,8,3,2,1,0,1,2,1,1,4,3,2,3,1
839,0,4,2,4,1,1,13,3,2,2,6,1,2,2,1,0,1,3,1,1,2,4,2,4,1
1001,0,3,6,4,5,6,1,2,4,1,2,8,2,3,4,0,1,3,1,1,3,3,2,2,1
13016,1,6,7,4,1,16,13,1,4,4,7,1,2,2,1,0,1,1,1,1,2,5,2,2,1
6701,1,4,5,4,1,16,13,1,10,2,5,1,2,2,1,0,4,2,1,1,2,3,2,2,1
18695,1,4,6,4,5,21,1,2,4,1,6,8,3,3,2,0,1,2,1,1,4,3,2,2,1
1360,0,5,1,4,1,20,13,3,8,4,10,1,2,2,1,0,2,1,1,3,2,4,2,3,1
35321,0,4,3,4,1,17,13,1,1,2,7,8,2,2,1,0,1,4,1,1,3,3,2,2,1
2027,1,8,2,4,1,22,13,2,4,2,9,1,2,2,1,0,1,3,1,1,2,4,2,5,1
23205,0,7,4,4,1,15,13,1,7,2,8,1,2,2,1,0,1,2,1,1,2,5,2,4,1
10345,1,8,1,4,1,12,13,1,7,4,10,1,2,2,1,0,2,3,1,3,2,3,2,2,1
29095,1,5,5,4,5,11,1,1,7,1,10,7,3,3,3,0,1,2,1,1,2,3,2,3,3
5988,0,6,5,4,1,17,2,3,8,1,1,1,2,3,4,0,1,3,1,1,2,3,2,3,1
32828,0,7,2,4,1,10,19,1,7,5,12,1,2,2,1,0,1,1,2,1,2,5,2,4,1
10441,1,6,6,4,1,9,13,1,2,2,4,1,2,2,1,0,1,2,1,1,2,5,2,4,1
15222,0,3,2,4,1,20,13,3,4,4,8,1,3,2,1,0,2,3,1,2,2,4,2,3,1
10353,1,10,6,4,4,12,13,1,2,1,12,8,2,3,4,0,1,3,1,1,4,3,2,2,1
27989,0,8,7,4,5,11,1,1,8,1,7,8,2,3,4,0,1,2,1,1,4,3,2,2,1
13189,0,8,3,4,1,7,13,1,7,3,7,8,2,2,1,0,1,1,1,1,3,3,2,2,1
17267,1,7,6,4,1,15,13,1,10,4,6,1,2,2,1,0,2,1,1,3,2,3,2,2,1
2988,1,7,7,4,1,16,13,1,4,2,6,1,2,2,1,0,3,1,1,2,2,5,2,4,1
20233,0,8,7,2,1,21,13,1,2,4,6,8,2,2,1,0,8,1,1,1,2,3,2,2,1
19739,1,4,6,4,1,24,8,2,10,5,6,1,2,2,1,0,1,1,1,1,2,5,2,3,1
6825,1,8,2,4,1,10,12,1,2,4,9,1,2,2,1,0,2,3,2,2,2,3,2,2,1
27669,1,5,3,4,5,5,1,2,8,1,9,8,2,3,4,0,5,1,1,1,3,2,2,7,1
28314,1,4,1,4,5,14,1,1,6,1,5,8,2,3,4,0,1,1,1,1,4,3,2,2,1
1871,0,3,5,4,4,5,13,4,4,1,6,1,2,3,4,0,1,3,1,1,2,3,2,2,1
29522,0,7,7,3,5,3,1,3,7,1,8,1,3,2,1,0,3,3,1,2,2,3,2,2,1
20339,1,7,2,3,2,16,15,1,4,1,7,1,2,2,1,0,1,1,1,1,2,3,2,2,1
5417,0,7,6,4,5,16,1,1,7,1,3,8,3,3,2,0,1,2,1,1,4,3,2,2,1
11157,1,4,1,4,1,4,13,3,4,2,6,1,2,2,1,0,1,1,1,1,2,6,2,4,1
30636,0,4,5,2,5,19,1,5,10,1,7,8,2,2,1,0,3,3,1,3,2,3,2,2,1
17466,1,4,5,4,1,16,13,1,10,4,10,1,2,2,1,0,4,2,1,1,2,5,2,5,1
18432,1,9,2,4,1,15,3,1,7,4,9,1,2,2,1,0,2,3,1,2,2,5,2,2,1
1729,1,8,3,4,1,16,13,1,7,4,7,8,2,2,1,0,8,2,1,1,2,5,2,2,1
4895,0,3,5,4,1,21,13,3,2,4,3,1,3,2,1,0,2,3,1,3,2,3,2,3,1
13278,0,10,5,4,1,11,13,1,7,3,7,1,2,2,1,0,2,1,1,2,2,3,2,2,1
6546,1,10,4,4,1,14,13,1,2,1,7,1,2,2,1,0,1,1,1,1,2,3,2,2,1
17746,0,7,6,4,5,19,4,3,4,1,6,1,3,3,3,0,1,1,1,1,2,5,2,3,1
18039,0,4,5,4,1,14,13,1,8,4,8,1,2,2,1,0,2,1,1,3,2,3,2,3,1
20863,0,6,6,4,1,20,13,3,7,2,5,7,2,2,1,0,1,1,1,1,2,7,2,4,1
7486,0,10,5,3,1,13,13,1,4,2,7,5,2,2,1,0,8,3,1,1,2,3,2,2,1
28439,1,9,5,4,5,13,1,1,7,1,5,1,3,2,1,0,1,1,1,1,2,3,9,2,1
22312,0,10,1,4,1,24,13,3,2,3,4,1,2,2,1,0,2,3,1,3,2,3,2,2,1
36449,1,3,4,3,1,20,6,3,4,5,12,2,2,2,1,0,3,1,1,2,2,5,2,4,1
25628,0,9,3,4,5,11,1,1,7,1,4,1,3,5,1,0,1,3,1,1,2,3,2,2,1
2680,0,7,5,4,1,2,13,3,7,1,5,8,2,3,4,0,1,1,1,1,4,5,2,4,1
1502,1,6,2,4,1,14,13,1,8,4,4,1,2,2,1,0,1,1,1,1,2,3,2,2,1
10010,1,7,5,4,1,14,2,1,7,4,8,1,2,2,1,0,2,3,1,3,2,3,2,2,1
20646,1,10,3,2,1,16,3,1,7,5,12,7,2,2,1,0,1,1,1,1,2,3,2,2,1
33679,0,9,7,1,1,16,13,1,7,2,6,1,2,2,1,0,1,4,1,1,2,6,2,5,1
6650,1,4,1,4,1,17,13,1,10,4,9,1,2,2,1,0,2,2,1,2,2,3,2,4,1
6965,1,7,6,4,1,18,4,1,7,4,6,1,2,2,1,0,2,3,1,2,2,5,2,4,1
31636,0,2,7,3,1,17,8,1,4,4,6,8,2,2,1,0,2,1,2,3,2,3,2,4,1
20716,0,7,4,2,5,7,1,1,8,1,6,1,3,3,4,0,1,2,1,1,2,4,2,4,1
7796,1,5,2,4,1,13,13,1,10,4,6,1,2,2,1,0,2,1,1,2,2,4,2,4,1
15110,1,12,6,4,1,6,10,3,7,4,11,1,2,2,1,0,1,1,1,1,2,3,2,2,1
2563,0,8,1,4,1,15,13,1,7,4,10,1,2,2,1,0,2,1,1,2,2,3,2,2,1
17074,0,5,2,3,1,16,13,1,2,4,5,1,3,2,1,0,2,3,1,2,2,3,2,6,1
17955,1,8,5,4,1,16,19,1,7,6,5,1,2,2,1,0,1,1,1,1,2,3,2,2,1
4810,0,5,2,4,1,16,13,1,10,2,5,1,2,2,1,0,1,1,1,1,2,3,2,4,1
250,0,7,7,4,1,13,7,1,10,2,11,2,2,2,1,0,1,3,1,1,2,5,2,5,1
22698,1,9,3,2,1,16,13,1,10,2,3,1,2,2,1,0,1,2,1,1,2,4,2,6,1
3779,1,7,6,4,5,16,1,1,2,3,7,8,2,2,1,0,1,2,1,1,4,3,2,2,1
15994,1,4,7,3,5,21,1,3,2,1,1,1,2,3,4,0,2,3,1,3,2,3,2,2,1
11823,1,12,6,4,1,12,13,1,1,4,9,1,2,2,1,0,2,2,1,3,2,3,2,2,1
3187,0,8,4,3,1,18,13,1,1,1,7,1,2,2,1,0,1,1,1,1,2,3,2,2,1
29477,1,5,2,4,1,16,21,1,7,5,4,7,2,2,1,0,2,2,1,3,2,3,2,2,1
18206,0,7,7,4,1,12,13,1,10,4,7,1,2,2,1,0,3,1,1,3,2,3,2,2,1
26223,1,7,1,4,1,19,13,1,7,4,6,1,3,2,1,0,2,3,1,3,2,3,2,2,1
25093,0,8,1,3,1,15,10,1,4,5,9,1,2,2,1,0,8,1,1,1,2,3,2,2,1
15425,0,6,7,4,1,2,7,2,2,2,3,1,2,2,1,0,1,2,1,1,2,3,2,4,1
7083,1,10,3,4,5,11,1,1,1,1,7,8,3,2,1,0,1,1,1,1,4,3,2,2,1
2794,1,9,4,4,1,6,13,1,8,3,5,8,2,2,1,0,1,1,1,1,4,3,2,2,1
10808,0,5,7,4,5,3,1,3,2,1,9,8,2,3,4,0,1,3,1,1,4,5,2,2,1
27381,0,10,5,4,3,12,10,1,7,1,1,1,2,3,3,0,1,2,1,1,5,3,2,4,1
18294,0,8,7,4,5,20,1,2,7,1,8,8,2,3,4,0,1,3,1,1,3,3,2,2,1
13157,0,5,1,4,1,15,13,1,2,4,5,1,2,2,1,0,2,1,1,2,2,5,2,2,1
6029,1,7,7,4,1,22,1,2,7,1,3,1,2,2,1,0,2,3,1,3,2,3,2,3,1
24950,1,5,5,4,1,13,13,1,7,2,1,1,2,2,1,0,7,1,1,1,2,3,2,4,1
12054,0,8,2,4,1,15,13,1,7,1,2,1,3,3,4,0,1,3,1,1,2,3,2,2,1
32487,0,6,1,4,5,18,1,1,8,1,6,1,3,2,1,0,1,4,1,1,2,5,2,2,3
2917,1,10,5,4,4,17,13,1,10,1,4,1,2,3,4,0,1,1,1,1,2,3,2,2,1
13759,1,8,7,2,5,13,1,1,2,1,7,8,2,2,1,0,1,3,1,1,4,3,2,2,1
13931,1,7,6,4,1,13,13,1,7,2,8,1,2,2,1,0,1,1,1,1,2,3,2,3,1
20444,0,8,4,3,1,19,13,1,7,1,5,1,2,2,1,0,1,2,1,1,2,3,2,2,1
21809,0,5,4,4,5,8,1,1,7,1,8,8,2,2,1,0,2,2,1,3,4,3,2,2,1
4553,1,4,1,2,5,21,1,3,4,1,10,1,2,2,1,1,2,3,1,2,2,3,2,3,1
4714,0,4,6,4,1,24,2,2,8,5,6,1,2,2,1,0,1,1,1,1,2,5,2,3,1
4205,1,9,7,2,1,13,13,1,4,2,4,1,3,2,1,0,2,3,1,3,2,4,2,6,1
17581,0,8,7,4,1,22,13,2,2,1,9,8,2,3,6,0,1,1,1,1,3,3,2,2,1
22309,0,3,1,4,1,21,13,3,4,4,5,7,2,2,1,0,8,1,1,1,2,3,2,2,1
16490,1,6,7,4,1,17,13,3,7,4,12,1,2,2,1,0,2,3,2,3,2,5,2,5,1
9301,1,10,2,2,1,10,13,1,10,4,6,1,2,2,1,1,2,3,1,2,2,5,2,3,1
8706,0,8,5,4,1,16,7,1,7,2,6,1,2,2,1,0,1,3,1,1,2,3,2,3,1
32346,0,6,1,4,1,17,13,1,7,1,8,1,2,3,2,0,3,4,1,3,2,4,2,4,1
12672,1,8,6,4,5,17,15,2,7,1,12,8,2,3,4,0,1,2,1,1,4,3,2,2,1
26645,0,5,5,4,5,7,1,1,11,1,8,1,3,2,1,0,3,2,1,3,2,5,2,2,1
20688,0,5,3,3,1,5,13,4,4,4,4,1,2,2,1,0,2,2,1,2,2,3,2,2,1
33151,1,4,7,4,1,16,13,1,4,2,9,1,2,2,1,0,3,4,1,3,2,3,2,5,1
17722,1,5,7,4,1,21,2,3,7,4,9,1,2,2,1,1,2,1,1,3,2,7,2,4,1
818,0,8,2,4,2,24,2,3,2,1,4,1,2,3,4,0,1,3,1,1,2,6,2,4,1
16521,0,6,2,4,5,11,1,1,4,1,4,8,2,3,4,0,1,2,1,1,4,3,2,2,1
6227,1,5,6,4,1,16,13,1,4,1,5,1,2,3,5,0,2,1,1,3,2,3,2,2,1
10166,0,4,5,4,1,8,1,1,8,1,4,8,2,2,1,0,2,1,1,2,2,5,2,2,1
11461,1,4,6,4,5,23,7,2,7,2,12,5,2,2,1,0,1,1,1,1,2,3,2,2,1
7896,0,8,7,4,1,12,13,1,7,4,7,1,2,2,1,0,1,3,1,1,2,3,2,2,1
23971,0,7,4,4,1,17,13,1,10,4,8,7,2,2,1,0,1,1,1,1,2,6,2,4,1
1973,0,6,5,4,1,8,13,1,3,4,8,1,3,2,1,0,2,3,1,2,2,6,2,4,1
33469,1,13,5,4,5,15,1,1,7,1,5,8,2,3,1,0,1,4,1,1,4,3,2,2,1
26604,0,8,7,3,5,19,1,5,7,1,5,8,3,3,4,0,3,2,2,3,2,3,2,2,1
20589,0,7,1,3,5,24,1,3,7,1,6,1,2,2,1,0,8,3,1,1,2,3,2,3,1
1941,0,5,4,4,1,24,13,2,1,1,10,1,2,2,1,0,3,3,1,3,2,3,2,2,1
20500,0,5,1,4,1,13,13,1,2,1,10,8,2,3,4,0,1,2,1,1,4,3,2,2,1
16260,1,4,5,4,1,10,13,1,4,1,7,1,2,2,1,0,2,1,1,2,2,4,2,3,1
23663,0,10,3,2,5,19,1,1,1,1,4,1,3,2,1,0,1,2,1,1,2,3,2,2,1
14434,1,7,6,4,5,24,13,2,7,1,6,8,2,3,3,0,3,3,1,4,3,3,2,3,1
14634,1,4,7,2,1,16,13,1,4,3,12,8,3,2,1,0,1,3,1,1,4,3,2,2,1
10971,1,6,2,4,1,24,13,2,7,2,9,1,3,2,1,0,1,2,2,1,2,5,2,3,1
22082,1,5,2,2,1,15,10,1,3,4,10,1,2,2,1,0,2,1,1,2,2,3,2,2,1
21107,1,4,4,2,1,8,21,1,4,4,7,1,2,2,1,0,2,3,1,2,2,3,2,2,1
2338,1,4,7,4,1,15,13,1,7,4,5,1,2,2,1,0,8,1,1,1,2,5,2,5,1
1556,1,10,6,4,5,17,15,1,7,1,8,1,2,3,5,0,1,1,1,1,2,3,2,2,1
7429,0,8,7,4,5,13,1,1,7,1,9,8,2,2,1,1,12,1,1,1,3,4,3,3,1
24194,0,7,4,4,5,16,1,1,7,1,8,1,2,2,1,0,3,1,1,2,2,5,2,2,1
31855,0,12,2,2,1,17,7,1,7,2,4,1,2,2,1,0,1,1,1,1,2,4,2,2,1
21153,1,7,4,2,1,19,13,3,7,4,10,8,2,6,1,0,2,2,1,3,1,1,1,1,1
15034,1,8,2,4,1,15,7,1,10,2,3,5,2,2,1,0,1,1,1,1,2,3,2,2,1
36343,0,6,3,4,1,7,11,1,11,5,8,8,2,2,1,0,1,1,1,1,4,3,2,2,1
10366,0,5,7,4,5,1,1,2,7,1,1,1,2,2,1,0,1,2,1,1,2,3,2,2,1
3515,1,5,5,4,1,18,13,1,7,4,7,1,2,2,1,0,2,3,1,3,2,5,2,2,1
6357,1,5,1,4,1,24,13,3,10,4,10,1,2,2,1,0,2,1,1,2,2,4,2,3,1
32452,0,7,4,2,1,16,13,1,2,4,7,1,2,2,1,0,2,3,1,3,2,3,2,2,1
15599,0,6,7,4,1,10,21,1,7,5,6,1,2,2,1,0,1,1,1,1,2,6,2,4,1
17392,0,7,3,4,1,21,13,1,7,1,6,1,2,2,1,0,1,2,1,1,2,3,2,2,1
3738,1,8,1,4,3,2,1,2,7,1,7,8,3,2,1,0,1,3,1,1,3,3,2,2,1
6530,1,3,2,4,1,21,7,3,10,2,5,5,2,2,1,0,1,1,1,1,2,5,2,2,1
30563,0,4,2,2,1,17,13,1,7,2,4,8,2,6,1,0,8,3,1,1,1,1,1,1,1
1422,0,6,1,4,1,24,7,3,4,2,12,5,2,2,1,0,2,1,1,2,2,4,2,3,1
33179,1,7,7,2,4,16,12,1,7,1,5,1,3,3,4,0,1,4,1,1,2,3,2,2,1
4018,1,5,7,4,1,13,7,1,7,2,5,2,2,2,1,0,1,1,1,1,2,3,2,4,1
26346,0,6,7,4,5,14,1,1,8,1,6,8,2,3,4,0,1,2,2,1,4,3,2,2,1
7334,0,3,1,4,1,1,22,2,10,5,6,8,2,2,1,0,1,1,1,1,4,3,3,2,1
14864,1,9,4,4,1,15,7,1,7,2,9,5,2,2,1,0,1,1,1,1,2,3,2,2,1
5475,0,7,1,4,1,21,13,2,7,1,4,1,2,3,4,0,3,2,1,3,2,3,2,2,1
7940,0,5,6,4,1,6,19,1,8,1,5,8,3,3,3,0,1,1,1,1,3,4,2,4,1
2127,0,8,7,4,1,17,13,1,8,3,4,8,2,2,1,0,1,1,1,1,3,3,2,2,1
3349,1,11,6,4,5,19,13,1,8,1,5,1,2,3,4,0,1,1,1,1,2,3,2,2,1
11906,1,5,5,4,1,20,13,1,2,2,7,1,2,2,1,0,1,3,1,1,2,3,2,2,1
3350,0,5,6,4,1,23,13,2,7,4,7,1,2,2,1,0,2,3,1,2,2,3,2,2,1
17435,1,8,7,4,1,22,12,2,2,6,8,8,2,2,1,0,1,2,1,1,3,3,2,2,1
11975,0,7,1,3,4,24,13,2,7,1,6,8,3,3,4,0,1,3,1,1,3,3,2,2,1
2247,0,8,3,4,1,24,13,2,2,1,7,1,3,3,4,0,1,2,1,1,2,3,2,2,1
6470,0,6,1,4,1,20,13,3,7,2,10,1,2,3,2,0,1,3,1,1,2,4,2,4,1
11791,1,4,3,4,1,16,13,1,2,4,7,1,2,2,1,0,2,3,1,3,2,3,2,2,1
2720,0,7,6,4,5,19,4,3,4,1,6,1,3,3,3,0,1,1,1,1,2,5,2,3,1
1516,0,7,7,4,5,21,13,2,7,1,5,1,3,2,1,0,1,2,1,1,2,3,2,2,1
17942,1,6,4,4,1,12,13,1,4,1,4,1,3,3,4,0,1,1,1,1,2,3,2,3,1
11636,1,3,7,4,5,16,1,1,4,1,12,1,2,2,1,0,1,3,1,1,2,3,2,2,1
6060,1,6,7,4,5,13,1,1,7,1,1,1,2,2,1,0,2,2,1,2,2,3,2,2,1
9949,0,10,6,4,1,4,13,4,2,1,7,1,2,2,1,0,1,3,1,1,2,3,2,2,1
11890,0,7,2,4,1,17,13,1,7,4,7,1,2,2,1,0,2,3,1,3,2,3,2,2,1
7136,0,8,7,4,1,17,13,1,8,3,4,8,2,2,1,0,1,1,1,1,3,3,2,2,1
5384,0,9,3,3,5,10,1,1,7,1,2,8,2,3,5,0,1,2,1,1,4,3,2,2,1
17121,0,5,1,4,1,11,13,1,2,4,9,1,3,2,1,0,8,1,1,1,2,3,2,2,1
9516,0,3,4,3,1,24,13,3,4,4,10,1,2,2,1,0,2,2,1,2,2,5,2,2,1
6251,0,9,2,4,1,11,7,1,7,2,7,1,2,2,1,0,1,3,1,1,2,3,2,2,1
7667,0,5,7,4,1,4,13,3,7,4,6,1,2,2,1,0,2,3,1,2,2,3,2,5,1
16369,0,4,3,3,1,23,13,2,4,1,8,1,2,2,1,0,3,3,1,2,2,3,2,3,1
8062,1,2,4,4,1,14,13,1,10,4,9,1,2,2,1,0,8,3,1,1,2,3,2,2,1
36157,0,8,2,4,1,16,7,1,7,2,1,5,2,2,1,0,1,1,1,1,2,8,2,5,1
34213,0,4,7,2,1,19,7,5,2,2,10,2,2,2,1,0,1,4,1,1,2,3,2,4,1
16441,0,7,2,4,1,18,13,3,7,4,12,1,2,2,1,0,2,3,1,3,2,5,2,2,1
34777,0,5,5,4,1,7,18,1,7,5,10,7,2,2,1,0,1,1,1,1,2,6,2,4,1
10153,1,5,5,4,1,18,13,5,4,4,3,1,3,2,1,0,2,3,2,2,2,5,2,5,1
32326,0,3,5,1,5,7,1,1,8,1,6,8,3,2,1,0,4,3,1,1,1,1,1,1,1
17747,0,9,3,3,5,17,12,1,8,1,6,1,2,3,5,0,1,1,1,1,2,3,2,2,1
19643,0,10,7,2,1,13,13,1,7,2,12,1,2,2,1,0,1,3,1,1,2,3,2,2,1
19932,1,8,6,4,1,15,2,1,7,4,5,8,2,2,1,0,2,3,1,2,2,3,2,3,1
28970,1,5,2,4,1,15,13,1,4,4,5,1,2,2,1,0,2,1,1,2,2,3,2,4,3
13482,0,9,5,4,1,10,13,1,7,4,2,1,2,2,1,0,8,3,1,1,2,3,2,2,1
20810,1,7,5,2,1,18,13,2,7,4,11,1,2,2,1,0,2,1,1,2,2,5,2,2,1
28418,0,4,1,3,1,13,2,1,2,5,3,1,2,2,1,0,2,1,1,3,2,3,2,2,1
22125,0,8,3,2,1,18,13,1,7,2,8,5,2,2,1,0,1,1,2,1,2,3,2,2,1
17382,0,7,1,4,5,19,1,1,10,1,6,1,2,3,3,0,1,2,1,1,2,3,2,3,1
2656,1,8,5,4,1,21,13,2,10,3,8,8,2,2,1,0,1,1,1,1,3,3,2,2,1
8939,0,3,1,4,4,2,13,2,10,1,9,1,2,3,4,0,1,3,1,1,2,3,2,2,1
404,1,7,7,4,1,8,13,1,7,4,3,1,2,2,1,0,2,2,1,3,2,7,2,5,1
16149,1,10,1,4,5,20,1,3,7,1,3,8,2,3,4,0,1,3,1,1,3,3,2,2,1
19131,1,6,7,3,1,16,18,1,7,5,1,1,2,2,1,0,5,3,1,1,2,3,2,2,1
21382,1,7,1,4,1,13,18,1,7,3,4,8,3,2,1,0,1,2,2,1,3,3,2,2,1
3373,0,5,4,4,1,20,11,5,7,1,8,8,3,3,4,0,1,3,1,1,5,3,2,2,1
14088,0,7,7,2,1,2,7,2,7,2,10,2,2,2,1,0,1,1,1,1,2,3,2,3,1
24638,1,8,2,4,1,18,18,1,10,4,6,1,2,2,1,0,8,3,1,1,2,3,2,2,1
8354,0,4,1,4,4,23,13,2,4,1,7,8,3,3,5,0,1,3,1,1,5,3,2,2,1
9957,0,9,2,4,1,19,2,1,2,4,8,8,2,2,1,0,3,3,1,3,2,3,2,2,1
647,0,3,7,4,5,1,1,3,10,1,9,1,2,3,4,0,1,2,1,1,4,5,2,2,1
33768,0,10,5,4,1,19,13,1,7,4,7,1,2,2,1,0,2,4,1,2,2,3,2,3,1
22716,0,3,7,4,5,24,1,2,10,1,7,1,3,2,1,0,1,2,1,1,2,3,2,3,1
1050,1,6,4,4,5,14,1,1,2,1,1,1,2,2,1,0,8,3,1,1,2,3,2,2,1
5180,1,8,1,4,1,10,13,1,7,4,5,1,2,2,1,0,8,3,1,1,2,5,2,2,1
5257,0,6,4,3,1,18,13,3,8,4,11,1,3,2,1,0,8,1,1,1,2,3,2,3,1
13942,1,5,5,4,5,23,13,3,8,1,9,8,2,3,4,1,5,3,1,1,4,2,2,7,1
22507,0,8,7,4,5,14,1,1,7,1,5,1,2,3,3,0,1,2,1,1,2,3,2,4,1
30426,0,7,1,2,1,14,7,1,7,2,6,1,2,2,1,0,3,3,1,3,2,5,2,2,1
30835,0,7,7,4,5,21,1,3,8,1,7,1,2,2,1,0,2,1,1,2,2,3,2,3,1
8577,0,3,6,4,3,23,13,3,2,1,11,8,2,3,4,0,1,3,1,1,3,3,2,2,1
13597,1,10,5,3,4,15,13,1,4,1,5,1,2,3,4,0,1,1,1,1,2,3,2,2,1
24347,0,5,4,2,5,17,1,1,4,1,10,1,2,2,1,0,1,3,2,1,2,5,2,2,1
3292,0,10,7,4,1,22,13,2,10,4,4,1,2,2,1,0,2,1,2,2,2,3,2,3,1
22175,0,6,6,4,1,22,13,3,3,4,3,1,2,2,1,0,2,3,1,2,2,3,2,2,1
9233,0,3,6,4,1,19,13,1,2,4,4,3,2,2,1,0,2,1,1,2,2,7,2,3,1
28028,0,8,5,3,1,19,13,2,7,4,9,1,2,2,1,0,2,1,1,4,2,3,2,2,1
34450,0,5,7,4,1,1,13,3,4,4,6,1,2,2,1,0,8,3,1,1,2,5,3,2,1
15257,1,10,7,4,1,12,1,1,7,1,9,2,3,2,1,0,1,3,1,1,2,5,2,4,1
12406,1,9,6,2,1,10,13,1,7,2,8,1,2,2,1,1,12,2,1,1,2,4,2,4,1
26563,1,12,5,4,1,13,10,1,7,4,11,1,2,2,1,0,2,3,1,3,2,3,2,2,1
4749,0,8,4,4,1,13,11,1,10,5,8,1,2,2,1,1,12,1,1,1,2,6,2,4,1
19912,1,3,2,4,1,16,13,1,7,1,8,1,2,2,4,0,1,2,1,1,2,3,2,2,1
2358,0,12,3,4,1,17,10,1,7,4,6,8,2,2,1,0,2,2,1,2,2,3,2,2,1
15453,0,8,2,4,1,16,13,1,10,3,4,8,2,2,1,0,1,2,1,1,3,3,2,2,1
2571,0,6,4,4,1,16,13,1,2,4,2,7,2,2,1,0,2,1,1,2,2,3,2,2,1
3931,0,5,2,4,1,18,13,1,2,3,9,8,2,2,1,0,1,3,1,1,3,3,2,2,1
22918,0,3,7,2,1,18,18,1,4,5,4,1,2,2,1,0,1,2,1,1,2,3,2,4,1
48,0,6,6,4,1,21,13,3,7,4,7,1,2,2,1,0,2,1,1,2,2,3,2,3,1
14277,1,7,3,3,1,14,13,1,2,4,5,1,2,2,1,0,8,1,1,1,2,5,2,5,1
535,1,9,6,4,1,6,18,1,2,4,7,1,2,2,1,0,1,1,1,1,2,3,2,2,1
8058,1,14,1,4,1,12,13,1,7,2,9,1,2,2,1,0,1,1,1,1,2,5,2,2,1
16291,0,7,7,4,1,11,13,1,2,4,7,1,2,2,1,0,1,1,1,1,2,4,2,3,1
33193,1,8,1,2,5,13,1,1,2,1,8,8,2,5,1,0,1,1,1,1,4,3,2,2,1
26774,0,3,6,4,5,21,1,3,8,1,9,1,2,2,1,0,3,2,1,7,5,3,2,2,1
19895,1,9,5,4,5,16,14,1,7,1,4,8,2,3,3,0,1,1,1,1,3,3,2,4,1
7871,0,5,5,4,1,12,1,1,4,1,3,8,3,3,5,0,3,2,1,3,3,3,2,2,1
9022,0,9,1,4,1,9,13,1,4,3,5,1,2,2,1,0,1,1,1,1,2,3,2,2,1
25081,1,4,6,4,1,13,4,1,4,7,9,1,3,2,1,0,2,1,1,3,2,3,2,3,1
12139,1,7,4,3,4,8,13,1,7,1,4,8,2,3,4,0,1,1,1,1,3,3,2,2,1
5640,0,8,6,4,1,16,18,1,7,5,9,8,2,2,1,1,5,2,1,1,3,2,2,7,1
10650,0,3,1,2,5,13,1,1,2,1,10,8,2,2,5,0,1,2,1,1,3,3,2,2,1
2407,0,3,5,4,1,18,13,1,2,4,8,1,2,2,1,0,8,2,1,1,2,3,2,2,1
16450,1,5,4,4,1,18,13,2,8,2,12,7,2,2,1,0,1,3,1,1,2,3,2,4,1
10013,1,10,6,4,1,18,12,1,7,1,8,1,2,3,4,0,1,3,1,1,2,3,2,2,1
35201,0,9,4,3,1,15,13,1,8,4,12,8,2,2,1,0,2,3,1,3,2,4,2,2,1
1106,1,9,7,4,1,14,4,1,7,4,4,1,2,2,1,0,2,3,1,2,2,3,2,5,1
29056,0,7,7,4,5,9,1,1,4,1,8,1,3,3,4,0,1,2,1,1,2,3,2,3,1
346,1,8,4,4,1,17,21,3,7,5,1,8,2,2,1,0,1,2,1,1,4,4,2,4,1
13405,1,12,2,4,5,7,4,1,2,1,8,8,2,3,4,0,1,3,1,1,4,3,2,2,1
4065,1,11,7,4,1,13,13,1,8,4,10,1,2,2,1,0,8,1,1,1,2,5,2,2,1
24351,0,4,1,4,1,13,13,1,4,2,11,1,2,2,1,0,1,2,1,1,2,5,2,4,1
104,0,8,1,2,5,12,1,1,1,1,8,1,3,3,2,0,1,1,1,1,2,3,9,2,1
17333,1,7,2,4,1,13,4,1,7,4,8,1,2,2,1,0,8,2,2,1,2,3,2,2,1
28389,1,6,4,4,1,11,13,1,7,4,3,1,2,2,1,0,2,1,1,2,2,3,2,2,1
10075,1,5,7,4,1,12,13,1,2,4,8,1,2,2,1,0,2,1,1,3,2,3,2,3,1
29825,1,9,5,2,1,18,13,1,7,3,9,8,2,2,1,0,2,1,1,3,2,3,2,2,1
11234,1,7,5,4,5,23,13,2,7,1,5,1,2,3,3,0,1,3,1,1,2,2,2,3,1
13726,1,9,1,4,1,12,13,1,7,4,6,1,2,2,1,0,2,3,1,3,2,4,2,2,1
14596,1,7,7,2,5,20,1,2,2,1,11,8,2,3,4,0,1,3,1,1,4,3,2,2,1
28595,1,4,1,4,1,13,13,1,1,2,9,1,2,2,1,0,1,1,1,1,2,5,3,4,1
23240,0,9,7,4,5,15,1,1,7,1,5,1,3,2,1,0,1,2,1,1,2,4,2,4,1
12559,0,7,1,4,1,18,13,1,3,3,7,1,2,2,1,0,1,1,1,1,2,3,2,2,1
16862,0,8,7,4,5,19,13,2,7,1,9,8,3,3,4,0,2,3,1,3,3,3,2,2,1
15340,0,7,6,4,1,6,4,1,11,4,9,8,2,2,1,0,1,3,1,1,3,3,2,3,1
24038,1,5,3,4,1,14,13,1,2,4,8,8,2,2,1,0,2,1,1,3,2,5,2,3,1