id,Severity,age_classes,day_week,DEFORMED_classes,m_harm_classes,hour,impact1_classes,lgt_cond,make,man_coll,month,p_crash1,pcrash4,pcrash5,rel_road,reljct1,reljct2,rest_use,sex,typ_int,valign,vnum_lan,vsurcond,vtrafway,weather_classes
8644,1,5,6,3,1,21,13,2,2,1,5,1,2,2,1,0,1,1,1,1,2,3,2,2,1
12892,0,6,5,4,5,20,1,5,4,1,6,8,2,3,4,0,1,3,1,1,3,3,2,2,1
2341,0,3,3,4,1,4,13,2,10,2,5,1,2,2,1,0,1,2,1,1,2,3,2,3,1
4901,1,9,3,4,1,15,13,1,8,4,4,1,3,2,1,0,2,3,1,2,2,3,2,2,1
29854,0,4,5,2,1,6,12,1,2,5,5,2,2,2,1,0,1,4,1,1,2,6,2,4,1
16651,0,3,4,4,1,18,13,5,10,4,1,8,2,2,1,0,2,3,1,3,3,3,2,3,1
15039,1,10,2,4,5,12,1,1,7,1,3,8,2,3,4,0,1,1,1,1,4,3,2,2,1
1593,1,4,4,4,1,14,13,1,10,1,11,1,2,2,1,0,1,1,1,1,2,3,2,2,1
28704,1,9,7,4,1,21,13,3,7,2,8,1,2,2,1,0,1,3,1,1,2,4,2,4,1
7564,0,8,7,4,1,22,13,2,2,1,9,8,2,3,6,0,1,1,1,1,3,3,2,2,1
23391,1,8,5,4,1,19,13,3,7,4,10,1,2,2,1,0,2,3,1,3,2,3,2,2,1
31265,0,3,6,2,5,18,1,1,10,1,5,8,3,3,4,0,1,4,1,1,3,3,2,2,1
303,0,7,3,4,1,14,13,1,8,4,8,1,3,3,2,0,8,2,1,1,2,3,2,2,1
12519,0,7,5,4,1,18,7,2,2,2,1,1,2,2,1,0,2,1,1,3,2,3,2,2,1
2252,1,4,1,4,1,17,13,1,4,2,5,1,2,2,1,0,1,2,1,1,2,3,2,2,1
28348,1,7,5,4,4,17,11,1,7,1,7,1,2,3,4,0,1,1,1,1,4,3,2,2,1
4876,1,11,6,4,5,13,1,1,7,1,6,1,2,3,2,0,1,1,1,1,2,4,2,3,1
30924,1,7,3,2,1,15,8,1,7,4,10,1,2,2,1,0,2,1,1,2,2,3,2,2,1
23024,0,7,7,2,5,17,1,1,2,1,10,1,2,2,1,0,3,2,1,6,2,3,2,2,1
32798,0,7,6,4,1,20,13,3,7,4,10,1,2,2,1,0,2,3,1,3,2,6,2,2,1
18504,1,6,1,4,5,23,1,2,7,1,5,2,2,2,1,0,1,3,1,1,2,5,2,4,1
12630,0,9,4,4,5,17,13,1,7,1,8,1,2,3,4,0,1,1,1,1,2,3,2,2,1
10633,0,4,1,4,1,3,21,3,4,5,8,1,2,2,1,0,8,2,1,1,2,4,2,3,1
9800,1,8,4,4,1,17,13,3,7,4,2,1,2,2,1,0,2,1,1,3,2,3,2,2,1
94,0,5,6,4,1,22,13,3,10,4,3,1,2,2,1,0,8,1,1,1,2,3,2,2,1
7018,1,4,7,4,1,16,13,1,8,4,6,1,2,2,1,0,2,2,1,3,2,3,2,2,1
12596,0,7,1,4,1,17,13,1,7,4,4,1,2,2,1,0,2,1,1,2,2,3,2,2,1
25040,0,9,4,4,1,9,13,1,7,2,7,1,3,2,1,0,3,1,1,2,2,3,2,5,1
14370,0,4,1,2,1,13,13,1,4,4,7,1,2,2,1,0,1,3,1,1,2,3,2,2,1
5758,0,3,6,4,1,22,15,3,2,1,11,7,3,3,4,0,3,1,1,3,2,3,2,2,1
27046,1,7,5,4,5,18,1,1,7,1,3,1,3,2,1,0,1,1,1,1,2,3,2,4,1
30446,0,7,5,2,1,19,13,1,7,4,9,8,2,2,1,0,2,4,1,2,2,3,2,3,1
14840,0,6,7,4,1,17,13,1,10,3,6,1,2,2,1,0,2,1,1,3,2,3,2,5,1
12675,0,5,7,4,1,4,13,3,7,4,6,1,2,2,1,0,2,3,1,2,2,3,2,5,1
17027,0,4,5,4,1,17,13,1,7,4,5,1,2,2,1,0,2,3,1,4,2,3,2,2,1
5198,0,7,4,4,1,7,7,1,4,2,7,7,2,2,1,0,1,1,1,1,2,7,2,4,1
36394,0,11,6,3,4,21,10,2,7,1,10,8,2,3,4,0,1,3,1,1,4,4,2,5,1
15472,0,6,3,4,5,7,1,1,10,1,4,1,3,2,1,0,1,1,1,1,2,6,2,4,1
6662,0,4,6,4,1,17,13,1,8,4,4,1,2,2,1,0,2,2,1,3,2,5,2,5,1
19984,0,7,1,4,1,18,13,1,2,3,8,8,2,2,1,0,1,3,1,1,3,3,2,2,1
10047,1,6,7,4,1,14,13,1,7,4,5,7,2,2,1,0,1,1,1,1,2,3,2,2,1
29427,1,3,6,4,1,17,13,1,8,4,7,1,2,2,1,0,5,4,2,1,2,2,9,7,1
9003,0,10,5,4,4,14,13,1,2,1,4,1,2,3,4,0,1,1,1,1,2,3,2,2,1
26507,0,4,6,2,1,17,4,1,2,5,3,1,2,2,1,0,1,2,1,1,2,5,2,5,1
15651,0,4,6,4,1,10,19,1,4,4,8,8,2,2,1,0,3,2,1,2,2,3,2,2,1
851,0,10,1,4,5,14,1,1,7,1,7,8,2,3,4,0,1,3,1,1,3,3,3,2,3
31091,1,5,2,4,1,13,13,1,4,4,6,1,2,3,5,0,1,1,1,1,3,3,2,2,1
17039,0,3,7,4,5,22,1,2,2,1,7,8,2,3,4,0,1,3,1,1,4,3,2,2,1
8200,1,9,1,4,5,18,4,1,7,1,7,8,2,3,4,0,1,1,1,1,4,3,2,2,1
32854,0,8,7,2,4,15,21,1,4,1,3,8,3,3,4,0,1,4,1,1,3,3,2,2,1
6734,1,9,7,4,1,20,13,1,7,4,7,1,2,2,1,0,2,3,1,3,2,3,2,2,1
289,0,4,7,4,4,14,15,1,4,1,6,8,2,3,4,0,2,1,1,3,3,3,2,2,1
10122,0,8,1,2,5,12,1,1,1,1,8,1,3,3,2,0,1,1,1,1,2,3,9,2,1
7035,1,6,1,4,1,18,13,2,4,2,9,1,2,2,1,0,3,2,1,2,2,5,2,5,1
27961,0,6,7,4,1,15,4,1,10,4,10,1,2,2,1,0,8,1,1,1,2,3,2,2,1
32332,1,10,1,4,1,18,13,1,7,2,7,1,3,2,1,0,2,4,1,2,2,5,2,4,1
19826,1,4,4,4,1,21,13,3,4,4,4,1,2,2,1,0,2,1,1,2,2,5,2,2,1
36862,0,7,7,4,1,16,13,1,10,4,9,1,2,2,1,0,8,1,1,1,2,4,2,3,1
36447,1,4,4,3,1,20,12,3,4,5,12,2,2,2,1,0,3,1,1,2,2,5,2,4,1
20960,0,6,5,3,1,7,4,1,7,5,6,8,2,2,1,0,8,1,1,1,2,5,2,2,1
31595,1,10,6,4,5,16,1,1,10,1,3,1,2,3,4,0,1,1,1,1,2,3,3,2,1
17684,0,5,7,4,1,4,13,3,7,4,6,1,2,2,1,0,2,3,1,2,2,3,2,5,1
5071,0,7,3,4,4,16,13,1,1,1,8,8,2,3,4,0,1,1,1,1,3,3,2,2,1
24445,0,3,1,2,5,14,1,1,1,1,11,1,2,3,4,0,1,2,1,1,2,3,2,2,1
3088,0,3,2,4,1,14,1,1,10,1,11,8,3,2,1,0,1,1,1,1,3,5,2,3,1
19002,1,9,7,4,5,20,1,5,7,1,8,8,2,3,4,0,1,3,1,1,3,3,2,2,1
20026,0,8,1,4,1,1,13,3,7,3,7,1,2,2,1,1,12,3,1,1,2,3,2,4,1
8882,1,8,1,4,1,13,13,1,2,2,5,1,2,2,1,0,1,3,1,1,2,3,2,3,1
11645,0,7,5,4,1,21,13,3,7,4,3,1,2,2,1,1,5,3,1,1,2,6,3,6,1
8426,1,3,3,2,1,17,1,1,8,1,8,1,3,2,1,0,2,3,1,3,2,3,2,2,1
13971,0,5,4,4,1,19,13,2,8,2,12,1,2,2,1,0,1,3,1,1,2,3,2,2,1
17337,0,7,1,4,1,20,13,2,2,1,9,1,2,2,1,0,1,1,1,1,2,3,2,3,1
3332,1,6,2,3,1,21,13,1,4,1,7,1,2,3,7,0,3,3,1,3,2,3,2,2,1
29342,1,4,6,4,5,2,1,2,8,1,9,1,3,2,1,0,1,3,1,1,2,3,2,2,1
22732,1,7,4,4,5,6,1,2,11,1,9,1,3,2,1,0,3,2,2,3,2,3,2,2,1
18283,1,4,1,4,5,1,1,3,10,1,6,1,2,3,4,0,1,1,1,1,2,5,2,3,1
31053,0,4,5,2,1,8,13,1,10,2,1,5,2,2,1,0,2,4,1,3,2,3,2,4,1
13752,0,4,3,4,5,21,1,2,4,1,7,1,2,2,1,0,1,3,1,1,2,3,2,2,1
5833,0,8,2,4,1,17,13,1,2,2,5,1,2,2,1,0,3,3,1,3,2,3,2,2,1
28650,0,3,2,4,1,19,13,1,10,2,4,7,2,2,1,0,1,1,1,1,2,4,2,4,1
2573,0,7,6,4,5,21,13,2,7,1,3,1,2,3,4,0,1,3,1,1,2,3,3,2,1
10724,1,5,7,4,5,11,1,1,10,1,10,1,2,2,1,0,8,2,1,1,2,5,2,5,1
9613,0,4,3,4,1,7,13,4,8,4,11,1,2,2,1,0,2,1,1,2,2,5,2,3,1
2129,0,4,1,3,1,24,13,3,4,1,4,8,2,3,4,1,5,1,1,1,4,2,2,7,1
8447,1,8,7,4,1,15,2,1,7,1,9,8,2,3,4,0,1,3,1,1,4,3,2,2,1
18479,1,6,2,3,1,15,12,1,2,1,11,1,2,3,5,0,1,3,1,1,2,3,3,2,1
3162,0,4,6,4,1,3,13,2,7,2,6,1,2,2,1,0,1,1,1,1,2,3,2,3,1
33286,0,6,4,2,1,12,13,1,7,2,11,1,3,2,1,0,1,3,2,1,2,5,2,4,1
21291,0,6,1,4,5,16,1,1,6,1,4,7,2,3,4,1,5,1,1,1,4,3,2,7,1
30756,0,4,6,4,5,7,1,1,4,1,4,1,3,2,1,0,1,4,1,1,2,8,2,4,1
31845,0,10,4,2,1,18,21,1,11,5,4,7,2,2,1,0,1,3,1,1,2,5,2,5,1
797,1,7,5,4,1,12,12,1,1,5,5,7,2,2,1,0,2,1,1,3,2,5,2,3,1
10676,0,10,6,4,5,18,13,5,7,2,10,1,2,2,1,0,1,2,1,1,2,5,2,2,1
13925,1,7,5,2,1,22,13,3,7,1,7,1,2,3,3,0,1,1,1,1,2,3,2,4,1
15956,1,9,2,4,1,12,13,1,2,4,7,1,2,2,1,0,2,1,1,3,2,3,2,2,1
5745,1,9,3,4,1,14,13,1,7,3,11,1,2,2,1,0,1,1,1,1,2,3,2,2,1
10678,1,8,2,3,1,18,11,5,7,1,10,1,2,2,1,0,1,2,1,1,2,3,2,2,1
1997,0,7,2,4,1,21,13,2,7,4,4,1,2,2,1,0,2,2,1,2,2,3,2,2,1
27235,0,5,5,4,1,21,13,3,8,4,4,1,2,2,1,0,8,3,1,1,2,4,2,3,1
27901,0,5,5,2,5,17,1,1,2,1,7,8,2,3,4,0,1,3,1,1,4,3,2,2,1
4665,0,9,4,4,1,19,13,5,2,1,6,8,2,3,4,0,1,1,1,1,4,3,2,2,1
6947,1,7,7,4,1,18,13,1,8,1,10,8,2,3,4,0,1,1,1,1,4,3,2,2,1
5008,0,5,2,4,1,19,13,5,2,4,9,1,2,2,1,1,2,3,1,3,2,3,2,2,1
9987,0,8,7,3,1,11,13,1,7,1,9,8,2,3,4,0,1,3,1,1,3,3,2,2,1
16989,0,5,5,4,1,22,13,3,7,3,7,8,2,2,1,0,1,3,1,1,3,3,2,2,1
416,0,3,5,4,1,13,13,1,4,4,3,1,2,2,1,0,2,2,1,2,2,4,2,2,1
15405,1,4,7,3,1,11,15,1,10,1,2,1,2,3,4,0,1,2,1,1,2,3,2,2,1
36118,1,7,5,2,1,9,13,1,10,2,9,1,2,2,1,0,1,4,1,1,2,6,2,5,1
17300,0,3,3,4,1,22,13,3,4,2,10,1,2,2,1,0,1,1,1,1,2,5,2,4,1
28296,0,5,7,2,1,18,7,1,7,2,4,2,2,2,1,0,1,1,1,1,3,4,2,4,1
23585,0,7,7,4,1,10,20,1,1,4,4,8,2,2,1,0,3,2,2,2,2,3,2,2,1
18760,0,10,5,4,1,8,7,1,3,2,7,3,2,2,1,0,1,2,1,1,2,3,2,3,1
7518,1,3,1,4,1,20,13,2,4,4,3,1,2,2,1,0,2,1,1,2,2,3,2,3,1
10687,1,5,7,4,1,23,1,3,7,1,9,8,2,2,1,0,1,1,1,1,4,5,2,2,1
13337,1,7,4,4,1,19,13,1,7,3,5,1,2,2,1,0,2,3,1,2,2,5,2,2,1
13257,1,9,7,3,5,13,13,1,7,1,9,1,2,3,3,0,1,1,1,1,2,3,2,3,1
33965,1,9,6,4,1,19,2,1,10,4,8,1,2,2,1,0,8,4,1,1,2,3,2,2,1
18191,1,10,1,4,1,13,13,1,7,2,4,1,2,2,1,0,1,1,1,1,2,3,2,2,1
12702,0,8,7,4,5,15,1,1,7,1,7,1,3,3,3,0,1,1,1,1,2,5,2,4,1
20575,0,8,2,3,1,7,7,4,7,2,3,1,2,2,1,0,3,1,2,2,2,5,2,2,1
884,1,10,7,4,1,12,13,1,7,3,9,1,2,2,1,0,1,1,1,1,2,3,3,2,3
22616,0,6,6,4,5,22,7,3,8,2,7,1,2,2,1,0,1,3,1,1,2,3,2,4,1
21762,1,3,3,2,1,16,1,1,8,1,6,1,2,2,1,0,2,2,1,4,2,3,2,2,1
2141,0,8,4,2,5,22,1,2,7,1,5,8,2,3,4,1,5,2,1,1,4,3,2,7,1
16497,1,6,5,4,1,24,15,3,7,1,1,8,2,2,1,0,1,1,1,1,3,3,2,2,1
1923,1,11,4,4,1,17,13,1,7,2,9,1,2,2,1,0,1,3,1,1,2,3,2,5,1
27484,0,4,6,4,5,19,1,1,2,1,8,1,2,2,1,0,1,2,1,1,4,3,2,2,1
12530,0,8,4,4,4,10,13,1,7,1,3,8,2,3,6,0,1,1,1,1,5,3,3,2,1
3458,0,6,7,4,5,13,13,1,7,1,10,8,2,3,4,0,1,3,1,1,3,5,2,2,1
29084,0,10,2,2,1,18,13,5,2,1,10,1,2,2,1,0,1,2,1,1,2,3,2,2,1
6733,1,8,1,4,5,1,13,3,4,1,6,1,3,3,4,0,1,3,1,1,2,5,3,5,1
10068,1,5,2,4,1,19,11,5,7,1,7,8,2,3,4,0,1,1,1,1,4,3,2,2,1
855,0,4,2,4,1,19,21,1,8,4,7,1,2,2,1,0,2,3,1,2,2,3,2,2,1
15721,0,8,7,3,1,11,8,1,7,1,10,1,2,2,1,0,1,1,1,1,2,3,2,2,1
16848,1,8,5,4,5,2,13,3,7,1,9,1,2,3,5,0,1,3,1,1,2,3,2,2,1
11574,1,7,6,4,1,23,13,2,2,4,8,1,2,2,1,0,2,1,1,2,2,3,2,3,1
22475,0,7,3,2,1,8,7,1,10,2,8,8,2,2,1,0,3,3,1,2,4,4,2,2,1
17015,1,9,1,4,1,20,13,3,7,4,3,1,2,2,1,0,4,3,1,1,2,3,2,3,1
13833,0,4,6,3,5,17,1,1,2,1,11,1,3,2,1,0,1,3,1,1,2,3,2,2,1
20362,1,6,1,3,1,20,4,3,8,4,11,8,2,2,1,0,2,1,1,4,2,5,2,2,1
7310,1,10,7,4,1,17,12,1,7,1,8,8,2,3,4,0,1,2,1,1,3,3,2,2,1
1116,0,12,4,4,1,13,8,1,7,4,3,8,2,2,1,0,1,3,1,1,2,3,2,3,1
6443,1,8,2,4,1,13,13,1,1,4,12,1,2,2,1,0,2,1,1,3,2,3,2,3,1
15367,1,10,7,3,5,9,1,1,7,1,1,1,2,3,4,0,1,2,1,1,2,3,2,2,1
4177,0,5,4,4,2,7,13,1,10,1,3,8,3,3,4,0,1,2,1,1,3,3,2,2,1
2885,1,6,6,4,1,14,3,1,2,4,11,1,2,2,1,0,2,3,1,3,2,3,2,2,1
34968,0,9,6,3,1,19,11,3,7,1,11,1,2,2,1,0,1,3,1,1,2,4,2,3,1
18250,0,6,1,4,1,22,13,3,2,4,9,1,2,2,1,0,8,1,1,1,2,5,2,2,1
13773,1,5,1,4,1,3,11,3,10,6,7,1,2,2,1,0,2,2,1,3,2,3,2,2,1
19418,0,5,5,2,1,1,13,3,7,2,6,8,2,2,1,0,1,3,1,1,4,6,2,4,1
7246,1,8,3,4,1,14,13,1,10,4,5,1,2,2,1,0,4,2,1,1,2,3,2,2,1
33347,0,7,3,4,1,4,18,3,7,4,8,3,2,2,1,0,2,4,1,2,2,6,3,5,1
14681,0,5,1,4,2,10,13,1,10,1,8,8,3,3,4,0,1,1,1,1,3,3,2,2,1
19935,1,5,4,3,5,22,2,3,7,1,5,6,2,2,1,1,5,3,1,1,2,2,2,7,1
17579,0,11,3,4,1,6,7,1,2,2,8,1,2,2,1,0,1,1,1,1,2,3,2,3,1
23593,0,4,4,4,5,17,1,1,10,1,7,2,3,2,1,0,3,2,1,2,2,3,2,4,1
9622,1,9,7,4,4,20,6,3,10,1,11,8,2,3,4,0,1,3,1,1,3,3,2,2,1
177,1,9,2,4,1,10,7,1,2,2,6,1,2,2,1,0,1,1,1,1,2,3,2,3,1
12563,0,4,5,4,1,21,13,2,4,4,7,1,2,2,1,0,2,1,1,3,2,3,2,2,1
11863,1,5,7,4,1,16,4,1,7,4,4,1,2,2,1,0,2,3,1,2,2,4,2,2,1
8831,1,6,3,4,1,11,13,1,10,2,10,1,3,2,1,0,8,2,1,1,2,3,2,3,1
2177,1,4,1,3,1,11,13,1,8,4,11,1,2,2,1,0,2,1,1,2,2,3,2,3,1
16062,1,11,6,3,1,17,13,1,10,4,3,1,2,2,1,0,1,1,1,1,2,3,2,2,1
2822,1,7,4,4,1,16,13,1,10,4,9,7,2,2,1,0,2,1,1,3,2,3,2,4,1
12666,0,2,1,4,5,2,13,2,10,1,11,8,2,2,1,0,1,1,1,1,3,3,2,4,1
16275,1,8,1,4,1,15,13,1,2,2,8,1,2,2,1,0,1,3,1,1,2,3,2,3,1
7085,0,6,6,4,1,6,13,4,4,2,7,7,3,2,1,0,2,1,1,3,2,5,2,5,1
1038,1,10,6,4,1,11,13,1,7,4,3,1,2,2,1,0,2,3,1,2,2,3,2,3,1
26736,0,8,6,2,1,5,13,1,7,1,6,1,2,2,1,0,1,2,1,1,2,3,2,2,1
28502,0,7,1,3,1,9,7,1,4,2,5,5,2,2,1,0,1,3,1,1,2,3,2,2,1
8430,1,7,3,4,5,18,1,1,6,1,10,1,2,3,2,0,1,1,1,1,2,3,2,4,1
17243,0,6,4,4,1,3,13,3,7,1,9,8,2,3,6,0,2,2,1,2,3,3,2,2,1
24846,0,3,2,2,5,16,1,1,8,1,7,8,2,2,1,0,1,2,1,1,3,3,3,2,1
28573,1,3,7,4,1,19,13,1,4,2,7,1,2,2,1,0,1,1,1,1,2,5,2,4,1
20771,0,7,5,2,1,11,7,1,8,2,8,5,2,2,1,0,3,2,1,3,2,3,2,2,1
15118,0,8,4,4,1,19,13,3,7,1,12,1,2,2,1,0,1,2,1,1,2,3,2,3,1
3580,1,10,5,3,4,15,13,1,4,1,5,1,2,3,4,0,1,1,1,1,2,3,2,2,1
16868,0,8,1,4,1,17,13,1,10,4,4,1,2,2,1,0,2,3,1,2,2,3,2,2,1
13825,1,10,6,4,1,13,13,1,2,4,10,1,2,2,1,0,2,1,1,2,2,3,2,2,1
13338,1,9,7,2,5,10,1,1,7,1,6,8,2,2,1,0,1,3,1,1,3,3,2,2,1
5524,0,3,5,4,1,19,13,1,10,3,6,8,2,2,1,0,1,2,1,1,3,3,2,2,1
23411,0,6,7,3,1,10,18,1,7,4,10,1,2,2,1,0,2,3,1,2,2,3,2,2,1
1494,1,10,6,4,5,18,1,1,2,1,4,1,2,2,1,0,1,3,1,1,2,4,2,4,1
12047,1,8,5,4,1,5,13,2,10,3,10,1,2,2,1,0,2,3,1,2,2,3,2,2,1
30657,0,3,4,2,1,16,4,1,2,4,8,1,2,2,1,0,2,4,1,6,4,2,2,6,1
27964,0,7,5,3,1,17,13,5,2,2,10,1,2,2,1,0,1,1,1,1,2,5,3,2,1
3795,1,11,4,4,1,14,2,1,7,4,9,8,2,2,1,0,2,3,1,2,2,3,3,2,1
15023,1,10,6,4,1,18,12,1,7,1,8,1,2,3,4,0,1,3,1,1,2,3,2,2,1
30712,1,10,6,4,1,16,13,1,8,4,8,8,3,6,1,0,8,3,1,1,1,1,1,1,1
2981,1,8,7,4,5,13,1,1,7,1,7,8,3,2,1,0,1,3,1,1,3,3,2,2,1
22374,0,5,6,3,5,12,1,1,2,1,9,1,2,2,1,0,1,3,1,1,2,3,2,2,1
3966,1,7,4,3,1,22,7,2,11,2,8,1,2,2,1,0,1,3,1,1,2,3,2,2,1
2234,1,8,1,4,1,20,13,5,7,2,6,1,2,2,1,0,8,1,1,1,2,3,2,2,1
13809,1,8,5,4,1,9,13,1,8,1,9,1,2,2,1,0,2,3,1,3,2,3,2,2,1
28663,0,7,1,2,3,13,15,1,7,1,5,2,2,3,4,0,3,3,2,2,2,3,2,2,1
929,1,9,2,4,1,12,13,1,2,4,7,1,2,2,1,0,2,1,1,3,2,3,2,2,1
33600,0,7,5,4,3,1,13,3,2,1,7,1,2,3,3,0,1,3,1,1,2,5,2,3,1
2588,1,7,7,4,5,1,14,2,7,1,6,8,2,3,4,0,1,1,1,1,3,3,2,3,1
9676,0,11,5,3,1,13,10,1,4,5,6,7,2,2,1,1,11,1,1,1,2,6,2,4,1
5859,0,9,4,4,5,14,15,1,6,1,7,8,2,3,4,0,1,1,1,1,3,3,2,2,1
13975,0,8,7,4,1,18,13,2,7,3,11,7,2,2,1,0,1,3,1,1,2,3,2,2,1
31859,0,5,7,3,2,20,13,3,7,1,3,8,2,3,4,0,1,3,1,1,4,3,2,2,1
30356,0,6,3,3,5,16,1,1,4,1,7,1,3,2,11,0,8,3,1,1,2,5,2,5,1
13955,0,6,4,4,1,22,7,2,2,2,8,2,2,2,1,0,1,3,1,1,2,3,2,2,1
23002,0,7,4,3,1,15,19,1,7,4,9,8,2,2,1,0,1,3,1,1,2,5,2,2,1
32803,1,4,5,3,3,4,13,3,7,1,10,1,2,3,10,0,1,3,1,1,2,6,2,3,1
22348,0,4,7,4,1,15,13,1,2,4,7,1,2,2,1,0,2,1,1,2,2,4,2,4,1
11378,1,5,3,4,1,21,13,3,10,2,10,1,2,2,1,0,1,1,1,1,2,7,3,3,1
31867,0,11,1,2,1,17,13,1,7,2,5,2,2,2,1,0,1,3,1,1,2,3,8,2,1
20494,0,4,1,2,5,14,1,1,8,1,9,1,3,3,4,1,5,2,1,1,2,5,2,7,1
1089,0,8,5,4,1,18,13,1,7,4,4,1,2,2,1,0,2,3,1,2,2,3,2,3,1
2427,1,9,4,4,1,22,13,2,4,3,6,1,2,2,1,0,8,2,1,1,2,5,2,2,1
6802,0,8,1,4,1,15,13,1,7,3,9,1,2,2,1,0,1,3,1,1,2,3,2,2,1
19878,0,6,4,4,1,19,13,5,8,4,9,1,2,2,1,0,2,1,1,2,2,3,2,2,1
3110,1,4,3,4,1,18,13,1,4,1,3,1,2,3,4,0,1,1,1,1,2,3,2,2,1
28252,0,4,4,4,5,12,1,1,8,1,9,8,2,2,1,0,3,2,2,2,3,6,2,2,1
15920,0,7,1,4,1,20,13,2,7,3,11,1,2,2,1,0,1,3,1,1,2,3,2,2,1
9306,1,11,6,3,1,14,13,1,2,4,6,1,2,2,1,0,8,3,1,1,2,5,2,5,1
34178,0,11,5,4,1,20,13,1,7,2,7,1,2,2,1,0,3,3,1,3,2,3,2,2,1
2712,1,4,6,4,1,22,13,3,4,4,3,1,2,2,1,0,2,1,1,3,2,7,2,5,1
19997,1,8,7,4,1,15,13,1,7,2,8,2,3,2,1,0,1,3,1,1,2,2,2,2,1
26572,1,7,1,4,5,11,1,1,7,1,12,8,2,3,4,0,1,2,1,1,4,3,2,2,1
11071,1,9,4,4,1,16,13,1,7,4,1,1,2,2,1,0,2,3,1,3,2,5,2,5,1
13960,0,10,7,4,5,6,13,2,7,1,10,1,2,3,4,0,1,3,1,1,2,3,2,2,1
26191,0,7,4,4,1,19,12,3,8,5,2,1,2,2,1,0,1,3,1,1,2,4,2,4,1
5715,0,12,3,4,1,7,1,1,8,1,8,8,2,2,1,0,1,2,1,1,3,3,2,2,1
21675,0,7,1,2,1,14,10,1,7,5,12,1,2,2,1,0,1,2,1,1,2,4,2,6,1
22303,0,4,7,1,1,10,18,1,2,5,2,7,2,2,1,0,1,1,1,1,2,3,2,4,1
19198,0,3,2,4,1,12,13,1,2,4,4,1,2,2,1,0,2,1,1,2,2,5,2,2,1
16994,1,5,7,4,5,22,1,3,2,1,8,1,3,2,1,0,2,3,1,4,2,5,2,4,1
18651,1,6,7,2,5,21,1,2,7,1,4,8,3,3,4,0,1,3,1,1,4,3,2,2,1
8393,0,8,5,4,1,5,10,3,7,4,8,1,2,2,1,0,1,3,1,1,2,3,2,3,1
35273,0,7,7,4,5,14,1,1,7,1,5,8,2,3,2,0,1,1,1,1,4,3,2,2,1
14650,0,3,2,2,1,17,13,1,2,2,6,7,3,2,1,0,1,3,1,1,2,3,2,2,1
34677,1,4,5,4,1,7,21,1,7,5,2,1,2,2,1,0,1,1,1,1,2,7,2,4,1
7069,1,9,6,3,1,20,13,1,4,3,6,1,2,2,1,0,8,3,1,1,2,3,2,2,1
23697,0,7,4,2,1,16,13,1,7,4,6,1,2,2,1,0,1,2,1,1,2,6,2,4,1
27256,1,8,6,4,1,7,18,1,7,4,6,1,2,2,1,0,8,2,1,1,2,4,2,2,1
17557,0,6,7,4,1,21,13,3,7,2,5,1,2,2,1,0,1,1,1,1,2,3,2,3,1
26747,0,3,1,2,5,17,1,1,2,1,8,2,2,2,1,0,1,2,1,1,2,3,2,3,1
8299,1,9,5,4,1,13,13,1,7,4,5,1,2,2,1,0,2,1,1,2,2,3,2,3,1
12468,0,8,7,3,1,19,13,1,7,4,4,1,2,2,1,0,2,3,1,2,2,3,2,2,1
24737,1,9,1,4,5,18,13,3,7,1,12,1,2,2,1,0,1,3,1,1,2,7,2,4,1
12916,1,7,6,4,1,17,13,1,4,2,10,1,2,2,1,0,2,3,1,2,2,3,2,2,1
16648,0,7,5,4,1,11,13,1,7,4,6,1,3,2,1,0,2,1,1,2,2,5,2,2,1
31631,1,2,4,3,1,21,21,3,2,4,6,1,2,2,1,0,2,4,1,2,2,3,2,2,1
36344,0,6,3,4,1,7,11,1,11,5,8,8,2,2,1,0,1,1,1,1,4,3,2,2,1
24820,0,3,4,2,1,13,21,1,10,4,6,1,2,2,1,0,8,1,1,1,2,3,2,3,1
14683,0,9,4,4,1,19,13,5,2,1,6,8,2,3,4,0,1,1,1,1,4,3,2,2,1
28441,1,8,1,4,1,17,13,1,7,2,3,1,2,2,1,0,2,1,1,2,2,4,2,4,1
28964,0,10,7,4,5,18,1,1,2,1,4,1,2,2,1,0,1,1,1,1,2,5,3,4,1
8003,0,3,2,4,1,1,13,3,2,1,6,8,2,3,4,0,3,1,1,4,4,3,3,2,1
32303,0,7,7,4,1,18,7,1,4,2,8,5,2,2,1,0,3,4,2,3,2,5,2,2,1
11884,0,8,7,4,4,15,15,1,7,1,6,8,2,3,4,0,1,1,1,1,3,3,2,2,1
10820,1,3,2,4,1,10,13,1,2,1,10,7,2,3,7,0,1,2,1,1,2,5,2,5,1
15460,0,4,5,4,1,14,13,1,4,2,4,7,2,2,1,0,8,2,1,1,2,3,2,2,1
11611,1,9,6,4,1,15,7,1,8,2,11,5,2,2,1,1,8,1,1,1,2,3,2,2,1
3638,1,5,5,4,5,20,13,5,7,1,5,8,2,3,4,0,1,3,1,1,4,3,2,2,1
728,1,5,5,3,1,7,13,1,4,4,9,1,2,2,1,0,2,2,1,2,2,5,2,2,1
31985,0,3,1,4,5,9,1,1,4,1,12,1,2,2,1,0,1,1,1,1,2,3,2,4,1
17083,1,6,4,4,2,18,13,1,2,1,6,1,3,3,5,0,1,1,1,1,2,3,2,2,1