id,Severity,age_classes,day_week,DEFORMED_classes,m_harm_classes,hour,impact1_classes,lgt_cond,make,man_coll,month,p_crash1,pcrash4,pcrash5,rel_road,reljct1,reljct2,rest_use,sex,typ_int,valign,vnum_lan,vsurcond,vtrafway,weather_classes
35153,0,10,1,2,1,14,13,1,7,2,8,5,2,2,1,0,1,3,1,1,3,3,2,2,1
9880,1,3,7,4,5,16,13,1,4,1,5,8,2,3,4,0,1,1,1,1,4,3,2,2,1
24337,0,6,5,4,1,24,13,2,10,4,8,1,2,2,1,0,2,2,1,3,2,5,2,2,1
8367,1,4,4,4,1,21,1,2,2,1,8,1,2,2,1,0,1,3,1,1,2,3,2,2,1
31513,0,3,4,2,1,16,12,1,10,5,5,1,2,2,1,0,2,1,2,2,2,3,2,3,1
14897,0,8,2,4,5,19,1,1,7,1,6,8,2,2,1,0,1,1,1,1,3,3,2,2,1
13319,0,3,2,4,1,16,13,1,10,4,5,1,2,2,1,0,4,3,1,1,2,5,2,2,1
6022,0,1,3,3,5,15,1,1,2,1,3,1,2,2,1,0,1,3,1,1,2,3,2,2,1
15907,0,10,4,2,5,11,1,1,10,1,8,1,3,2,1,0,2,1,1,2,2,3,2,2,3
35268,0,5,1,3,1,3,19,3,2,5,4,1,2,2,1,0,1,3,1,1,2,3,2,4,1
27663,1,6,4,4,1,17,13,1,2,4,10,1,2,2,1,0,2,2,1,2,2,3,2,2,1
35063,0,4,5,2,1,16,13,1,8,4,10,1,2,2,1,0,1,4,1,1,2,4,2,3,1
28874,1,9,7,4,5,22,12,2,7,5,10,1,2,3,1,0,1,3,2,1,2,7,2,4,1
4747,0,8,7,4,5,19,2,1,2,1,8,8,2,3,4,0,1,1,1,1,4,3,2,2,1
19694,0,11,5,3,1,13,10,1,4,5,6,7,2,2,1,1,11,1,1,1,2,6,2,4,1
11658,1,4,1,4,1,17,13,1,10,4,9,1,2,2,1,0,2,2,1,2,2,3,2,4,1
12594,0,3,4,4,1,13,13,1,8,2,4,1,2,2,1,0,1,1,1,1,2,3,2,2,1
8926,1,11,5,4,1,14,13,1,2,2,8,1,2,2,1,0,2,3,1,2,2,3,2,3,1
1472,1,7,7,4,1,16,1,1,4,1,1,8,3,2,1,0,2,1,1,3,3,5,2,2,1
28399,0,6,7,3,1,17,4,1,8,5,3,1,2,2,1,0,1,3,1,1,2,3,2,3,1
1158,1,6,4,4,1,16,13,1,7,4,6,8,2,2,1,0,2,3,1,2,3,3,2,5,1
15626,1,8,3,4,5,14,15,1,7,1,8,8,2,3,4,0,1,2,1,1,4,5,2,4,1
4139,0,3,7,4,3,24,13,3,4,1,2,1,2,3,4,0,1,1,1,1,2,4,2,3,1
24680,0,5,7,3,1,15,12,1,6,4,8,1,2,2,1,0,1,1,2,1,2,5,3,2,1
31978,0,3,4,4,1,16,13,5,8,4,11,1,2,2,1,0,2,1,1,2,2,3,3,6,1
7551,0,7,1,4,1,18,13,1,3,3,7,1,2,2,1,0,1,1,1,1,2,3,2,2,1
1979,0,4,7,4,1,13,13,1,10,4,9,1,2,2,1,0,2,3,1,2,2,3,2,2,1
517,0,4,3,4,5,20,1,5,8,1,7,1,3,2,1,0,3,2,1,2,2,3,2,4,1
15567,0,4,2,4,1,13,13,1,4,4,7,1,2,2,1,0,8,1,1,1,2,3,2,2,1
11848,0,7,7,4,1,20,13,2,2,4,10,1,2,2,1,0,2,3,1,2,2,5,2,3,1
10708,1,4,1,3,3,2,15,3,6,1,10,8,2,3,4,0,1,1,1,1,3,3,2,2,1
11038,1,4,7,4,1,22,7,2,8,1,3,1,2,2,1,0,2,1,1,3,2,3,2,3,1
36141,1,8,4,4,1,17,13,5,7,4,1,1,3,2,1,0,8,1,1,1,2,4,2,4,1
4670,0,6,4,4,1,20,13,5,8,3,8,7,2,2,1,0,1,1,1,1,3,3,2,2,1
21201,0,8,6,2,5,16,1,1,7,1,4,8,2,2,1,0,3,2,1,2,2,3,2,2,3
30633,1,4,1,2,5,15,1,1,2,1,7,8,2,2,1,0,3,3,1,2,2,3,2,2,1
16079,0,8,1,4,1,22,13,3,7,4,1,1,2,2,1,0,8,3,1,1,2,3,2,2,1
14551,0,8,3,2,3,21,13,3,7,1,8,7,2,3,8,1,13,3,1,1,3,5,2,7,1
2275,1,2,5,4,4,23,13,2,8,1,9,8,2,3,4,0,1,2,1,1,4,3,2,2,1
29632,0,3,5,4,5,15,1,1,10,1,7,1,2,2,1,0,1,4,1,1,2,3,2,2,1
2400,1,9,5,4,5,21,1,1,7,1,7,8,2,3,4,0,1,2,1,1,4,3,2,2,1
33283,1,6,7,2,1,19,13,3,2,3,10,8,2,2,1,0,2,4,1,2,3,4,2,3,1
7975,1,3,5,4,1,16,4,1,2,1,3,8,2,3,4,0,1,1,1,1,4,4,2,4,1
24750,0,4,7,2,5,12,1,1,8,1,2,1,2,2,1,0,1,3,1,1,2,3,2,2,1
11365,1,5,1,4,1,24,13,3,10,4,10,1,2,2,1,0,2,1,1,2,2,4,2,3,1
808,0,2,6,4,5,2,1,2,10,1,1,2,3,2,1,0,1,3,1,1,2,3,2,2,1
8467,0,6,7,4,5,13,13,1,7,1,10,8,2,3,4,0,1,3,1,1,3,5,2,2,1
9946,1,7,7,4,1,24,13,2,7,1,7,1,3,2,1,0,1,3,1,1,2,3,2,2,1
12160,0,9,7,3,5,22,1,2,4,1,4,8,2,3,8,1,5,1,1,1,3,2,2,7,1
8973,1,10,7,4,5,12,1,1,7,1,8,8,2,3,4,0,1,3,1,1,4,3,2,2,1
9031,0,4,7,4,2,20,13,5,2,1,6,8,2,3,3,0,1,1,1,1,3,5,2,3,1
670,1,5,7,4,1,23,1,3,7,1,9,8,2,2,1,0,1,1,1,1,4,5,2,2,1
14919,1,9,3,4,1,15,13,1,8,4,4,1,3,2,1,0,2,3,1,2,2,3,2,2,1
34327,0,5,6,4,1,22,12,2,2,1,6,1,2,2,1,0,1,4,1,1,2,3,2,2,1
1355,1,5,3,4,1,7,13,4,4,4,10,1,2,2,1,0,2,1,1,2,2,3,2,2,1
11603,0,7,1,4,1,15,4,1,7,4,10,8,3,2,1,0,1,1,1,1,3,3,2,2,1
13389,1,8,6,4,1,16,13,1,7,3,8,1,3,2,1,0,1,3,1,1,2,3,3,2,1
3555,1,9,1,4,1,18,13,5,7,3,11,1,2,2,1,0,8,3,1,1,2,5,2,2,1
22754,0,8,6,2,1,16,13,1,7,2,11,5,2,2,1,0,1,3,1,1,2,5,2,2,1
15943,1,5,7,4,1,21,3,5,8,4,6,8,2,2,1,0,2,3,1,3,2,3,2,2,1
15570,1,6,6,4,1,24,13,3,7,4,7,1,2,2,1,0,2,2,1,3,2,4,2,2,1
12166,1,7,3,2,5,20,15,3,7,1,5,1,3,3,3,0,3,1,1,2,2,2,2,3,1
5153,0,10,4,4,1,11,13,1,7,3,4,8,2,2,1,0,1,1,1,1,4,3,2,2,1
13655,1,5,5,4,5,20,13,5,7,1,5,8,2,3,4,0,1,3,1,1,4,3,2,2,1
5636,1,3,6,3,1,22,1,3,4,1,9,1,3,2,1,0,8,2,1,1,2,3,2,2,1
9794,0,3,1,4,1,15,13,1,10,4,11,1,2,2,1,0,8,1,1,1,2,7,2,3,1
20283,0,6,7,2,1,20,13,2,10,4,10,1,2,2,1,0,2,1,1,2,2,5,2,5,1
1499,1,8,3,4,1,19,13,1,7,1,4,7,2,3,5,0,1,1,1,1,2,3,2,2,1
2678,1,8,4,4,1,2,13,3,7,2,3,1,2,2,1,0,1,1,1,1,2,3,2,2,1
19741,1,7,4,4,1,19,13,1,4,4,6,1,2,2,1,0,2,1,1,2,2,6,2,2,1
25862,0,9,5,4,1,24,7,3,7,2,8,5,2,2,1,0,3,2,1,3,2,4,2,2,1
32756,0,6,6,4,1,14,13,1,7,4,5,1,2,2,1,0,8,3,1,1,2,3,2,2,1
29824,0,5,2,3,5,21,1,2,4,1,9,8,2,3,4,0,1,1,1,1,3,3,2,2,1
16448,0,3,6,4,1,19,13,3,8,4,10,1,2,2,1,0,2,1,1,2,2,3,3,4,1
9034,1,6,4,4,1,12,13,1,2,2,6,2,3,2,1,0,2,1,1,3,2,3,2,2,1
15501,1,3,3,4,1,22,13,3,4,4,5,1,2,2,1,0,8,2,1,1,2,3,2,3,1
1689,1,5,5,4,5,12,1,1,7,1,5,8,2,3,4,0,1,3,1,1,4,3,2,2,1
8022,0,4,5,4,1,14,13,1,8,4,8,1,2,2,1,0,2,1,1,3,2,3,2,3,1
29963,0,3,5,2,5,15,1,1,2,1,5,1,3,2,1,0,1,3,2,1,2,4,2,2,1
21062,1,7,4,4,1,8,10,1,10,1,3,8,2,3,3,0,1,2,1,1,5,4,2,3,1
12076,1,8,1,2,5,10,1,1,8,1,6,1,2,2,1,0,1,1,1,1,2,3,2,2,1
5340,1,5,7,4,1,20,7,6,10,2,11,1,2,2,1,0,3,3,1,3,2,3,2,2,1
12127,0,3,3,4,1,17,13,3,8,1,11,1,2,2,1,0,3,1,1,3,2,3,3,2,1
22718,0,8,4,2,1,15,13,1,7,3,5,5,2,2,1,0,2,3,1,2,2,3,2,2,1
13291,1,8,6,4,5,17,1,1,8,1,10,8,3,3,4,0,1,3,1,1,4,3,2,2,1
19875,1,10,5,4,1,18,13,1,2,3,9,1,2,2,11,0,1,1,1,1,2,3,2,5,1
17214,1,10,7,4,1,13,13,1,2,4,5,1,2,2,1,0,8,1,1,1,2,3,2,2,1
16082,1,4,6,4,3,1,15,3,10,1,1,8,2,3,4,0,1,3,1,1,4,3,2,2,1
15027,0,8,7,4,1,18,7,2,2,2,12,1,2,2,1,0,1,2,1,1,2,3,2,4,1
15413,1,10,2,4,5,15,1,1,7,1,2,1,3,2,1,0,2,2,1,2,2,3,2,3,1
22202,0,8,7,2,5,19,1,1,2,1,9,5,2,2,1,0,2,3,1,3,2,3,2,2,1
17732,0,8,6,3,5,16,13,1,10,1,2,8,3,3,4,0,1,1,1,1,3,3,2,2,1
10043,1,6,5,4,1,21,13,3,4,4,5,1,2,2,1,0,3,1,1,3,2,3,2,2,1
115,1,3,5,4,1,14,13,1,8,4,1,1,2,2,1,0,2,1,1,2,2,5,2,5,1
30553,0,7,7,2,1,20,10,2,7,4,2,1,2,2,1,0,8,3,1,1,2,3,2,2,1
36287,0,4,6,4,1,8,3,1,7,4,6,1,2,2,1,0,2,1,1,3,2,3,2,2,1
34312,1,8,1,4,5,17,1,1,7,1,5,8,2,3,3,0,1,4,1,1,5,4,2,3,1
3315,1,5,7,4,5,3,13,2,10,1,6,8,2,3,4,0,2,3,1,3,5,3,2,2,1
17419,1,7,4,4,1,21,13,5,2,4,8,1,2,2,1,0,2,2,1,2,2,3,2,2,1
16103,0,5,2,4,1,17,13,1,8,4,2,1,2,2,1,0,2,1,1,2,2,4,2,3,1
17391,1,8,1,4,5,18,1,1,7,4,6,1,2,2,1,0,1,2,1,1,2,3,2,2,1
10373,0,6,2,4,1,10,13,1,1,3,1,8,2,2,1,0,3,1,1,4,4,3,3,2,1
5639,1,10,3,1,5,14,1,1,10,1,9,8,2,2,1,0,1,3,1,1,2,3,2,2,1
16758,1,9,2,4,1,23,3,2,7,1,8,1,3,3,3,0,2,3,1,2,2,3,2,4,1
8124,1,10,2,4,5,21,4,2,8,1,4,8,2,3,4,0,1,1,1,1,4,3,2,2,1
6226,1,7,5,4,5,23,13,2,7,1,5,1,2,3,3,0,1,3,1,1,2,2,2,3,1
13870,0,2,1,4,1,17,13,1,4,4,2,1,2,2,1,0,2,3,1,2,2,3,2,3,1
31174,0,6,7,2,1,18,22,3,8,5,10,1,2,2,1,0,1,1,1,1,2,3,2,3,1
15809,0,5,3,4,5,14,1,1,10,1,12,1,3,2,1,0,1,2,1,1,2,3,2,2,1
873,0,9,2,4,1,16,1,1,7,1,8,7,2,2,1,0,8,3,1,1,2,3,2,2,1
36847,0,5,5,3,5,19,1,1,4,1,7,1,2,2,1,0,1,1,1,1,2,7,2,4,1
13754,1,7,7,4,1,24,13,3,10,4,7,1,2,2,1,1,2,1,1,2,2,4,3,3,1
16223,0,7,1,4,1,1,13,3,8,1,1,8,2,3,4,0,1,1,1,1,3,3,3,3,1
13466,0,6,2,4,5,23,13,2,8,1,9,8,2,3,4,0,1,1,1,1,5,3,2,2,1
20256,0,3,2,4,1,9,13,1,10,2,8,1,2,2,1,0,1,2,1,1,2,3,2,2,1
6037,1,8,1,4,1,12,12,1,7,4,3,8,2,2,1,0,1,1,1,1,4,3,2,2,1
15368,0,4,3,4,1,14,13,1,7,2,1,1,2,2,1,0,3,2,1,3,2,3,2,2,1
12018,0,4,5,4,1,17,13,1,7,4,5,1,2,2,1,0,2,3,1,4,2,3,2,2,1
22416,0,7,4,3,1,17,7,5,7,2,12,5,2,2,1,0,3,1,1,2,2,3,3,2,1
506,1,4,2,4,1,13,13,1,7,4,6,8,2,2,1,0,2,2,1,2,3,3,2,2,1
17064,0,9,6,2,4,14,13,1,10,1,3,8,3,3,4,0,1,1,1,1,5,3,2,2,1
23872,0,7,1,2,1,14,10,1,4,4,11,1,2,2,1,0,2,2,1,2,2,4,2,6,1
20316,1,3,2,2,1,23,13,3,2,2,7,1,2,2,1,0,1,2,1,1,2,3,2,2,1
12681,0,9,3,4,1,15,2,1,7,4,7,7,3,2,1,0,2,1,1,3,2,3,2,2,1
10873,1,8,1,4,5,12,1,1,8,1,7,6,3,5,1,0,1,3,1,1,2,3,2,2,1
6687,1,3,4,4,1,17,13,1,4,4,4,1,2,2,1,0,8,2,1,1,2,3,2,2,1
5117,0,5,1,4,1,15,13,1,6,3,8,1,2,2,1,0,2,2,2,2,2,3,2,4,1
31770,0,8,3,3,1,18,13,1,7,4,10,1,2,2,1,0,2,4,1,2,2,3,2,3,1
22682,0,7,7,4,1,17,22,1,7,5,2,7,2,2,1,0,1,3,1,1,2,3,2,6,1
1795,1,4,4,4,1,19,13,1,10,4,8,1,2,2,1,0,2,2,1,2,2,3,2,2,1
11271,0,4,6,4,5,23,21,3,4,1,7,8,2,3,4,1,5,3,1,1,4,6,2,7,1
6300,1,6,5,4,5,21,1,2,2,1,9,8,2,3,3,0,1,3,1,1,3,3,2,3,1
10330,0,7,6,4,1,6,4,1,11,4,9,8,2,2,1,0,1,3,1,1,3,3,2,3,1
16337,1,8,1,4,1,9,11,1,2,4,7,1,2,2,1,0,2,3,1,2,2,3,2,5,1
12020,1,9,1,4,5,8,3,1,7,1,6,1,2,3,4,0,1,3,1,1,2,3,2,2,1
16582,1,10,6,4,5,17,15,1,7,1,8,1,2,3,5,0,1,1,1,1,2,3,2,2,1
10424,0,4,5,4,5,23,15,3,4,1,3,8,2,3,4,0,1,2,1,1,4,3,2,5,1
5987,1,12,1,4,1,12,12,1,8,4,1,1,2,2,1,0,2,2,1,2,2,3,2,3,1
23467,0,5,6,4,1,15,4,1,2,2,6,1,2,2,1,0,1,2,1,1,2,6,2,4,1
33737,0,8,4,4,1,6,7,3,1,2,4,2,2,2,1,0,1,4,1,1,2,3,2,4,1
28373,1,6,1,4,1,17,15,1,8,1,9,1,2,3,4,0,1,3,1,1,2,3,2,4,1
16141,1,3,4,4,5,6,1,2,8,1,3,1,2,2,1,0,1,1,1,1,2,4,2,4,1
9569,0,3,7,4,1,20,13,3,10,3,11,7,2,2,1,0,2,3,1,2,2,5,2,2,1
28745,1,4,6,4,5,19,1,5,10,1,9,8,2,2,1,0,1,3,1,1,4,3,2,3,1
854,1,3,3,4,1,21,13,3,4,2,7,1,2,2,1,1,12,3,1,1,2,5,2,5,1
29802,0,6,2,2,1,18,13,1,4,4,4,8,2,2,1,0,2,1,1,3,2,3,2,2,1
25143,1,4,3,3,1,23,7,2,2,2,3,2,2,2,1,0,8,1,1,1,2,3,2,4,1
19135,1,4,7,2,1,19,13,2,7,3,1,8,2,2,1,0,1,3,2,1,3,3,2,2,1
15517,0,4,6,4,1,18,15,1,4,1,5,8,2,3,4,0,1,2,1,1,4,3,2,3,1
9762,0,4,2,4,1,10,13,1,4,3,8,7,3,2,1,0,1,1,1,1,2,3,2,2,1
22224,0,7,7,4,1,22,7,2,7,2,5,2,2,2,1,0,1,2,1,1,2,3,3,2,1
1624,1,11,7,4,1,10,2,1,8,4,1,1,2,2,1,0,2,1,1,2,2,3,2,2,1
18367,0,9,1,3,5,19,10,1,2,1,7,8,3,3,4,0,1,3,1,1,5,3,2,2,1
7562,0,11,3,4,1,6,7,1,2,2,8,1,2,2,1,0,1,1,1,1,2,3,2,3,1
12320,1,7,1,4,1,19,13,1,2,4,7,1,3,2,1,0,8,1,1,1,2,5,2,2,1
10521,1,4,5,4,1,21,13,3,4,4,6,1,2,2,1,0,2,2,1,3,2,3,2,2,1
1986,1,7,7,4,1,2,1,3,7,1,2,1,2,3,7,0,1,3,1,1,2,3,2,2,1
29040,0,5,1,2,2,24,13,2,7,1,8,1,2,2,1,0,1,2,1,1,2,3,2,4,1
27667,0,4,7,4,1,15,13,1,4,4,3,7,2,2,1,0,8,2,1,1,2,3,2,2,1
10127,0,3,3,4,5,18,15,2,4,1,1,8,2,3,4,0,1,3,1,1,3,3,2,2,1
8929,0,10,1,4,4,23,13,2,7,1,8,1,3,3,4,0,2,3,1,3,2,3,2,2,1
31035,0,6,7,2,1,21,21,3,7,5,3,1,2,2,1,0,1,1,1,1,2,3,2,4,1
32914,0,8,7,2,5,12,1,1,4,1,5,2,3,2,1,0,1,4,1,1,2,4,2,4,1
31012,1,3,7,4,1,14,13,1,10,4,8,8,2,2,1,0,2,4,1,3,2,3,2,2,1
27916,0,4,7,4,4,21,13,2,2,1,9,1,2,3,4,0,1,2,1,1,2,3,2,2,1
15402,0,9,3,3,5,10,1,1,7,1,2,8,2,3,5,0,1,2,1,1,4,3,2,2,1
5793,1,7,5,4,1,21,21,3,4,4,2,7,2,2,1,0,1,2,1,1,2,6,2,4,1
31130,0,5,3,4,1,20,13,5,2,1,7,8,2,2,1,0,1,1,1,1,3,3,2,2,1
19993,0,7,1,3,1,14,13,1,7,1,8,8,2,2,1,0,1,3,1,1,4,3,2,2,1
9024,1,10,7,4,1,10,13,1,2,4,5,1,2,2,1,0,2,1,1,3,2,3,2,2,1
11113,0,4,6,4,5,23,4,3,10,1,5,8,2,3,4,0,1,1,1,1,4,3,2,4,1
5708,1,4,7,4,1,16,13,1,7,4,10,1,2,2,1,0,2,1,1,2,2,5,2,2,1
21380,0,9,1,4,1,13,13,1,7,3,4,8,2,2,1,0,1,3,1,1,3,3,2,2,1
8654,1,10,5,4,1,18,13,1,7,4,4,1,3,2,1,0,2,3,1,3,2,3,2,2,1
10511,0,10,4,4,5,10,1,1,10,1,5,1,3,2,1,0,1,2,1,1,2,3,2,2,1
24335,0,5,7,4,1,17,13,1,4,1,8,3,2,3,4,0,1,2,1,1,2,5,2,3,1
23124,0,3,1,4,5,17,1,1,4,1,2,1,2,2,1,0,1,2,1,1,2,6,2,3,1
8583,1,5,2,4,1,16,13,1,8,4,3,1,2,2,1,0,1,1,1,1,2,3,3,2,1
13102,0,4,1,4,1,13,13,1,4,2,9,1,2,2,1,0,1,1,1,1,2,4,2,4,1
18274,0,3,1,4,5,11,1,1,2,1,10,7,2,2,1,0,1,1,1,1,4,3,2,2,1
14098,1,8,5,4,1,17,10,1,8,5,9,1,2,2,1,0,2,1,1,2,2,3,2,3,1
374,0,9,3,3,5,10,1,1,7,1,2,8,2,3,5,0,1,2,1,1,4,3,2,2,1
33698,1,9,4,4,1,5,21,2,1,2,2,1,2,2,1,0,1,1,1,1,2,8,2,4,1
18287,0,10,5,4,1,11,13,1,7,3,7,1,2,2,1,0,2,1,1,2,2,3,2,2,1
130,1,9,3,4,1,17,13,1,2,4,2,1,2,2,1,0,2,3,1,2,2,3,2,2,1
8681,1,6,2,4,5,21,1,2,10,1,6,8,2,3,4,0,1,1,1,1,3,3,2,2,1
20137,0,6,7,2,1,14,13,1,4,2,7,5,2,2,1,0,1,2,1,1,2,3,2,4,1
10866,0,8,7,4,5,20,1,5,7,1,7,8,3,3,4,0,1,3,1,1,3,3,3,2,1
22393,1,2,5,4,1,13,13,1,4,4,11,1,2,2,1,0,2,1,1,3,2,3,2,3,1
29479,0,10,7,4,5,17,1,1,7,1,5,2,2,2,1,0,1,4,1,1,2,3,2,2,1
10933,1,5,7,4,1,21,3,5,8,4,6,8,2,2,1,0,2,3,1,3,2,3,2,2,1
20479,0,6,3,2,5,9,1,1,7,1,8,7,3,2,1,0,7,2,1,1,2,4,2,4,1
5700,1,4,1,3,3,2,15,3,6,1,10,8,2,3,4,0,1,1,1,1,3,3,2,2,1
360,0,6,7,4,1,18,13,3,7,1,1,8,3,3,7,0,1,2,1,1,4,3,2,2,1
583,1,5,2,4,1,2,13,3,2,2,7,1,2,2,1,0,1,1,1,1,2,6,2,6,1
6771,1,10,6,4,5,17,1,1,10,1,8,1,3,2,1,0,1,3,1,1,2,3,2,2,1
1074,1,9,7,4,1,24,13,3,7,2,1,1,2,2,1,0,2,3,1,3,2,5,2,3,1
17670,0,11,2,4,5,19,1,2,7,1,10,8,2,3,4,0,1,1,1,1,4,3,2,2,1
26283,0,3,6,2,1,14,10,1,4,5,2,8,2,2,1,0,2,3,1,2,2,3,2,2,1
10577,0,3,6,4,1,20,13,5,8,3,8,8,2,2,1,0,1,2,1,1,3,3,2,2,1
6768,1,10,5,4,1,11,13,1,8,4,9,1,2,2,1,0,2,3,1,2,2,5,2,4,1
25001,0,6,7,1,1,7,22,1,7,1,5,1,2,2,1,0,1,1,1,1,2,6,2,2,1
15394,1,5,2,4,1,18,13,3,4,4,1,1,2,2,1,0,8,2,1,1,2,5,2,5,1
6667,0,3,7,4,5,21,13,2,8,1,9,8,2,3,5,0,1,3,1,1,4,3,2,2,1
22320,0,4,7,2,1,18,22,1,2,4,5,1,2,2,1,0,3,1,1,3,2,5,2,2,1
17798,1,7,3,4,1,11,13,1,2,4,5,1,2,2,1,0,2,2,1,3,2,3,2,2,1
2532,1,9,1,4,1,14,10,1,7,4,5,1,2,2,1,0,1,1,1,1,2,3,2,2,1
2997,1,4,3,4,5,20,1,1,2,1,7,8,2,2,1,0,1,1,1,1,5,5,2,4,1
15272,0,8,7,4,5,14,1,1,7,1,11,1,2,3,2,0,1,1,1,1,2,3,2,2,1
5714,1,4,7,4,1,12,13,1,2,4,10,1,3,2,1,0,2,2,1,2,2,3,2,2,1
12960,0,8,2,4,1,20,13,1,2,3,5,1,2,2,1,0,4,1,1,1,2,3,2,3,1
3260,0,8,2,4,3,13,13,1,7,1,6,8,3,3,4,0,1,3,1,1,4,3,2,2,1
28509,0,8,5,4,1,11,6,1,2,5,6,1,2,2,1,0,2,1,1,2,2,7,2,5,1
9925,0,4,2,4,1,22,13,2,10,3,6,1,2,2,1,0,1,2,1,1,2,3,2,2,1
3867,1,7,5,2,5,16,1,1,2,1,4,1,3,3,4,0,1,3,1,1,2,3,2,2,1
30880,0,3,5,3,1,7,13,1,8,2,1,2,2,2,1,0,1,3,1,1,2,6,2,4,1
21269,0,9,2,4,1,18,7,1,7,2,9,5,2,2,1,1,3,2,1,3,3,3,3,4,1
18451,1,5,7,4,1,13,13,1,7,4,10,8,2,2,1,0,1,3,2,1,3,3,2,2,1
11580,1,9,1,4,5,18,1,1,7,1,7,1,2,2,1,0,1,1,1,1,2,3,2,4,1
4355,0,6,5,3,1,21,13,3,4,2,7,1,2,2,1,0,1,3,1,1,2,5,2,4,1
34846,0,4,1,4,1,11,18,1,8,1,10,1,2,2,1,0,1,1,1,1,2,6,2,4,1
31287,0,5,4,3,1,18,13,1,10,4,10,8,2,2,1,0,2,4,1,3,2,3,2,2,1
32662,1,7,6,4,5,19,1,1,7,1,7,8,2,3,4,0,1,3,1,1,3,3,2,4,1
22862,0,6,2,4,1,21,4,3,2,5,8,1,2,2,1,0,3,3,1,3,2,3,2,6,1
3930,0,3,1,4,4,2,13,2,10,1,9,1,2,3,4,0,1,3,1,1,2,3,2,2,1
28339,1,4,6,4,4,12,13,1,8,1,7,8,3,3,4,0,1,1,1,1,3,3,2,2,1
10896,1,9,1,4,1,6,13,4,4,1,8,1,2,2,1,0,1,1,1,1,2,3,2,2,1
932,0,7,7,4,1,14,13,1,7,2,11,1,3,2,1,0,3,3,1,2,2,3,2,2,1
12578,1,10,7,4,1,21,4,3,7,5,10,1,2,2,1,0,2,3,1,3,2,3,2,2,1
32039,0,9,4,4,1,10,2,1,7,5,5,7,2,2,1,0,8,4,1,1,2,5,2,2,3
8427,1,14,3,4,1,13,13,1,8,4,8,1,2,2,1,0,2,1,1,3,2,3,2,2,1
11201,0,4,3,4,5,7,1,1,10,1,6,8,3,2,1,0,8,1,1,1,4,3,2,2,1
8326,0,5,1,4,1,10,13,1,7,4,6,1,2,2,1,0,4,3,1,1,2,3,2,2,1
14706,0,4,1,4,1,12,13,1,2,4,2,1,2,2,1,0,2,1,1,2,2,3,2,2,1
11474,1,8,1,4,5,16,10,1,7,4,8,1,2,2,1,0,2,3,1,2,2,3,2,5,1
28165,0,4,1,2,5,19,1,1,8,1,6,8,3,2,1,1,5,2,1,1,3,2,2,7,1
13184,0,3,5,4,1,16,13,1,10,4,6,1,2,2,1,0,2,1,1,3,2,3,2,2,1
6737,1,10,6,4,1,14,13,1,7,4,7,1,2,2,1,0,8,3,1,1,2,5,2,2,1
12622,1,10,6,4,1,18,13,1,7,4,7,8,3,2,1,0,1,2,1,1,3,3,2,2,1
5050,0,6,1,4,1,3,13,3,4,3,6,1,2,2,1,0,1,1,1,1,2,3,2,4,1
31776,0,6,1,2,1,16,13,1,7,4,10,1,2,2,1,0,8,3,1,1,2,3,2,3,1
3671,0,3,2,4,1,18,12,1,2,4,5,8,2,2,1,0,1,2,1,1,3,3,2,2,1
21089,0,4,5,4,1,17,13,1,10,2,6,1,2,2,1,0,1,2,1,1,2,6,2,4,1
13096,1,7,4,4,1,11,8,1,8,1,11,1,2,2,1,0,1,2,1,1,2,3,2,2,1
34029,0,7,1,4,4,15,13,1,2,1,5,8,2,3,4,0,1,3,1,1,4,3,2,2,1
12889,1,6,4,4,1,19,13,1,1,4,8,1,3,2,1,0,2,1,1,2,2,3,2,3,1
4044,1,10,1,4,1,16,12,1,7,4,7,1,2,2,1,0,1,1,1,1,2,3,3,2,1
2397,1,7,7,4,1,21,13,3,7,3,8,7,2,2,1,0,1,3,1,1,2,3,2,2,1
20781,0,10,1,2,1,16,7,1,7,2,8,2,2,2,1,0,3,2,1,2,2,3,2,3,1
34216,1,4,7,4,1,17,13,1,8,4,3,1,2,2,1,0,8,3,1,1,2,6,2,2,1
3942,0,10,7,4,5,6,13,2,7,1,10,1,2,3,4,0,1,3,1,1,2,3,2,2,1
15591,1,4,7,4,1,23,13,3,2,3,6,1,2,2,1,0,3,1,1,2,2,5,2,2,1
12663,0,10,1,4,1,13,1,1,2,1,10,8,2,2,1,0,1,1,1,1,3,3,2,2,1
1566,1,11,7,3,5,15,13,1,2,1,9,8,2,3,4,0,1,1,1,1,3,3,2,2,1
11590,1,4,5,4,5,12,1,1,4,1,9,1,3,2,1,0,1,1,1,1,2,3,2,2,1
36130,1,9,2,4,1,22,13,1,7,2,10,1,2,2,1,0,2,3,1,3,2,3,3,3,1
28515,0,2,2,3,3,10,13,1,4,1,7,8,3,3,4,0,3,1,1,4,4,3,2,4,1
30341,0,3,7,2,1,24,13,3,2,2,4,1,2,2,1,0,1,4,1,1,2,3,2,3,1
14605,0,7,3,4,1,5,13,2,2,3,10,1,2,2,1,0,2,3,1,3,2,3,3,2,1
719,0,6,1,4,1,16,13,1,1,6,10,8,2,2,1,0,1,1,2,1,4,3,2,2,1
24494,0,8,3,4,1,22,13,2,4,1,6,1,2,2,1,0,1,1,1,1,2,3,2,2,1