id,Severity,age_classes,day_week,DEFORMED_classes,m_harm_classes,hour,impact1_classes,lgt_cond,make,man_coll,month,p_crash1,pcrash4,pcrash5,rel_road,reljct1,reljct2,rest_use,sex,typ_int,valign,vnum_lan,vsurcond,vtrafway,weather_classes
1104,0,11,3,4,1,23,13,3,7,2,3,1,2,2,1,0,1,3,1,1,2,5,2,3,1
6065,0,7,6,4,1,15,13,1,10,4,1,1,2,2,1,0,4,1,1,1,2,3,3,4,1
34630,0,8,6,4,1,22,13,3,7,4,5,1,2,2,1,0,2,3,1,2,2,5,2,4,1
496,1,5,1,4,1,18,13,1,10,4,5,1,2,2,1,0,2,2,1,2,2,5,2,3,1
6645,1,4,6,4,1,4,8,2,7,1,7,1,2,2,3,0,1,3,1,1,2,3,3,4,1
967,1,4,7,3,5,21,1,3,2,1,1,1,2,3,4,0,2,3,1,3,2,3,2,2,1
1514,0,10,3,4,1,11,13,1,7,4,5,1,2,2,1,0,8,1,1,1,2,3,2,2,1
19695,1,6,4,4,1,16,13,1,8,2,6,7,2,2,1,0,8,3,1,1,2,3,2,3,1
2644,0,11,2,4,5,19,1,2,7,1,10,8,2,3,4,0,1,1,1,1,4,3,2,2,1
2443,0,7,7,4,5,13,1,1,8,1,10,8,2,3,4,0,1,2,1,1,4,3,2,2,1
13267,0,4,7,4,1,16,13,1,4,4,11,1,2,2,1,0,2,1,1,2,2,3,2,2,1
11333,1,4,7,4,1,20,13,3,4,4,7,1,2,2,1,0,2,1,1,2,2,3,2,2,1
12402,1,7,1,4,1,13,13,1,4,2,7,1,2,2,1,0,3,2,1,1,2,3,2,2,1
3229,1,6,6,4,1,17,13,1,8,4,9,1,2,2,1,0,2,1,1,2,2,5,2,4,1
17303,1,7,7,4,1,20,4,3,7,4,10,8,2,2,1,0,2,1,1,2,2,3,2,4,1
15505,1,4,2,4,1,17,13,1,8,3,5,1,2,2,1,0,2,1,1,2,2,3,2,2,1
13301,0,6,1,4,1,19,13,1,8,3,5,1,2,2,1,0,1,3,1,1,2,3,3,2,1
36231,0,8,7,4,4,15,13,1,7,1,5,1,2,3,4,0,3,1,2,3,2,3,2,2,1
15316,1,6,7,4,1,10,13,1,2,3,6,8,2,2,1,0,1,3,1,1,3,3,2,2,1
23285,0,9,7,4,5,13,1,1,4,1,10,1,2,2,1,0,1,2,1,1,2,3,2,2,1
23711,0,9,1,2,1,22,13,3,7,2,8,1,2,2,1,0,1,2,1,1,2,5,2,4,1
11429,0,3,4,4,5,16,1,1,4,1,11,1,2,2,1,0,2,3,1,3,2,5,2,5,1
32673,0,10,5,2,1,19,4,1,8,4,7,1,2,2,1,0,2,3,1,2,2,4,2,4,1
10749,0,3,1,4,1,6,13,4,2,1,4,8,2,3,4,1,5,2,1,1,3,2,2,7,1
9225,1,4,6,4,1,1,3,3,7,1,4,8,2,3,4,0,1,3,1,1,4,3,2,2,1
31989,1,8,7,4,1,23,13,3,2,4,12,1,2,2,1,0,2,3,2,3,2,3,2,2,1
18436,1,5,7,4,1,14,4,1,10,5,9,1,2,2,1,0,1,1,1,1,2,5,2,2,1
18843,1,6,3,4,1,7,4,1,8,4,10,1,3,2,1,0,8,2,1,1,2,3,2,2,1
24935,0,4,7,2,1,12,13,1,8,2,12,7,2,2,1,0,3,2,1,2,2,4,2,3,1
16604,1,7,7,4,1,18,13,1,7,4,9,1,2,2,1,0,8,1,1,1,2,3,2,2,1
14108,1,11,7,4,4,13,13,1,8,1,11,8,2,3,4,0,1,1,1,1,4,3,2,2,1
974,1,5,3,4,1,8,13,1,10,2,2,1,2,2,1,0,1,1,1,1,2,3,2,4,1
1748,1,6,1,4,5,12,1,1,1,1,8,8,3,2,1,0,1,2,1,1,3,3,2,2,1
9182,0,3,3,3,1,19,13,3,10,4,1,3,2,2,1,0,2,1,1,2,2,3,2,3,1
20887,1,8,5,4,1,22,13,3,11,3,7,1,2,2,1,0,2,1,1,2,2,6,2,2,1
5155,0,10,4,2,1,11,15,1,7,3,4,8,2,2,1,0,1,1,1,1,4,3,2,2,1
27166,0,6,3,4,3,14,13,1,7,1,12,7,2,4,3,0,1,3,1,1,2,3,2,3,1
23434,1,6,1,4,1,15,10,1,2,4,2,1,2,2,1,0,2,3,1,3,2,5,2,2,1
15612,1,5,3,4,1,5,4,4,2,4,7,1,2,2,1,0,2,1,1,3,2,3,2,2,1
10386,1,4,3,3,1,14,1,1,8,1,2,7,3,2,1,0,1,2,1,1,2,5,2,5,1
874,0,4,7,4,5,19,10,1,7,4,8,1,2,2,1,0,1,3,1,1,2,3,2,2,1
13985,1,8,6,4,1,14,1,1,7,1,8,1,2,2,1,0,2,2,1,3,2,3,2,2,1
2639,1,7,1,4,1,13,13,1,7,2,10,1,2,2,1,1,12,1,1,1,2,4,2,4,1
22536,0,7,6,2,1,20,7,2,7,2,9,2,2,2,1,0,1,3,1,1,2,3,2,2,1
12002,1,6,7,4,5,16,4,1,7,1,1,8,2,3,4,0,1,3,1,1,3,3,2,2,1
2945,1,7,7,4,1,14,2,1,10,5,5,7,2,2,1,0,1,1,1,1,2,4,2,6,1
35036,1,8,3,4,1,16,13,1,8,4,6,1,3,2,1,0,2,3,1,2,2,4,2,3,1
3001,1,4,6,4,1,23,15,3,10,1,7,8,2,3,4,0,1,1,1,1,4,5,2,2,1
34696,0,4,6,4,5,4,1,3,4,1,5,1,3,2,1,1,12,4,1,1,2,4,2,4,1
11736,1,9,2,4,5,16,1,1,7,1,7,8,2,3,4,1,5,3,1,1,4,2,2,7,1
18767,1,7,1,4,1,18,2,1,7,1,7,8,3,3,2,0,1,3,1,1,4,3,2,2,1
16245,1,5,6,4,1,16,13,1,4,1,5,1,2,3,5,0,2,1,1,3,2,3,2,2,1
17162,1,7,1,4,1,20,13,2,7,4,5,1,2,2,1,0,8,2,1,1,2,3,2,2,1
33510,1,7,1,4,1,11,13,1,3,3,9,8,2,2,1,0,1,3,1,1,3,3,2,2,1
20461,0,3,1,2,1,14,1,1,7,1,6,5,2,2,1,0,3,2,2,3,3,3,2,2,1
29897,1,8,4,4,5,24,1,3,7,1,4,8,2,3,4,1,5,4,1,1,4,2,2,7,1
21169,0,6,1,2,1,19,13,3,2,4,12,8,2,2,1,0,2,3,1,2,2,4,2,3,1
4402,1,6,7,3,1,18,4,1,4,4,8,7,2,2,1,0,2,3,1,2,2,3,2,4,1
26914,1,6,4,4,1,14,7,1,7,2,12,1,2,2,1,0,1,2,1,1,2,3,2,4,1
2482,1,10,2,4,1,17,13,1,7,3,8,8,2,2,1,0,1,3,2,1,3,3,2,2,1
18115,1,4,2,4,1,9,13,1,10,4,12,1,2,2,1,0,2,3,1,2,2,5,2,5,1
9709,0,5,6,4,1,24,12,2,7,6,4,1,2,2,1,0,1,2,1,1,2,3,2,2,1
3937,0,6,4,4,1,22,7,2,2,2,8,2,2,2,1,0,1,3,1,1,2,3,2,2,1
17820,1,9,4,4,1,6,13,1,8,3,5,8,2,2,1,0,1,1,1,1,4,3,2,2,1
32464,0,8,7,2,1,12,7,1,7,2,8,5,2,2,1,0,3,3,1,3,3,3,2,2,1
9836,0,3,5,4,2,23,7,3,4,1,7,8,2,3,4,0,8,1,1,1,4,3,2,2,1
7439,0,8,3,4,4,20,13,2,3,1,9,1,2,3,4,0,1,2,1,1,2,3,2,2,1
31277,0,3,5,4,1,15,13,1,6,2,8,2,2,2,1,0,3,4,1,2,2,4,2,5,1
18830,1,4,1,3,5,17,1,1,7,1,10,1,3,2,1,0,1,3,1,1,2,4,2,4,1
12258,1,7,6,4,1,15,13,1,10,4,6,1,2,2,1,0,2,1,1,3,2,3,2,2,1
22640,0,8,5,4,1,16,10,1,8,4,10,1,2,2,1,0,2,3,1,3,2,3,2,2,1
13725,1,7,6,4,1,21,13,2,10,1,7,1,2,2,1,0,1,3,1,1,2,3,3,2,1
36884,0,8,6,1,1,15,21,1,2,5,9,1,2,2,1,0,1,1,1,1,2,7,2,4,1
4095,0,7,1,4,1,13,13,1,10,3,12,8,2,2,1,0,1,1,1,1,4,3,2,2,1
2472,1,5,6,3,1,10,12,1,10,1,7,1,2,2,1,0,1,3,2,1,2,3,2,2,1
10903,1,10,7,4,1,11,13,1,7,4,9,7,2,2,1,0,1,3,1,1,2,3,2,2,1
182,0,5,6,4,1,17,13,1,10,4,6,1,2,2,1,0,2,3,1,3,2,3,2,2,1
22893,1,7,5,4,1,17,13,1,4,2,10,1,2,2,1,0,1,3,1,1,2,5,2,3,1
33576,0,8,1,4,5,11,1,1,7,1,4,1,3,3,3,0,1,3,1,1,2,3,2,3,1
26541,0,9,2,2,5,24,1,2,4,1,9,1,2,5,1,0,1,3,1,1,2,3,2,4,1
14902,0,10,3,4,1,18,1,1,7,1,7,8,2,3,2,0,1,2,1,1,4,3,2,2,1
2909,1,6,1,4,1,17,21,1,7,1,7,8,3,3,4,0,1,3,1,1,3,3,2,2,1
3456,1,10,7,3,5,12,1,1,7,1,10,1,2,3,5,0,1,3,1,1,2,3,2,2,1
2050,1,7,2,2,1,18,13,1,10,1,5,8,2,3,4,0,1,3,1,1,4,3,2,2,1
14602,0,4,4,2,1,16,13,1,4,4,11,7,2,2,1,0,2,1,1,3,2,3,8,2,1
33961,1,7,2,4,1,14,1,1,8,3,7,1,2,2,1,0,1,4,1,1,2,3,2,2,1
3506,0,5,6,4,1,14,13,1,10,4,7,1,2,2,1,0,2,3,1,2,2,3,2,2,1
879,1,9,1,4,1,6,13,4,4,1,8,1,2,2,1,0,1,1,1,1,2,3,2,2,1
8989,1,11,3,4,1,14,13,1,7,4,2,1,2,2,1,0,8,1,1,1,2,3,3,5,1
3073,1,8,3,4,1,15,13,1,4,4,10,1,3,2,1,0,8,1,1,1,2,3,2,2,1
30556,0,9,4,4,5,19,1,1,10,1,3,8,2,3,8,1,3,3,1,3,3,2,2,7,1
5872,0,8,5,2,5,16,10,1,2,3,8,8,2,2,1,0,1,1,1,1,4,3,2,2,1
17971,1,7,7,4,1,14,2,1,10,5,5,7,2,2,1,0,1,1,1,1,2,4,2,6,1
15702,0,8,1,4,1,12,13,1,7,3,9,8,2,2,1,0,1,1,1,1,4,3,2,2,1
13306,0,8,1,3,5,19,7,1,2,1,5,8,2,3,4,0,1,3,1,1,4,3,8,2,1
1295,0,5,7,4,1,17,13,1,8,2,7,1,2,2,1,0,1,1,1,1,2,5,2,3,1
2560,0,8,5,4,1,22,13,2,4,3,8,1,2,2,1,0,1,3,1,1,2,3,2,2,1
9969,0,7,1,4,4,19,13,1,10,1,8,8,2,3,4,0,1,3,1,1,4,3,2,2,1
23926,1,6,7,4,5,15,1,1,4,1,12,1,2,2,1,0,8,2,1,1,2,5,2,2,1
29444,0,6,5,4,1,18,13,1,7,4,7,1,2,2,1,0,8,3,1,1,2,3,2,2,1
18827,1,10,7,4,1,13,13,1,7,1,9,3,2,2,7,0,1,3,1,1,4,3,2,2,1
13001,1,9,4,4,1,15,13,1,9,3,7,1,2,2,1,0,1,1,1,1,2,3,2,2,1
36295,0,3,7,4,1,19,13,1,8,2,6,2,3,2,1,0,3,3,1,2,2,3,3,2,1
2904,1,8,6,4,1,21,13,3,10,2,3,1,2,2,1,0,2,3,1,3,2,4,2,4,1
16846,1,3,5,4,1,21,13,3,2,4,9,1,2,2,1,0,2,3,1,2,2,5,2,3,1
1857,1,7,5,4,1,15,13,1,7,4,5,1,3,2,1,0,3,3,1,3,2,5,3,3,1
20711,0,5,7,2,1,14,21,1,8,4,5,1,2,2,1,0,2,2,1,2,2,3,2,2,1
36434,1,7,5,4,3,19,13,2,4,1,11,1,2,3,4,0,3,3,1,3,2,8,2,5,1
5453,0,9,7,3,1,18,13,1,7,2,5,1,3,2,1,0,1,2,1,1,2,3,2,2,1
31979,0,3,4,2,1,16,13,5,8,4,11,1,2,2,1,0,2,1,1,2,2,3,3,6,1
5825,0,8,1,4,5,24,1,2,2,1,4,1,2,3,2,0,3,3,1,2,2,3,2,3,1
16129,0,7,3,4,1,23,7,3,7,2,3,1,2,2,1,0,1,3,1,1,2,5,2,3,1
27572,0,5,5,3,1,16,13,1,2,4,3,1,2,2,1,0,2,1,1,3,2,3,2,2,1
3080,0,3,2,4,1,15,13,1,10,4,11,1,2,2,1,0,2,1,1,2,2,3,2,4,1
1703,1,5,7,4,1,1,13,3,4,2,6,1,2,2,1,0,1,3,1,1,2,5,2,3,1
2811,1,4,6,4,1,10,13,1,7,2,7,1,3,2,1,0,2,1,1,2,2,3,2,4,1
32075,0,7,1,4,5,13,1,1,4,1,8,1,3,2,1,0,1,4,2,1,2,3,2,2,1
7009,1,4,2,4,5,18,1,1,8,1,5,8,2,3,4,0,1,3,1,1,3,3,2,2,1
18389,1,7,2,4,1,15,13,1,7,4,6,1,2,2,1,1,2,3,1,2,2,3,2,2,1
5319,0,8,4,4,4,24,21,2,7,1,8,8,2,3,4,0,1,3,1,1,4,3,2,2,1
17516,1,10,7,3,4,15,13,1,2,1,9,8,2,3,4,0,1,2,2,1,4,3,2,2,1
6703,1,7,1,4,1,1,13,2,7,1,5,1,2,2,1,0,1,3,1,1,2,3,2,2,1
28594,1,4,6,4,1,18,3,1,4,4,9,8,2,2,1,0,2,1,1,2,2,3,2,2,1
13220,1,6,7,4,4,16,13,1,4,1,7,8,2,3,3,0,1,1,1,1,4,3,2,2,1
22677,0,5,5,2,1,10,7,1,7,2,2,5,2,2,1,0,3,3,1,4,2,5,2,4,1
544,0,6,7,4,1,21,1,2,7,1,7,1,2,2,1,0,1,1,1,1,2,5,2,4,1
5968,1,7,2,4,1,17,13,1,2,2,10,1,2,2,1,0,1,1,1,1,2,3,2,6,1
35385,0,4,3,2,1,6,22,1,10,5,9,7,2,2,1,0,3,1,1,3,2,3,2,2,1
26899,1,4,3,4,1,14,21,1,10,5,11,1,2,2,1,0,1,2,1,1,2,5,2,4,1
11694,1,8,5,4,1,21,13,2,7,4,4,7,2,2,1,0,3,3,1,2,2,3,2,2,1
16423,1,3,1,4,1,21,13,3,2,4,11,1,2,2,1,0,2,1,1,2,2,4,2,3,1
500,1,6,4,4,1,17,13,1,7,4,5,1,2,2,1,1,2,2,1,2,2,4,2,4,1
35408,0,8,5,4,1,16,13,1,4,3,9,8,2,2,1,0,1,4,1,1,3,3,2,2,1
14074,1,5,5,4,1,20,13,3,4,3,8,1,2,2,1,0,8,1,1,1,2,3,2,5,1
26380,0,11,6,4,1,18,13,1,10,2,8,1,2,2,1,0,3,3,1,2,2,5,2,2,1
20147,0,7,3,2,5,14,1,1,2,1,5,1,3,2,1,0,5,1,1,1,2,2,2,7,1
18735,1,9,1,4,1,12,13,1,7,4,6,1,2,2,1,0,2,3,1,3,2,4,2,2,1
14562,1,7,5,3,1,17,7,1,2,2,8,5,2,2,1,0,8,3,1,1,2,5,2,2,1
20664,0,5,4,2,3,16,13,1,3,1,3,8,2,3,3,0,3,2,1,2,2,3,2,2,1
29364,1,6,3,4,1,17,7,1,4,2,8,5,2,2,1,0,8,4,1,1,2,5,2,2,1
3498,1,8,7,4,1,18,13,1,7,4,6,1,2,2,1,0,8,3,1,1,2,5,2,2,1
22671,1,3,1,4,3,24,4,2,8,1,3,8,3,3,8,1,5,3,1,1,4,3,2,7,1
11988,1,5,1,4,5,18,1,1,7,1,7,8,2,3,4,0,2,3,1,3,3,3,2,2,1
30890,1,7,7,4,3,1,13,3,7,1,2,1,2,3,3,0,1,3,1,1,5,5,2,3,1
11619,0,5,6,4,3,22,13,2,10,1,8,7,2,3,4,0,1,1,1,1,4,3,2,2,1
10700,0,4,3,4,1,8,13,1,2,4,9,1,2,2,1,0,8,1,1,1,2,3,2,2,1
10882,0,3,5,4,1,16,1,1,4,1,8,2,3,2,1,0,3,1,1,2,2,4,2,3,1
17781,0,8,1,4,1,17,13,5,2,1,10,8,2,3,4,0,1,3,1,1,4,3,2,2,1
28317,0,3,6,2,1,16,13,1,7,2,6,8,2,2,1,0,1,1,1,1,3,3,2,2,1
8146,1,8,6,4,1,14,13,1,2,3,5,1,2,2,1,0,1,1,1,1,2,3,2,2,1
8870,0,6,7,4,1,19,13,2,7,1,3,1,2,2,1,0,1,3,1,1,2,3,2,2,1
14696,1,7,7,4,4,13,13,1,7,1,4,8,2,3,4,0,1,1,2,1,4,3,2,2,1
32272,0,4,1,4,1,14,13,1,1,4,8,7,2,2,1,0,2,4,1,2,2,3,2,2,1
29508,1,8,6,4,1,7,18,1,8,5,7,7,2,2,1,0,1,2,1,1,2,4,2,4,1
1186,1,9,1,4,5,10,13,1,6,2,6,1,2,2,1,0,1,1,1,1,2,3,2,3,1
7185,1,9,2,2,1,17,13,3,2,4,11,1,2,2,1,0,2,1,1,2,2,5,2,2,1
16666,1,8,2,3,1,10,13,1,2,2,8,1,2,2,1,0,3,3,1,2,2,4,2,4,1
17720,0,3,6,4,1,18,13,1,2,3,9,1,2,2,1,0,1,1,1,1,2,3,2,2,1
36478,0,8,2,4,1,15,7,1,7,2,3,2,2,2,1,0,1,4,1,1,2,3,2,2,1
14843,1,9,7,4,1,13,13,1,7,4,7,7,2,2,1,0,2,1,1,3,2,3,2,2,1
34078,1,6,1,4,4,15,13,1,7,1,9,1,2,3,4,0,1,3,1,1,2,3,2,2,1
22522,0,7,7,3,5,16,1,1,2,1,7,1,2,2,1,0,3,3,1,3,2,5,2,2,1
32071,0,9,7,2,1,16,22,1,10,5,10,5,2,2,1,0,1,4,1,1,2,3,2,3,1
26334,0,7,6,3,4,17,18,1,7,1,5,8,2,3,4,0,1,1,2,1,4,3,2,2,1
13375,1,4,4,4,1,21,1,2,2,1,8,1,2,2,1,0,1,3,1,1,2,3,2,2,1
12269,1,4,1,4,1,17,13,1,4,2,5,1,2,2,1,0,1,2,1,1,2,3,2,2,1
22154,0,9,3,4,1,14,1,1,7,1,4,1,3,2,1,0,3,1,1,2,2,5,10,5,1
23466,0,5,6,2,1,15,4,1,2,2,6,2,2,2,1,0,1,2,1,1,2,6,2,4,1
2673,0,9,7,4,1,18,13,1,2,6,8,1,2,2,1,0,1,1,1,1,2,3,2,2,1
30477,1,7,6,4,1,6,13,3,7,4,5,1,3,2,1,0,2,4,1,2,2,3,2,6,1
17138,1,5,5,3,1,5,13,2,4,4,1,1,3,2,1,0,2,1,1,3,2,3,2,3,1
20666,0,6,7,2,1,23,7,2,2,2,3,1,2,2,1,0,1,2,1,1,2,4,3,4,4
15172,0,12,4,4,1,11,13,1,2,3,4,8,2,2,1,0,1,1,1,1,4,3,2,2,1
8802,0,8,2,4,1,14,8,1,2,1,9,8,3,3,3,0,1,1,1,1,3,3,3,4,1
1381,1,7,1,4,5,16,1,1,7,1,8,1,2,2,1,0,3,3,2,2,2,3,2,3,1
32820,1,7,2,4,1,14,10,1,7,4,11,1,2,2,1,0,2,3,1,2,2,5,2,4,1
11561,1,6,7,4,1,20,13,5,8,4,7,1,3,2,1,0,2,1,1,2,2,3,2,3,1
9999,0,5,4,4,1,14,1,1,4,1,5,8,2,3,4,0,3,3,1,4,2,3,2,2,1
25523,0,7,1,4,5,17,1,1,3,1,6,1,2,2,1,0,1,3,1,1,5,3,2,2,1
7286,1,7,7,4,1,20,4,3,7,4,10,8,2,2,1,0,2,1,1,2,2,3,2,4,1
15432,1,7,7,4,1,8,13,1,7,4,3,1,2,2,1,0,2,2,1,3,2,7,2,5,1
9055,0,3,1,4,1,10,7,1,8,2,7,2,2,2,1,0,1,1,1,1,2,3,2,3,1
5863,1,3,3,4,1,21,13,3,4,2,7,1,2,2,1,1,12,3,1,1,2,5,2,5,1
18348,0,9,1,4,1,12,13,1,7,3,6,1,2,2,1,0,1,3,2,1,2,3,2,2,1
35008,0,9,3,2,1,13,18,1,2,4,5,1,2,2,1,0,8,4,1,1,2,3,2,2,1
18391,1,9,5,4,5,15,1,1,7,1,7,1,2,3,4,0,1,1,1,1,2,3,2,3,1
27900,0,5,6,2,1,15,7,1,2,2,7,2,2,2,1,0,8,3,1,1,2,4,2,6,1
1849,0,9,7,4,1,18,10,1,4,4,5,8,2,5,1,0,3,3,1,3,4,5,3,4,1
19455,1,3,6,4,1,23,13,3,2,2,8,8,2,2,1,0,1,3,1,1,3,7,2,4,1
22295,1,7,6,4,1,11,13,1,7,4,3,8,2,2,1,0,2,3,1,3,4,7,2,3,1
18410,0,8,5,4,1,5,10,3,7,4,8,1,2,2,1,0,1,3,1,1,2,3,2,3,1
3648,0,3,6,4,1,22,12,2,2,1,5,1,2,3,4,0,1,2,1,1,2,3,2,2,1
281,0,3,6,4,1,18,13,1,2,1,4,7,2,3,4,0,1,3,1,1,2,3,2,2,1
32492,0,4,1,4,1,11,13,1,8,3,8,8,2,2,1,0,3,4,2,3,2,4,2,2,3
23611,1,3,4,4,1,17,1,1,4,1,8,3,2,2,1,0,1,3,1,1,4,3,2,2,1
19989,1,10,5,4,1,18,2,1,4,4,8,1,2,2,1,0,2,3,1,3,2,3,2,2,1
34716,0,10,4,2,1,20,22,1,7,4,6,8,2,2,1,0,2,1,1,3,2,3,2,2,1
5000,0,8,1,4,1,1,13,3,7,3,7,1,2,2,1,1,12,3,1,1,2,3,2,4,1
34097,0,8,2,3,1,18,21,2,10,1,11,1,2,2,1,0,1,4,1,1,2,3,2,2,1
36267,0,8,4,4,1,17,6,1,7,4,6,1,2,2,1,0,8,3,1,1,2,8,2,5,1
22422,0,8,5,3,1,21,13,3,7,4,12,1,2,2,1,0,2,3,1,2,2,3,2,2,1
10137,0,4,3,3,5,20,15,2,10,1,2,8,2,3,3,0,1,1,1,1,3,4,2,3,1
7034,1,7,1,4,5,21,1,2,7,1,9,8,2,3,4,0,1,3,1,1,5,3,2,2,1
31930,1,6,3,4,1,15,13,1,2,4,8,1,2,2,1,0,8,1,1,1,2,7,2,2,1
30471,1,4,1,4,5,19,1,1,8,1,5,8,3,3,4,0,1,3,1,1,4,5,2,2,1
11115,1,4,5,4,1,9,13,1,8,4,2,1,2,2,1,0,2,3,1,3,2,3,2,3,1
1612,1,3,1,4,4,5,13,2,2,1,8,8,2,3,5,0,1,3,1,1,4,3,2,2,1
4619,0,7,7,2,1,13,7,1,7,2,12,1,2,2,1,0,1,3,1,1,2,3,2,2,1
2614,0,5,1,4,1,17,13,1,4,4,7,8,2,2,1,0,1,1,1,1,4,3,2,2,1
6851,0,8,1,4,1,17,13,1,10,4,4,1,2,2,1,0,2,3,1,2,2,3,2,2,1
13781,0,9,4,4,1,22,2,2,7,1,8,8,3,3,4,0,1,3,1,1,4,3,2,2,1
6174,0,3,1,4,5,6,1,4,8,1,6,8,2,3,4,0,1,3,1,1,4,3,2,2,1
32680,0,10,6,2,5,12,1,1,7,1,7,8,2,2,1,0,8,4,1,1,1,1,1,1,1
7012,1,9,1,4,5,8,3,1,7,1,6,1,2,3,4,0,1,3,1,1,2,3,2,2,1
16234,0,2,3,4,1,3,13,3,2,4,7,1,2,2,1,0,2,3,1,2,2,3,2,5,1
18486,1,10,4,3,5,16,1,1,7,1,2,2,2,2,1,1,5,2,1,1,2,2,8,7,1
15219,1,6,6,4,1,4,1,3,4,1,7,1,2,2,1,0,2,1,1,2,2,6,2,5,1
10697,1,5,1,4,1,13,13,1,4,2,9,1,2,2,1,0,3,1,1,3,2,3,2,2,1
6184,0,4,2,4,1,21,13,3,4,4,4,1,2,2,1,0,2,1,1,2,2,4,2,3,1
20469,0,9,2,4,1,14,13,1,7,4,7,1,2,2,1,0,7,1,1,1,2,3,2,3,1
1054,1,9,4,4,1,16,13,1,7,4,1,1,2,2,1,0,2,3,1,3,2,5,2,5,1
6729,1,5,1,4,1,18,13,1,8,4,6,1,2,2,1,0,2,3,1,3,2,4,2,2,1
18600,1,5,2,4,1,16,13,1,8,4,3,1,2,2,1,0,1,1,1,1,2,3,3,2,1
7539,0,6,7,4,1,21,7,3,4,2,5,1,2,2,1,0,1,1,1,1,2,3,2,3,1
17848,1,7,4,4,1,16,13,1,10,4,9,7,2,2,1,0,2,1,1,3,2,3,2,4,1
13161,1,10,5,4,5,4,1,2,7,1,6,8,2,2,1,0,1,1,1,1,3,3,2,2,1
7643,1,9,7,4,1,10,1,1,10,1,8,1,2,2,1,0,3,1,1,1,2,5,2,2,1
3684,0,5,4,4,1,12,2,1,4,5,5,7,2,2,1,0,1,3,1,1,4,5,2,2,1
10653,0,10,1,2,1,22,22,3,7,5,9,1,2,2,1,0,1,2,1,1,2,5,2,4,1
12029,1,10,1,4,5,24,1,3,7,1,7,8,2,3,3,0,1,3,1,1,3,4,2,4,1
20314,0,9,1,3,5,15,1,1,7,1,7,1,2,2,1,0,1,2,1,1,2,3,2,2,1
15161,1,9,5,4,1,17,13,1,7,4,2,1,2,2,1,0,2,3,1,2,2,6,2,5,1
13093,1,6,3,4,1,16,13,1,4,3,11,8,2,2,1,0,1,1,2,1,4,3,2,2,1
20778,0,9,4,2,1,15,13,1,4,4,8,8,2,2,1,0,2,2,1,3,2,3,2,2,1
18954,0,6,6,4,5,9,1,1,7,1,9,1,2,2,1,0,1,3,1,1,2,3,2,3,1
15437,0,6,4,4,5,7,13,1,7,4,3,7,2,2,1,0,2,2,1,2,2,3,2,2,1
31823,0,4,2,4,1,11,13,1,4,4,2,1,2,2,1,0,2,1,1,3,2,3,2,2,1
17693,0,12,5,4,1,12,13,1,7,2,7,1,3,2,1,0,1,1,1,1,2,3,2,4,1
35808,1,7,3,4,1,17,13,1,7,4,8,1,2,2,1,0,2,1,1,2,2,3,2,2,1
6572,1,9,1,4,5,18,1,1,7,1,7,1,2,2,1,0,1,1,1,1,2,3,2,4,1
19821,1,8,7,4,1,16,13,1,7,3,2,1,2,2,1,0,1,1,1,1,2,3,2,2,1
18064,0,6,3,4,1,17,13,1,2,4,8,8,2,2,1,0,2,1,1,4,4,3,2,2,1
11465,1,6,7,4,1,12,13,1,2,2,12,1,2,2,1,0,1,1,1,1,2,6,2,4,1
17004,0,5,1,4,5,20,1,2,7,1,9,8,2,3,4,0,2,3,1,3,3,3,2,2,1
29864,0,3,1,4,1,24,13,3,4,2,7,1,2,2,1,0,1,4,1,1,2,5,2,4,1
3478,1,6,1,4,5,23,1,2,7,1,5,2,2,2,1,0,1,3,1,1,2,5,2,4,1
29539,0,7,1,2,1,22,7,1,2,2,9,2,2,2,1,0,2,3,1,2,2,3,2,4,1
31036,0,6,7,1,1,21,21,3,7,5,3,7,2,2,1,0,1,1,1,1,2,3,2,4,1
27008,0,4,3,4,1,6,10,4,4,5,10,1,2,2,1,1,11,2,2,1,3,4,2,4,1
28694,1,4,3,4,1,22,13,3,4,2,7,1,2,2,1,0,1,1,1,1,2,5,2,2,1
3805,0,8,7,2,1,17,13,1,7,4,10,1,2,2,1,0,8,1,1,1,2,3,2,2,1
14069,0,2,6,4,1,18,13,1,2,3,8,8,3,2,1,0,1,1,1,1,4,3,2,2,1
3321,1,9,7,2,5,10,1,1,7,1,6,8,2,2,1,0,1,3,1,1,3,3,2,2,1
21757,0,3,3,4,5,11,1,1,4,1,6,1,2,2,1,0,1,1,1,1,2,5,2,4,1
10813,0,8,4,4,1,5,13,3,2,3,9,8,2,2,1,0,1,1,1,1,3,3,2,3,1
15996,1,8,2,4,1,19,12,3,4,4,1,1,2,2,1,0,2,1,1,2,2,3,2,2,1
22186,0,4,5,3,1,10,13,1,4,2,5,8,2,2,1,0,4,1,1,1,1,1,1,1,1
19751,0,8,5,4,1,7,13,1,10,4,6,1,2,2,1,0,3,1,1,3,2,5,2,2,1
31911,0,6,3,2,1,19,7,1,10,2,7,1,2,2,1,0,3,1,1,2,2,3,2,2,1
3303,0,4,3,4,1,19,13,1,4,3,5,8,2,2,1,0,1,1,1,1,5,3,2,2,1
2281,0,5,1,4,1,21,13,3,2,2,10,1,2,2,1,0,1,2,1,1,2,3,2,2,1
14949,0,4,3,4,5,3,13,2,10,1,7,8,2,3,3,0,1,3,1,1,3,5,2,3,1