id,Severity,age_classes,day_week,DEFORMED_classes,m_harm_classes,hour,impact1_classes,lgt_cond,make,man_coll,month,p_crash1,pcrash4,pcrash5,rel_road,reljct1,reljct2,rest_use,sex,typ_int,valign,vnum_lan,vsurcond,vtrafway,weather_classes
12014,0,7,2,4,1,21,13,2,7,4,4,1,2,2,1,0,2,2,1,2,2,3,2,2,1
15908,1,4,6,4,1,19,13,3,2,4,9,1,2,2,1,0,2,3,1,2,2,5,2,2,1
19037,1,9,7,4,1,16,13,1,2,4,5,1,2,2,1,0,2,1,1,2,2,3,2,3,1
4904,0,10,5,4,1,15,13,1,7,3,5,1,2,3,2,0,3,2,1,2,2,3,2,2,1
15911,1,10,7,4,1,12,13,1,7,3,9,1,2,2,1,0,1,1,1,1,2,3,3,2,3
6428,0,5,4,4,5,5,13,2,7,1,12,1,2,2,1,0,1,3,1,1,2,3,2,2,1
25083,1,8,6,4,1,14,13,1,2,1,9,1,2,2,1,0,1,1,1,1,2,3,2,2,1
2431,1,4,3,4,3,20,13,5,10,1,6,1,2,3,4,0,1,2,2,1,2,5,2,2,1
679,0,8,1,3,1,12,18,1,1,3,9,8,2,2,1,0,1,1,1,1,3,3,2,2,1
14818,1,4,4,4,1,21,13,3,4,4,4,1,2,2,1,0,2,1,1,2,2,5,2,2,1
470,0,6,6,3,1,23,1,3,10,1,4,1,2,2,1,0,1,2,1,1,2,7,2,4,1
34699,0,4,7,4,1,17,21,1,7,5,5,7,2,2,1,0,1,1,1,1,2,3,2,2,1
23047,0,10,2,4,1,15,13,1,1,4,3,1,2,2,1,0,2,2,1,2,2,3,2,4,1
22958,0,4,7,4,1,12,7,1,7,2,6,6,2,2,1,1,12,3,1,1,2,3,2,4,1
17718,0,8,7,4,1,24,13,2,7,4,9,1,2,2,1,0,1,1,1,1,2,3,2,2,1
18444,1,14,3,4,1,13,13,1,8,4,8,1,2,2,1,0,2,1,1,3,2,3,2,2,1
1751,1,6,7,4,5,15,1,1,10,1,8,1,3,2,1,0,1,3,1,1,2,3,2,2,1
22388,0,3,7,3,5,5,1,3,10,1,10,8,2,2,1,0,2,3,1,3,2,4,2,4,1
15297,1,12,6,4,1,15,13,1,2,3,3,8,2,2,1,1,2,2,1,7,2,5,2,2,1
16671,1,7,1,4,3,16,13,5,7,1,10,1,2,3,4,0,1,3,1,1,2,3,2,2,1
1937,0,5,3,4,1,15,13,1,10,4,10,1,2,2,1,0,2,3,1,2,2,3,2,2,1
20927,0,3,6,4,5,9,1,1,8,1,10,1,2,2,1,0,2,1,1,3,2,3,2,4,1
6175,1,9,2,4,1,19,7,5,7,2,6,1,2,2,1,0,1,3,1,1,2,3,2,3,1
6532,0,7,4,4,2,19,13,1,4,1,6,1,2,3,2,0,1,1,1,1,2,3,2,3,1
5062,1,5,1,4,1,10,13,1,2,4,7,1,2,2,1,0,8,1,1,1,2,4,2,2,1
14675,0,5,6,4,1,2,13,2,10,1,7,8,2,3,5,0,1,3,1,1,4,3,2,3,1
28106,1,6,3,4,5,12,1,1,8,1,5,1,3,2,1,0,8,1,1,1,2,5,2,2,1
19415,1,8,7,2,1,11,1,1,7,1,4,1,3,2,1,0,1,1,1,1,2,5,2,2,1
2795,1,4,2,4,1,23,13,3,6,1,7,8,2,4,5,0,1,1,1,1,5,3,2,2,1
35773,0,12,2,4,1,7,13,1,2,1,3,1,2,2,1,0,1,1,1,1,2,3,2,2,1
2180,0,8,6,3,1,16,18,1,7,5,7,6,2,6,1,1,5,1,2,1,2,2,2,7,1
45,0,7,6,4,2,3,13,3,4,1,6,8,2,3,4,0,1,1,1,1,4,3,2,2,1
34912,0,8,7,4,1,19,13,3,7,2,5,1,2,2,1,0,1,3,1,1,2,3,2,2,1
11706,1,5,5,4,5,12,1,1,7,1,5,8,2,3,4,0,1,3,1,1,4,3,2,2,1
2074,1,10,3,4,5,11,1,1,1,1,7,8,3,2,1,0,1,1,1,1,4,3,2,2,1
6977,1,5,7,4,5,22,1,3,2,1,8,1,3,2,1,0,2,3,1,4,2,5,2,4,1
30983,0,9,2,3,1,16,13,1,2,4,6,1,2,2,1,0,2,3,1,2,2,3,2,2,1
20303,0,5,7,2,1,21,7,1,7,2,6,5,2,2,1,0,3,2,1,2,2,5,2,2,1
8220,1,8,6,4,5,13,1,1,2,1,8,8,2,2,1,0,1,1,1,1,3,3,2,2,1
29532,0,8,3,2,1,16,22,1,7,4,8,8,2,2,1,0,8,4,1,1,1,1,1,1,1
5903,1,8,1,4,1,18,13,3,7,2,12,1,2,2,1,0,1,3,1,1,2,3,2,5,1
28315,1,10,7,4,5,15,1,1,7,1,6,1,2,3,4,1,13,1,2,1,4,4,2,7,1
16798,1,7,1,4,1,20,13,5,8,3,7,1,2,2,1,0,2,3,1,2,2,5,2,2,1
18300,1,8,6,4,5,17,1,1,8,1,10,8,3,3,4,0,1,3,1,1,4,3,2,2,1
35663,0,6,3,2,1,16,13,1,2,2,2,1,2,2,1,0,3,3,1,3,2,8,2,5,1
19068,1,10,4,4,1,16,13,1,7,4,7,7,2,2,1,0,2,1,1,3,2,3,2,3,1
2368,1,9,4,4,1,24,13,2,7,1,6,1,2,2,1,0,1,2,1,1,2,3,2,2,1
18544,0,9,3,4,5,5,1,3,7,1,8,1,2,2,1,0,1,3,1,1,2,3,2,4,1
7990,1,8,7,4,5,13,1,1,7,1,7,8,3,2,1,0,1,3,1,1,3,3,2,2,1
10286,0,3,4,4,1,18,13,6,2,3,3,1,2,2,1,0,1,1,1,1,2,3,2,2,1
34695,0,3,6,4,5,16,1,1,4,1,5,1,3,2,1,0,1,4,1,1,2,5,2,4,1
33552,0,3,2,4,3,7,13,1,2,1,2,1,2,3,4,0,1,4,1,1,2,5,2,2,1
6515,1,6,3,4,1,11,11,1,7,7,5,1,3,2,1,0,1,2,1,1,2,3,2,2,1
10140,0,10,7,3,1,10,7,1,7,2,3,2,2,2,1,0,1,3,1,1,2,3,2,3,1
364,1,9,6,3,1,10,1,1,7,1,1,1,3,2,1,0,8,2,1,1,2,3,2,3,1
20891,0,8,4,4,1,8,13,2,7,2,7,1,2,2,1,0,1,1,1,1,2,3,2,2,1
5419,0,6,4,4,5,7,13,1,7,4,3,7,2,2,1,0,2,2,1,2,2,3,2,2,1
31790,1,9,3,4,1,12,13,1,7,4,1,1,2,2,1,0,2,1,1,2,2,3,2,2,1
27592,0,4,6,2,1,6,2,1,3,5,2,1,2,2,1,0,1,1,1,1,2,5,2,4,1
17042,0,7,6,4,1,15,13,1,8,4,8,7,2,2,1,0,4,3,1,1,2,3,2,2,1
15893,0,7,7,4,5,9,1,1,7,1,8,2,3,2,1,0,1,3,1,1,2,3,2,4,1
11041,1,7,7,4,5,19,1,2,7,2,3,1,2,3,1,0,1,3,1,1,2,3,2,2,1
35156,0,7,1,4,1,14,7,1,7,2,8,8,3,2,1,0,1,4,1,1,3,3,2,2,1
5527,1,11,4,2,5,18,1,1,2,1,7,1,2,3,2,0,1,1,1,1,2,3,2,2,1
15070,0,9,2,4,2,21,13,3,7,1,6,8,2,3,4,0,1,1,1,1,3,3,2,3,1
4919,1,5,3,4,1,13,13,1,4,4,6,1,3,2,1,0,2,3,1,2,2,3,2,2,1
22391,1,10,1,4,1,17,13,1,7,4,10,1,2,2,1,0,2,1,1,3,2,3,2,4,1
29571,0,4,2,2,1,18,1,3,4,1,2,5,2,2,1,0,3,3,1,3,2,4,2,4,1
18135,0,3,7,4,1,14,13,1,2,4,2,1,2,2,1,0,2,1,1,3,5,3,2,3,1
17549,0,6,5,4,1,19,13,1,2,4,4,1,2,2,1,0,2,1,1,3,2,5,2,3,1
7650,1,5,7,4,5,18,1,1,7,1,10,8,2,3,3,0,1,2,1,1,3,3,2,3,1
7689,0,7,5,4,1,2,13,3,7,1,5,8,2,3,4,0,1,1,1,1,4,5,2,4,1
18411,0,7,7,3,5,20,1,1,8,1,7,1,2,2,1,0,1,3,1,1,2,3,2,2,1
11688,0,5,6,4,1,20,13,2,7,1,2,1,2,2,7,0,1,3,1,1,2,3,2,2,1
5738,0,7,6,3,1,6,18,4,7,4,11,1,2,2,1,0,1,2,1,1,2,5,2,4,1
22975,0,4,5,3,1,17,4,1,7,4,7,1,2,2,1,0,2,3,1,3,2,3,2,2,1
29755,0,3,3,2,1,19,13,1,4,4,9,8,2,2,1,0,2,1,1,3,4,3,2,3,1
1416,1,8,7,3,1,17,13,1,10,2,10,1,2,2,1,0,1,3,1,1,2,4,2,3,1
7727,1,8,4,4,1,18,13,1,8,2,5,7,2,2,1,0,1,1,1,1,2,3,2,2,1
4529,0,7,1,3,1,2,7,3,10,2,10,1,2,2,1,0,1,3,1,1,2,6,2,4,1
1450,1,8,1,4,1,19,13,3,2,2,12,1,2,2,1,0,3,3,1,2,2,4,2,3,1
7866,1,9,4,4,5,12,1,1,4,1,9,1,2,2,1,0,2,2,1,2,2,3,2,2,1
18864,1,4,3,4,1,19,21,5,10,5,7,1,3,2,1,0,1,2,1,1,2,2,2,6,1
7702,1,6,1,4,5,13,1,1,3,1,9,1,3,3,4,0,2,1,1,2,2,5,2,2,1
23827,1,7,2,4,1,18,13,1,2,4,5,8,2,2,1,0,8,2,1,1,2,5,2,2,1
13208,1,9,1,4,5,18,4,1,7,1,7,8,2,3,4,0,1,1,1,1,4,3,2,2,1
19073,1,8,5,4,1,10,13,1,2,1,8,1,2,2,1,0,1,1,1,1,2,3,2,2,1
4777,0,8,7,4,1,11,13,1,7,3,10,8,2,2,1,0,1,1,1,1,3,3,2,2,1
16185,1,6,4,4,1,16,13,1,7,4,6,8,2,2,1,0,2,3,1,2,3,3,2,5,1
31026,0,8,1,4,4,14,1,1,10,1,11,8,3,3,4,0,1,3,1,1,3,3,2,2,1
13429,0,3,1,4,1,12,13,1,2,4,8,1,2,2,1,1,2,1,2,2,2,5,2,3,1
10461,0,9,7,3,1,18,13,1,7,2,5,1,3,2,1,0,1,2,1,1,2,3,2,2,1
35978,0,9,3,3,1,16,8,1,4,4,9,8,2,2,1,0,2,1,1,2,2,3,3,3,1
24371,0,4,3,2,1,17,4,1,7,4,4,1,2,2,1,0,2,1,1,3,2,3,2,2,1
30558,1,6,7,4,5,16,1,1,10,1,3,1,3,2,1,0,1,3,1,1,2,4,2,3,1
12778,0,4,3,4,1,20,13,3,4,4,4,1,2,2,1,0,2,1,1,3,2,3,2,3,1
26428,0,6,1,4,3,18,13,1,7,1,3,1,2,3,4,0,1,2,1,1,4,3,2,6,1
5252,1,9,4,4,1,17,18,1,7,4,11,8,2,2,1,0,2,3,1,3,2,2,2,3,1
16562,0,9,5,4,5,22,11,2,7,1,6,8,2,3,5,0,1,1,1,1,3,3,2,2,1
7458,1,6,6,4,1,15,13,1,2,3,8,1,2,2,1,0,8,2,1,1,2,7,2,5,1
15387,0,3,4,3,5,19,1,2,2,1,1,1,3,2,1,0,1,2,1,1,2,3,3,4,1
12790,1,4,7,4,1,18,13,1,4,4,5,1,2,2,1,0,2,2,1,2,2,3,8,2,1
18613,1,10,6,2,4,16,13,1,7,1,7,1,2,3,4,0,1,1,1,1,2,3,2,2,1
11931,0,4,6,4,1,2,13,2,4,2,9,1,2,2,1,0,1,3,1,1,2,3,2,4,1
32242,0,4,7,2,1,14,22,1,10,5,7,1,2,2,1,0,1,1,1,1,2,5,2,4,1
28662,0,4,2,2,5,16,1,1,7,1,5,8,2,2,1,0,2,1,1,2,2,5,3,2,1
1213,0,4,2,4,1,21,13,3,8,4,7,1,2,2,1,1,2,1,1,2,2,4,2,3,1
10438,1,7,1,4,5,11,1,1,7,1,3,1,3,2,1,0,1,2,1,1,2,3,2,2,1
27321,1,4,7,4,5,16,1,1,2,1,4,1,2,2,1,0,3,3,1,2,2,2,2,6,1
35052,1,8,1,2,1,14,13,1,7,4,9,1,2,2,1,0,2,3,1,2,2,5,2,4,1
17941,0,7,2,4,1,1,7,3,7,2,1,1,2,2,1,0,1,1,1,1,2,5,2,4,1
11894,0,7,6,4,1,22,13,1,7,3,7,1,2,2,1,0,3,3,1,3,2,3,2,2,1
5299,0,4,7,4,4,14,15,1,4,1,6,8,2,3,4,0,2,1,1,3,3,3,2,2,1
18187,0,4,6,4,5,21,13,2,4,1,6,8,2,3,4,0,1,1,1,1,4,3,2,2,1
18877,0,3,4,2,1,13,13,1,4,4,2,1,2,2,1,0,2,1,1,3,2,3,2,3,1
21118,0,10,5,4,1,23,19,3,7,4,8,1,2,2,1,0,2,2,1,2,2,3,2,2,1
29115,0,3,5,4,1,9,7,1,4,2,7,2,2,2,1,0,3,2,1,3,2,4,2,3,3
4105,1,6,7,3,1,16,18,1,7,5,1,1,2,2,1,0,5,3,1,1,2,3,2,2,1
31695,1,11,4,3,1,16,13,1,7,4,7,1,2,2,1,0,2,4,1,4,2,3,2,2,1
20301,1,4,4,4,1,11,13,1,8,4,6,1,2,2,1,0,2,2,1,3,2,3,2,2,1
16224,0,8,5,3,1,9,13,1,7,2,3,1,2,2,1,0,4,3,1,1,2,3,2,3,1
25456,0,5,4,4,1,4,13,1,2,1,12,1,2,3,7,0,1,2,1,1,2,3,2,3,1
11809,0,7,7,4,1,21,13,2,7,1,9,1,2,2,1,0,1,3,1,1,2,3,2,2,1
36277,1,3,3,4,1,12,13,1,4,2,6,1,2,2,1,0,1,1,1,1,2,3,2,2,1
4989,1,8,1,3,1,15,13,1,7,2,10,1,2,2,1,0,1,3,1,1,2,3,2,2,1
12721,0,6,5,3,1,17,13,1,2,4,1,1,3,2,1,0,8,1,1,1,2,3,2,2,1
11491,1,10,5,4,1,18,3,3,2,4,1,8,2,2,1,0,2,1,1,2,4,5,2,5,1
845,0,8,1,2,5,22,1,2,7,1,7,8,3,5,1,0,1,3,1,1,4,3,2,2,1
5076,1,8,6,4,5,23,1,3,7,1,8,1,2,3,4,0,1,2,1,1,2,3,2,2,1
27534,0,3,6,2,5,17,1,3,7,1,1,1,2,2,1,0,1,2,1,1,2,5,2,5,1
19660,1,7,3,2,5,18,1,1,7,1,9,1,3,3,10,0,1,3,1,1,2,4,2,6,1
7037,0,5,4,4,1,24,4,3,10,1,9,8,2,3,4,1,5,3,1,1,3,2,2,7,1
10104,0,7,4,4,1,7,13,1,7,4,11,1,2,2,1,0,2,2,1,2,2,3,2,3,1
18918,0,8,3,4,1,19,10,1,2,4,6,8,2,2,1,0,2,3,1,3,2,3,2,2,1
9548,0,9,1,2,1,15,13,1,7,4,10,8,2,2,1,1,12,1,1,1,4,5,2,5,1
11540,0,7,4,4,2,19,13,1,4,1,6,1,2,3,2,0,1,1,1,1,2,3,2,3,1
6187,0,7,2,4,1,24,13,2,7,3,6,7,2,2,1,0,1,3,1,1,2,3,2,2,1
17077,1,12,7,2,5,18,1,1,2,1,5,8,3,2,1,0,5,1,1,1,2,2,2,7,1
20647,1,10,3,2,1,16,3,1,7,5,12,1,2,2,1,0,1,1,1,1,2,3,2,2,1
14025,0,7,1,4,5,16,1,1,10,1,5,8,2,3,4,0,1,1,1,1,3,3,2,4,1
17959,1,4,1,4,1,16,13,1,7,4,4,1,3,2,1,0,2,1,1,3,2,3,2,2,1
7589,0,5,7,4,1,1,13,3,4,1,4,8,2,3,2,1,5,1,1,1,3,3,2,7,1
2694,0,3,6,4,1,18,13,1,2,3,9,1,2,2,1,0,1,1,1,1,2,3,2,2,1
16045,1,9,4,4,1,15,1,1,2,1,2,1,2,3,3,0,1,1,1,1,2,4,2,3,1
33925,0,4,4,4,5,11,1,1,4,1,10,1,2,2,1,0,1,4,1,1,2,3,2,4,1
13129,1,6,5,4,5,11,13,1,8,1,3,8,2,3,4,0,1,1,1,1,4,3,2,2,1
12056,1,6,7,4,4,11,13,1,7,1,3,8,2,3,4,0,1,3,1,1,4,3,2,2,1
2546,0,4,5,4,1,21,13,2,4,4,7,1,2,2,1,0,2,1,1,3,2,3,2,2,1
34221,1,4,6,2,1,20,10,2,7,4,4,5,2,2,1,0,2,3,1,3,2,6,2,5,1
4563,1,4,6,3,2,15,13,1,2,1,11,3,2,3,4,0,3,3,2,3,2,3,2,2,1
35604,1,4,4,4,1,18,13,1,2,4,9,7,2,2,1,0,2,1,1,3,2,4,2,3,1
12544,0,6,6,4,1,11,13,1,2,4,5,8,2,2,1,0,1,1,1,1,5,3,2,2,1
5845,1,12,7,4,5,17,1,1,10,1,6,7,2,3,5,0,1,1,1,1,4,3,2,2,1
6858,0,9,7,4,1,18,10,1,4,4,5,8,2,5,1,0,3,3,1,3,4,5,3,4,1
17116,1,6,6,4,1,19,13,1,2,2,7,1,3,2,1,0,3,3,1,2,2,3,2,3,1
14120,0,4,7,3,1,15,13,1,2,4,1,7,2,2,1,0,1,3,1,1,2,3,2,2,1
8655,1,10,7,4,1,21,13,2,7,4,4,1,2,2,1,0,2,1,1,2,2,3,2,2,1
23964,0,4,6,4,5,19,1,1,2,1,7,1,2,2,1,0,1,2,1,1,2,5,2,4,1
3132,0,5,6,4,1,18,13,1,7,1,5,1,2,3,4,0,1,1,1,1,2,3,2,2,1
18267,1,6,3,4,1,13,13,1,7,4,9,1,2,2,1,0,2,1,1,3,2,6,2,3,1
31692,0,9,6,2,1,17,13,1,7,2,7,2,2,2,1,0,1,3,1,1,2,5,2,4,1
12372,0,9,7,4,4,21,4,2,7,1,6,1,2,3,4,0,1,2,1,1,2,3,2,2,1
2033,0,4,4,4,4,23,11,2,4,1,10,1,2,3,4,0,1,3,1,1,2,3,2,2,1
2068,0,4,7,4,1,13,13,1,7,4,7,1,2,2,1,0,4,3,1,1,2,5,2,2,1
19017,1,4,1,4,1,17,13,2,2,3,1,1,2,2,1,0,1,1,1,1,2,3,2,2,1
28655,1,5,1,2,5,19,1,1,7,1,5,1,2,2,1,0,1,1,1,1,2,5,2,2,1
7004,0,4,1,4,4,14,13,1,8,1,4,8,2,3,4,0,1,2,1,1,3,3,2,2,1
35325,0,4,3,4,1,17,13,1,3,2,7,8,2,2,1,0,1,4,1,1,3,3,2,2,1
22117,0,6,1,3,5,8,1,1,2,1,8,8,3,3,4,0,1,3,1,1,5,3,2,2,1
3109,0,3,7,4,1,14,13,1,2,4,2,1,2,2,1,0,2,1,1,3,5,3,2,3,1
16834,1,5,1,4,1,18,13,5,7,1,10,8,2,3,4,0,1,3,1,1,4,3,2,2,1
29979,1,7,1,4,1,17,13,3,7,2,11,7,2,2,1,0,1,3,1,1,4,4,2,3,1
6813,0,7,6,4,1,6,13,1,7,1,8,1,3,2,1,0,1,3,1,1,2,3,2,2,1
23402,0,9,1,2,1,16,13,1,4,4,5,8,2,2,1,0,8,2,1,1,2,5,2,5,1
12516,1,7,4,4,5,19,13,2,7,1,9,8,2,2,1,0,1,3,1,1,4,3,2,2,1
11079,1,6,6,4,1,23,13,3,7,2,2,1,2,2,1,0,1,3,1,1,2,3,2,4,1
16933,0,3,6,4,1,22,13,3,10,3,9,1,2,2,1,0,1,3,1,1,2,4,2,4,1
5898,1,4,6,4,1,21,22,3,10,4,9,8,2,2,1,0,2,3,1,2,2,3,2,3,1
2311,0,7,1,4,1,20,13,2,2,1,9,1,2,2,1,0,1,1,1,1,2,3,2,3,1
7723,1,4,2,4,1,17,13,5,4,4,1,1,3,2,1,0,2,1,1,2,2,5,2,2,1
7494,1,3,5,4,4,6,13,1,10,1,8,8,3,3,4,0,1,2,1,1,3,3,2,2,1
27709,0,3,7,3,1,15,13,1,2,2,12,1,2,2,1,0,1,2,1,1,2,3,2,4,1
8543,0,6,4,4,1,1,13,3,8,1,9,8,2,3,4,0,1,2,1,1,3,3,2,6,1
74,1,12,5,4,4,12,13,1,7,1,9,8,2,3,4,0,1,1,1,1,4,3,2,3,1
8633,0,8,7,4,1,18,10,1,10,1,4,8,3,3,4,0,1,1,1,1,4,3,2,2,1
18861,1,8,1,4,1,15,13,1,7,3,5,1,2,2,1,0,2,3,1,3,2,5,2,3,1
34043,0,9,1,4,1,17,13,1,7,4,4,1,2,2,1,0,8,3,1,1,2,3,8,2,1
29389,1,8,1,3,1,21,3,3,7,4,8,8,2,2,1,0,2,3,1,2,2,3,2,2,3
1953,0,4,4,4,1,22,4,2,7,4,6,1,2,2,1,0,2,3,1,2,2,3,2,2,1
12606,0,7,1,4,1,16,7,1,7,2,5,7,2,2,1,0,1,2,1,1,4,6,2,4,1
28875,0,8,7,4,5,22,1,2,4,5,10,1,2,2,1,0,1,3,1,1,2,7,2,4,1
55,0,5,1,4,4,16,13,1,10,1,7,1,2,3,4,0,1,3,1,1,2,3,2,2,1
6375,1,10,4,4,5,16,22,1,8,6,10,1,2,2,1,0,8,3,1,1,2,3,2,2,1
30294,0,4,5,3,1,4,13,2,4,1,5,1,2,2,1,0,1,4,1,1,2,3,2,3,1
31533,0,8,7,2,1,12,12,1,7,6,11,1,2,2,1,0,8,3,1,1,2,5,2,2,1
14006,1,9,1,4,1,12,13,1,7,4,3,1,2,2,1,0,3,1,1,2,2,3,2,2,1
31504,1,7,2,4,5,19,1,5,10,1,4,8,2,2,1,0,1,4,1,1,3,3,2,3,1
5044,0,4,1,4,1,23,13,3,4,2,6,1,2,2,1,0,1,1,1,1,2,4,2,4,1
22347,0,4,7,3,1,15,13,1,2,4,7,8,2,2,1,0,2,1,1,2,2,4,2,4,1
31145,1,5,6,4,5,13,1,1,7,1,9,1,2,3,3,0,1,1,1,1,2,4,2,4,1
31708,0,4,1,2,1,15,18,1,4,5,7,1,2,2,1,0,1,3,1,1,2,4,2,4,1
356,1,3,3,4,1,9,1,1,2,1,1,1,2,2,1,0,2,1,1,3,2,3,2,2,1
36006,1,2,6,4,5,14,1,1,8,1,11,8,3,2,1,0,2,2,1,8,2,3,2,2,1
17758,0,3,7,4,1,19,13,5,4,4,9,1,2,2,1,0,8,1,1,1,2,3,2,2,1
27917,1,5,1,4,5,2,1,2,8,1,9,8,2,2,1,0,1,3,1,1,3,5,2,2,1
1122,1,10,1,4,5,20,1,3,7,1,3,8,2,3,4,0,1,3,1,1,3,3,2,2,1
18433,1,5,6,4,1,23,13,3,4,4,9,1,2,2,1,0,2,3,1,2,2,5,2,2,1
16312,1,9,7,4,1,10,7,1,7,2,9,2,2,2,1,0,1,1,1,1,2,3,2,3,1
5437,0,4,1,3,5,13,1,1,6,1,3,1,2,3,4,0,1,1,1,1,4,3,2,2,1
15122,0,5,6,4,1,22,13,3,10,4,3,1,2,2,1,0,8,1,1,1,2,3,2,2,1
15266,1,11,4,4,5,9,1,1,7,1,10,8,2,3,4,0,1,1,1,1,4,3,2,2,1
17957,0,5,6,4,1,6,19,1,8,1,5,8,3,3,3,0,1,1,1,1,3,4,2,4,1
22525,1,4,7,2,5,14,1,1,2,1,8,8,3,2,1,0,1,3,1,1,3,3,2,2,1
26112,0,8,4,2,1,18,13,2,7,1,3,1,2,2,1,0,1,3,1,1,2,3,2,2,1
35905,0,4,5,4,1,13,1,1,7,1,5,1,3,2,1,0,1,1,1,1,2,3,2,4,1
25752,1,5,6,4,1,12,13,1,4,4,3,1,3,2,1,0,2,2,1,4,2,5,2,5,1
16273,1,4,2,4,1,8,13,1,10,4,8,1,2,2,1,0,2,1,1,2,2,4,2,3,1
20805,0,4,5,3,5,21,1,3,8,1,11,1,2,2,1,0,1,2,1,1,2,3,2,2,1
10297,0,9,5,4,1,20,13,6,7,3,4,8,2,2,1,0,1,3,1,1,3,3,3,2,1
7101,0,6,3,4,1,14,13,1,10,4,9,1,3,2,1,1,5,3,1,1,2,5,2,3,1
18400,0,7,4,4,5,20,13,5,7,1,8,8,2,2,4,0,1,3,1,1,5,3,2,2,1
6082,1,9,1,4,1,9,13,1,7,4,1,1,2,2,1,0,2,3,1,3,2,3,2,3,1
31869,1,6,6,4,1,18,10,1,2,4,5,1,2,2,1,0,2,3,2,2,2,3,2,2,1
8977,1,9,6,4,5,17,13,1,7,2,8,1,3,2,1,0,2,3,1,3,2,3,2,2,1
3101,1,3,1,4,1,11,13,1,4,4,1,1,2,2,1,0,7,1,1,1,2,5,2,3,1
4928,0,5,4,3,1,21,13,2,7,1,6,1,2,2,1,0,1,3,1,1,2,3,2,2,1
6366,1,3,7,4,1,2,13,6,2,1,3,8,2,3,4,0,1,1,1,1,3,3,2,2,1
822,0,5,1,4,5,18,1,1,10,1,5,1,3,3,8,1,5,3,1,1,2,2,2,7,1
13562,0,3,1,2,1,8,13,1,2,1,10,1,2,3,4,0,1,3,1,1,2,3,2,2,1
12156,0,4,6,4,1,7,13,1,8,4,5,1,2,2,1,0,2,1,1,2,2,3,2,2,1
29280,1,7,4,4,1,15,13,1,7,4,5,8,2,2,1,0,2,4,2,2,3,5,2,2,1
30655,0,3,4,3,1,16,4,1,2,4,8,8,2,2,1,0,2,4,1,6,2,3,2,2,1
29442,0,11,2,2,5,12,1,1,2,1,7,1,2,2,1,0,8,4,1,1,2,5,3,2,1
15608,0,12,7,3,1,15,13,1,2,1,7,8,2,3,4,0,1,1,1,1,4,2,2,3,1
4540,0,9,1,2,1,15,13,1,7,4,10,8,2,2,1,1,12,1,1,1,4,5,2,5,1
29692,0,4,7,3,1,21,13,2,2,4,4,1,3,2,1,0,8,4,1,1,2,3,2,2,1
31305,0,8,4,4,5,12,1,1,3,1,9,1,3,2,1,0,1,1,1,1,2,5,2,5,1
7374,1,8,1,4,5,18,1,1,7,4,6,1,2,2,1,0,1,2,1,1,2,3,2,2,1
2631,0,4,5,4,5,21,1,2,8,1,9,1,2,2,1,1,12,1,1,1,2,3,2,3,1
6625,1,5,5,4,1,13,13,1,7,4,12,1,2,2,1,0,2,1,1,2,2,3,2,4,1
12762,0,10,3,4,1,13,13,1,4,4,5,1,3,2,1,0,8,3,1,1,2,3,2,2,1
14962,1,3,2,2,1,19,13,5,2,4,7,7,2,2,1,0,8,3,1,1,2,3,2,2,1
8410,0,10,7,4,1,19,4,5,8,1,9,8,2,3,4,0,1,3,1,1,4,3,2,2,1
14827,0,3,3,4,1,20,13,5,4,4,5,7,2,2,1,0,2,1,1,2,2,3,2,2,1
17328,1,10,6,4,1,10,13,1,4,3,9,1,2,2,1,0,8,1,1,1,2,4,2,2,1
36307,0,3,5,4,5,15,1,1,4,1,7,1,2,2,1,0,1,3,1,1,2,3,3,2,1
9063,1,8,1,4,1,17,13,1,2,1,8,1,2,2,4,0,1,1,1,1,2,3,2,2,1
14313,0,3,5,4,1,23,13,2,2,2,6,1,2,2,1,0,1,3,1,1,2,3,2,2,1
28111,1,3,2,4,1,24,13,3,10,4,6,1,2,2,1,0,8,2,1,1,2,3,2,4,1
27741,1,5,6,4,1,13,13,1,10,4,8,1,2,2,1,0,1,2,1,1,2,3,2,2,1
10494,1,4,5,4,1,16,13,1,2,3,5,8,2,2,1,0,1,2,1,1,3,3,2,2,1
8558,0,10,1,4,5,19,13,5,2,1,9,1,2,2,1,0,1,3,1,1,3,4,2,4,1
5938,1,9,2,4,1,12,13,1,2,4,7,1,2,2,1,0,2,1,1,3,2,3,2,2,1
8560,0,7,7,4,1,23,13,2,7,4,10,1,2,2,1,0,2,3,1,2,2,3,2,3,1
8428,0,9,2,4,5,22,1,2,7,1,10,8,2,3,4,1,5,3,1,1,4,4,2,4,1
4875,1,5,1,4,1,20,13,1,4,4,5,7,2,2,1,0,2,1,1,3,2,3,2,2,1
9043,1,9,1,4,1,24,7,3,7,2,6,1,2,2,1,0,2,1,1,3,2,3,2,2,1
17580,1,6,7,4,1,17,12,1,4,4,9,1,2,2,1,0,1,1,1,1,2,3,2,2,1
7410,0,7,1,4,1,20,13,1,2,3,8,1,2,2,1,0,2,2,1,3,2,3,2,2,1
12489,1,5,6,3,1,10,12,1,10,1,7,1,2,2,1,0,1,3,2,1,2,3,2,2,1
15847,1,7,7,2,3,22,15,2,7,1,4,8,2,3,4,0,1,3,1,1,4,2,2,3,1