id,Severity,age_classes,day_week,DEFORMED_classes,m_harm_classes,hour,impact1_classes,lgt_cond,make,man_coll,month,p_crash1,pcrash4,pcrash5,rel_road,reljct1,reljct2,rest_use,sex,typ_int,valign,vnum_lan,vsurcond,vtrafway,weather_classes
20231,0,11,7,2,1,21,10,1,2,4,6,8,2,2,1,0,8,1,1,1,2,3,2,2,1
30169,0,6,1,4,1,12,13,1,8,4,6,1,2,2,1,0,8,4,2,1,2,3,2,2,1
6122,1,7,2,4,1,16,13,1,4,4,3,8,2,2,1,0,2,3,1,3,2,3,2,2,1
26406,1,6,5,4,1,24,13,2,7,2,9,1,2,2,1,1,12,3,1,1,2,3,2,3,1
29575,0,8,7,3,1,16,13,1,7,4,2,1,2,2,1,0,2,4,1,2,2,3,2,4,1
15611,1,4,2,4,4,12,13,1,2,1,7,8,2,3,4,0,1,1,1,1,3,3,2,2,1
14407,1,8,7,2,1,11,1,1,7,1,4,1,3,2,1,0,1,1,1,1,2,5,2,2,1
18819,0,8,2,4,1,14,8,1,2,1,9,8,3,3,3,0,1,1,1,1,3,3,3,4,1
14026,1,7,1,4,1,17,13,1,8,1,5,8,3,3,4,0,1,3,1,1,5,3,2,2,1
18865,1,4,3,3,1,19,18,5,10,5,7,1,3,2,1,0,1,2,1,1,2,2,2,6,1
342,0,7,3,4,5,15,1,1,7,1,1,8,2,3,5,0,1,1,1,1,3,3,2,2,1
18980,1,5,4,4,5,14,1,1,4,1,12,8,2,3,4,0,1,3,1,1,5,3,2,2,1
8381,1,8,6,4,1,16,13,1,7,3,8,1,3,2,1,0,1,3,1,1,2,3,3,2,1
12708,0,8,7,2,1,24,10,2,2,4,9,1,3,2,1,0,1,1,2,1,2,3,2,2,1
20673,0,8,1,3,1,21,18,2,4,6,4,8,2,2,1,0,1,2,1,1,3,3,2,2,1
16211,0,4,3,4,5,7,1,1,10,1,6,8,3,2,1,0,8,1,1,1,4,3,2,2,1
10601,1,4,2,4,4,12,13,1,2,1,7,8,2,3,4,0,1,1,1,1,3,3,2,2,1
16851,0,10,7,4,1,11,13,1,7,3,10,8,2,2,1,0,1,2,1,1,3,3,2,2,1
23363,0,2,1,4,5,3,1,2,8,1,6,1,2,3,3,0,1,3,1,1,4,2,2,4,1
20625,0,4,5,3,1,21,13,3,4,2,9,1,2,2,1,0,8,1,1,1,2,5,2,5,1
35318,0,8,3,4,1,17,7,1,1,2,7,8,2,2,1,0,1,4,1,1,3,3,2,2,1
29510,0,10,3,2,1,12,13,1,2,4,7,7,2,2,1,0,8,4,1,1,2,3,2,2,1
8060,1,6,7,4,3,1,2,3,10,1,9,1,2,3,4,0,1,3,1,1,2,4,2,6,1
8975,1,7,4,3,1,22,7,2,11,2,8,1,2,2,1,0,1,3,1,1,2,3,2,2,1
6277,0,11,3,4,1,8,13,1,8,2,8,1,2,2,1,1,12,3,1,1,2,6,2,4,1
16425,0,3,3,4,1,14,13,1,8,4,7,1,2,2,1,0,2,1,1,3,2,3,2,4,1
28333,1,5,4,1,5,5,1,1,4,1,6,8,2,2,1,0,1,2,1,1,4,3,2,2,1
12318,1,10,7,4,1,17,12,1,7,1,8,8,2,3,4,0,1,2,1,1,3,3,2,2,1
1793,0,8,1,4,1,15,13,1,7,3,9,1,2,2,1,0,1,3,1,1,2,3,2,2,1
6957,1,4,3,4,1,18,13,1,7,3,4,8,2,2,1,0,2,3,1,3,3,3,2,2,1
2556,0,8,5,4,4,8,13,2,8,1,9,8,2,3,6,0,1,1,1,1,5,3,2,2,1
6529,0,6,7,4,1,2,13,2,8,1,5,8,2,3,4,0,1,1,1,1,3,3,2,2,1
11626,1,9,5,4,1,16,9,5,7,4,11,1,2,2,1,0,2,1,1,2,2,3,2,4,1
31910,0,8,7,4,1,15,13,1,7,4,8,1,2,2,1,0,2,1,1,3,2,3,2,4,1
14960,1,7,5,4,1,6,13,1,2,4,7,1,2,2,1,0,2,3,1,3,2,3,2,2,1
4917,0,4,2,4,1,22,13,2,10,3,6,1,2,2,1,0,1,2,1,1,2,3,2,2,1
6401,1,8,2,4,1,14,13,1,2,3,11,1,2,2,1,0,2,1,1,3,2,3,2,2,1
5850,1,8,7,4,5,10,1,1,8,1,6,1,2,2,1,0,1,3,1,1,2,3,2,4,1
11307,1,8,6,4,1,24,13,3,7,2,9,1,3,2,1,0,2,3,1,2,2,3,2,3,1
30384,0,12,6,4,1,20,13,2,10,4,10,1,2,2,1,0,2,1,1,2,2,3,2,2,1
7418,1,8,7,4,1,22,12,2,2,6,8,8,2,2,1,0,1,2,1,1,3,3,2,2,1
36669,0,4,7,4,1,19,13,3,4,2,12,1,2,2,1,0,1,4,1,1,2,5,2,4,2
24505,0,6,5,2,5,3,1,3,8,1,6,1,3,2,1,0,1,1,1,1,2,3,2,2,1
9462,0,4,2,2,1,2,13,3,4,1,4,8,2,3,4,0,1,1,1,1,4,5,2,3,1
24402,1,9,4,4,1,17,13,1,7,4,7,7,2,2,1,0,8,3,1,1,2,3,2,2,1
17851,0,5,3,4,5,1,1,3,7,1,8,8,2,2,1,0,1,2,1,1,3,3,2,2,1
11961,1,4,6,4,1,17,13,2,7,4,11,1,2,2,1,0,3,3,1,3,2,5,2,5,1
24490,0,4,1,4,1,11,13,1,8,4,5,1,2,2,1,0,2,1,1,2,2,3,2,2,1
32542,1,10,7,2,5,14,1,1,7,1,6,1,2,2,1,0,1,3,1,1,2,3,2,2,1
1220,0,7,1,4,1,7,1,1,2,1,7,8,2,2,1,0,1,1,1,1,3,4,3,4,1
16817,1,11,7,4,1,19,4,5,7,1,9,1,2,2,1,0,1,3,1,1,2,3,2,2,1
15025,1,10,7,4,1,12,7,1,7,2,9,7,2,2,1,0,8,3,2,1,2,3,2,2,1
5536,1,8,5,3,1,8,13,1,7,4,7,1,2,2,1,0,1,2,1,1,2,3,2,3,1
12650,1,4,2,4,5,8,1,1,8,1,9,1,2,2,1,0,2,1,1,2,2,3,2,5,1
17870,0,4,3,4,1,1,13,3,8,1,10,8,3,3,4,0,1,1,1,1,3,4,2,4,1
27541,1,10,1,4,1,12,13,1,7,2,2,2,2,2,1,0,8,1,1,1,2,3,2,2,1
16987,0,5,3,4,5,24,1,2,7,1,7,8,2,3,4,0,1,3,1,1,3,3,2,2,1
12551,1,9,1,4,1,16,13,1,2,4,6,1,2,2,1,0,2,1,1,3,2,3,2,3,1
19079,1,5,2,4,1,6,15,1,7,1,8,1,2,3,4,0,1,1,1,1,2,3,2,2,1
22999,0,8,5,2,5,8,1,1,2,1,9,1,2,2,1,0,1,3,1,1,2,4,2,4,1
2305,1,7,1,4,1,16,13,1,7,4,7,7,2,2,1,0,2,1,1,2,2,3,2,2,1
14678,0,10,2,4,1,7,4,4,7,4,6,1,2,2,1,0,2,1,1,2,2,3,3,5,1
5484,0,6,5,4,3,3,1,2,4,1,5,8,2,5,1,0,1,3,1,1,3,2,2,3,1
17320,0,6,1,4,1,1,21,2,4,5,6,1,2,2,1,0,1,1,1,1,2,4,2,4,1
22195,1,8,6,4,1,21,13,3,7,4,7,1,2,2,1,0,3,3,1,3,2,3,2,3,1
4056,1,5,5,4,1,20,13,3,4,3,8,1,2,2,1,0,8,1,1,1,2,3,2,5,1
12186,1,6,2,2,1,14,1,1,8,1,9,1,3,2,1,0,8,1,1,1,2,5,2,2,1
35295,0,6,6,2,1,16,11,1,1,5,6,1,2,2,1,0,1,4,1,1,2,4,2,4,1
12004,1,8,1,4,5,24,22,3,7,1,3,1,2,3,4,0,1,3,1,1,2,3,2,2,1
1331,1,4,7,4,4,8,13,1,2,1,10,8,2,3,5,0,1,1,1,1,4,3,3,2,1
13307,1,9,5,4,1,13,13,1,7,4,5,1,2,2,1,0,2,1,1,2,2,3,2,3,1
8830,0,7,5,4,1,16,13,1,7,3,9,8,2,2,1,0,1,1,2,1,3,3,2,2,1
30512,0,4,2,2,1,7,13,1,2,2,7,1,3,2,1,0,1,4,1,1,2,3,2,4,1
2091,0,8,6,4,5,23,1,2,7,1,9,8,3,3,2,0,1,3,1,1,4,3,2,2,1
13437,1,6,1,4,1,2,13,3,10,2,6,7,3,2,1,0,1,1,1,1,2,5,2,3,1
1836,0,8,7,4,5,19,13,2,7,1,9,8,3,3,4,0,2,3,1,3,3,3,2,2,1
22233,1,3,5,3,1,18,13,5,10,3,1,8,2,2,1,0,2,3,1,7,2,3,2,4,1
6094,1,11,5,4,1,10,13,1,7,4,4,7,2,2,1,0,2,3,1,3,2,3,2,2,1
14181,1,4,3,2,5,18,1,3,4,1,3,1,2,2,1,0,2,3,1,3,2,3,2,2,1
13207,1,7,6,4,5,21,13,2,2,1,7,8,2,3,4,0,1,1,1,1,4,3,2,2,1
22152,0,7,6,3,1,10,7,1,2,2,3,5,2,2,1,0,3,1,1,2,2,4,2,3,1
29942,1,8,4,3,5,19,1,1,7,1,7,1,3,2,1,0,1,1,1,1,2,3,2,2,1
23799,1,11,3,4,1,15,12,1,6,1,1,1,2,3,7,0,1,2,1,1,2,5,2,5,1
4754,0,4,2,4,1,10,13,1,4,3,8,7,3,2,1,0,1,1,1,1,2,3,2,2,1
23364,0,3,6,3,5,15,1,1,4,1,7,1,2,2,1,1,12,2,1,1,2,4,2,4,1
22324,0,5,6,4,1,15,13,1,2,4,5,5,2,2,1,0,3,3,1,2,2,3,2,4,1
12248,0,8,7,4,1,20,13,2,10,3,5,8,2,2,1,0,1,2,1,1,3,3,2,2,1
34,0,4,1,4,1,23,13,3,4,2,6,1,2,2,1,0,1,1,1,1,2,4,2,4,1
11832,1,7,1,4,5,4,1,3,2,1,9,1,3,2,1,0,1,3,1,1,2,5,2,3,1
8484,1,6,5,4,1,15,1,1,2,1,4,1,3,3,4,1,5,3,1,1,2,2,2,7,1
26202,0,5,4,4,1,15,13,1,8,2,2,7,2,2,1,0,3,1,1,3,2,3,2,2,1
205,1,3,7,4,1,4,1,3,10,1,9,1,2,2,1,1,2,3,1,3,2,4,2,3,1
18029,1,5,1,4,1,10,12,1,7,4,7,1,2,2,1,0,2,1,1,2,2,3,2,2,1
20505,0,4,7,2,1,17,13,3,10,2,11,5,2,2,1,0,3,2,1,3,2,3,2,2,1
22641,0,8,5,2,1,16,10,1,8,4,10,8,2,2,1,0,2,3,1,3,2,3,2,2,1
9952,1,3,2,2,1,19,13,5,2,4,7,7,2,2,1,0,8,3,1,1,2,3,2,2,1
10310,1,9,7,4,1,16,13,1,7,4,6,8,2,2,1,0,1,2,1,1,4,5,2,3,1
26201,1,4,5,4,1,10,13,1,4,4,3,1,2,2,1,0,2,1,1,2,2,3,2,4,1
24398,0,9,5,2,1,9,13,1,9,4,6,1,2,2,1,0,2,1,1,2,2,5,2,2,1
8515,0,5,6,4,1,14,13,1,10,4,7,1,2,2,1,0,2,3,1,2,2,3,2,2,1
31622,0,3,2,4,1,22,13,3,4,2,6,1,2,2,1,0,1,1,1,1,2,3,2,3,1
5060,1,5,2,4,1,19,11,5,7,1,7,8,2,3,4,0,1,1,1,1,4,3,2,2,1
7662,1,4,5,4,1,17,13,2,8,4,11,1,2,2,1,0,2,1,1,2,2,3,2,2,1
16443,1,8,7,3,1,17,13,1,10,2,10,1,2,2,1,0,1,3,1,1,2,4,2,3,1
17572,0,4,5,4,1,21,13,2,4,4,7,1,2,2,1,0,2,1,1,3,2,3,2,2,1
22369,0,5,2,3,1,14,11,1,2,5,9,7,2,2,1,0,1,1,1,1,2,4,2,4,1
10039,1,3,2,4,1,14,13,1,4,1,4,8,2,3,4,0,1,3,1,1,3,3,2,2,1
18848,1,6,3,4,1,11,13,1,10,2,10,1,3,2,1,0,8,2,1,1,2,3,2,3,1
585,1,5,3,4,1,5,4,4,2,4,7,1,2,2,1,0,2,1,1,3,2,3,2,2,1
22192,1,8,6,3,1,8,7,1,4,2,6,5,2,2,1,0,3,1,1,2,2,3,2,4,1
2102,0,7,7,3,5,22,1,2,7,1,10,1,3,3,4,0,1,3,1,1,2,3,2,2,1
16333,1,5,4,4,5,14,10,1,4,5,9,7,2,2,1,0,1,3,1,1,2,3,2,2,1
18939,1,7,6,4,1,13,13,1,7,2,8,1,2,2,1,0,1,1,1,1,2,3,2,3,1
29,1,6,7,4,1,14,13,1,7,4,5,7,2,2,1,0,1,1,1,1,2,3,2,2,1
36703,1,9,1,2,1,15,18,1,10,4,4,8,3,2,1,0,2,4,1,2,2,7,2,2,1
7248,1,5,1,4,1,17,13,1,2,2,4,7,2,2,1,0,1,2,2,1,2,5,2,4,1
6459,1,8,1,4,1,19,13,3,2,2,12,1,2,2,1,0,3,3,1,2,2,4,2,3,1
8386,1,8,4,3,1,14,13,1,2,4,7,1,2,2,1,0,2,3,1,3,2,5,3,2,1
2245,0,4,5,4,1,24,10,3,7,4,6,8,2,2,1,0,1,2,1,1,2,3,2,2,1
5510,1,6,4,4,1,17,13,1,7,4,5,1,2,2,1,1,2,2,1,2,2,4,2,4,1
7945,1,8,4,4,1,17,13,1,7,4,5,1,2,2,1,0,2,1,1,2,2,5,2,2,1
5266,0,3,6,3,5,20,1,2,2,4,11,1,2,2,1,0,8,1,1,1,2,3,2,3,1
23847,0,3,3,3,1,19,7,1,10,2,6,1,2,2,1,0,1,2,1,1,2,3,2,2,1
1455,1,3,7,4,1,19,13,5,10,4,8,1,2,2,1,0,2,3,1,2,2,3,2,2,1
13286,0,5,2,3,1,23,9,2,8,5,9,7,2,2,1,0,1,3,1,1,2,3,2,4,1
9763,1,8,3,4,1,16,13,1,7,4,8,1,2,2,1,0,2,1,1,3,2,3,2,2,1
6273,0,7,7,4,1,11,13,1,2,4,7,1,2,2,1,0,1,1,1,1,2,4,2,3,1
13,1,7,6,4,1,2,13,3,4,2,3,1,2,2,1,0,1,1,1,1,2,3,2,3,1
13999,1,3,5,4,1,18,13,3,2,3,2,1,2,2,1,0,1,1,1,1,2,3,2,2,1
18445,0,9,2,4,5,22,1,2,7,1,10,8,2,3,4,1,5,3,1,1,4,4,2,4,1
9882,0,11,7,4,1,17,12,1,10,4,5,8,2,2,1,0,2,1,1,4,3,3,2,2,1
31873,0,10,2,2,5,13,1,1,4,1,5,1,2,2,1,0,2,1,1,2,2,3,2,2,1
8682,0,7,6,4,1,3,15,2,7,1,6,8,2,3,4,0,1,3,1,1,3,3,2,2,1
31159,0,3,2,2,1,8,13,1,10,1,9,1,2,2,1,0,1,1,1,1,2,5,2,2,1
12383,0,7,3,4,1,21,13,1,7,1,6,1,2,2,1,0,1,2,1,1,2,3,2,2,1
16012,1,7,4,4,5,6,1,2,7,1,2,1,2,2,1,0,2,3,1,2,2,5,8,5,1
34085,0,7,7,4,1,12,13,1,7,1,10,1,2,2,1,0,1,3,1,1,2,3,2,2,1
34075,0,4,2,2,1,21,7,3,2,2,9,1,2,2,1,0,8,4,1,1,2,5,2,2,1
1406,1,4,5,4,4,23,10,3,2,1,11,8,2,3,3,0,1,1,1,1,3,5,2,4,1
5826,1,4,6,3,1,23,13,3,2,4,4,1,2,2,1,0,8,1,1,1,2,4,2,4,1
12668,1,8,2,4,1,16,13,1,7,2,8,1,2,2,1,0,8,1,1,1,2,5,2,2,1
31058,1,6,6,2,1,16,2,1,10,5,3,1,2,2,1,0,1,1,1,1,2,6,2,4,1
19629,1,8,3,2,1,17,13,2,10,4,12,1,2,2,1,0,2,1,1,3,2,3,2,2,1
5002,1,7,5,4,1,14,2,1,7,4,8,1,2,2,1,0,2,3,1,3,2,3,2,2,1
15707,1,5,1,4,1,13,13,1,4,2,9,1,2,2,1,0,3,1,1,3,2,3,2,2,1
21881,0,9,7,4,1,16,13,1,8,4,4,1,2,2,1,0,2,2,1,3,2,3,2,2,1
1174,0,9,4,4,1,15,13,1,7,4,3,7,2,2,1,0,4,3,1,1,2,3,2,2,1
439,1,9,6,4,1,10,13,1,7,4,4,1,2,2,1,0,2,2,2,2,2,3,2,2,1
11958,0,5,4,4,1,24,13,2,1,1,10,1,2,2,1,0,3,3,1,3,2,3,2,2,1
7927,1,9,2,4,1,18,13,1,7,3,5,1,2,2,1,0,1,1,1,1,2,3,2,2,1
1366,1,10,4,4,5,16,22,1,8,6,10,1,2,2,1,0,8,3,1,1,2,3,2,2,1
8981,0,7,7,4,5,17,7,1,7,2,8,7,2,2,1,0,1,3,1,1,2,3,2,3,1
16769,0,4,1,4,1,19,10,1,4,4,7,1,3,2,1,0,8,2,1,1,2,5,2,2,1
3047,1,4,2,4,1,16,13,1,2,4,8,1,2,2,1,1,5,1,2,1,2,3,2,3,1
24965,1,12,2,4,1,15,13,1,2,2,2,1,2,2,1,0,1,1,1,1,2,5,2,4,1
21325,0,8,3,3,1,11,1,1,2,1,8,2,2,2,1,0,1,2,1,1,3,4,2,4,1
21117,0,10,5,2,1,23,19,3,7,4,8,1,2,2,1,0,2,2,1,2,2,4,2,4,1
11764,1,8,5,4,1,6,13,1,7,4,8,1,2,2,1,0,2,3,1,2,2,3,2,2,1
29836,1,10,3,2,1,9,13,1,7,4,11,8,2,6,1,0,8,1,1,1,1,1,1,1,1
26528,0,4,3,2,5,13,1,1,8,1,7,1,3,2,1,0,3,2,1,2,2,3,3,2,1
30987,0,8,3,2,5,16,1,1,10,1,6,1,2,2,1,0,8,3,1,1,2,5,2,2,1
23679,1,10,1,2,5,17,1,1,7,1,4,8,2,2,1,0,1,1,1,1,3,3,2,2,1
12236,0,4,7,4,1,18,13,2,3,3,10,1,2,2,1,0,1,2,1,1,2,3,2,2,1
631,0,8,6,4,1,16,18,1,7,5,9,8,2,2,1,1,5,2,1,1,3,2,2,7,1
16408,1,7,1,4,5,16,1,1,7,1,8,1,2,2,1,0,3,3,2,2,2,3,2,3,1
19105,0,4,3,4,1,19,13,1,4,1,9,8,2,3,4,0,1,3,1,1,4,3,2,2,1
4622,1,10,3,2,5,16,1,1,7,1,11,1,3,2,1,0,1,3,1,1,2,3,2,2,1
5984,1,2,1,4,1,15,12,1,8,4,2,1,2,2,1,0,2,3,1,2,2,3,2,3,1
13193,0,6,7,4,1,14,10,1,7,2,7,1,2,2,1,0,1,1,2,1,2,5,2,4,1
29011,0,10,3,4,1,17,7,1,7,2,7,8,2,2,1,0,2,1,1,3,2,3,2,2,1
16814,1,4,7,4,1,18,13,1,7,4,8,1,2,2,1,0,2,3,1,2,2,3,2,2,1
12549,1,9,1,4,1,14,10,1,7,4,5,1,2,2,1,0,1,1,1,1,2,3,2,2,1
14790,1,6,2,4,1,21,10,3,7,4,10,1,2,2,1,0,2,1,1,2,2,4,2,4,1
9787,0,2,3,4,1,17,13,1,7,3,10,1,2,2,1,0,3,1,1,3,2,5,2,2,1
13884,1,7,5,2,5,16,1,1,2,1,4,1,3,3,4,0,1,3,1,1,2,3,2,2,1
7795,0,3,4,4,1,24,13,3,4,4,6,1,2,2,1,0,2,3,1,3,2,3,2,2,1
31497,0,4,6,3,1,18,13,1,2,4,8,7,2,3,1,0,8,4,2,1,2,4,2,4,1
28088,1,4,7,2,1,17,13,1,4,1,3,1,2,2,4,0,1,1,1,1,2,3,2,2,1
19026,1,6,5,3,1,21,13,2,2,1,4,8,2,3,4,0,1,1,1,1,3,3,2,2,1
3835,1,8,1,4,1,15,13,1,7,3,5,1,2,2,1,0,2,3,1,3,2,5,2,3,1
1712,0,5,7,4,1,15,7,1,7,2,6,1,2,2,1,0,1,3,1,1,2,3,2,2,1
31704,0,4,1,2,1,15,22,1,4,5,7,1,2,2,1,0,1,3,1,1,2,4,2,4,1
32768,0,4,6,4,5,4,7,3,2,2,5,1,2,2,1,0,1,1,1,1,2,7,2,4,1
4729,1,8,1,4,1,11,13,1,7,3,7,8,2,2,1,0,1,1,1,1,3,4,2,2,1
13701,0,5,4,4,1,12,2,1,4,5,5,7,2,2,1,0,1,3,1,1,4,5,2,2,1
12483,1,7,5,4,1,16,13,1,4,4,6,1,2,2,1,0,2,3,1,2,2,3,2,3,1
7751,1,3,2,3,5,14,15,1,10,1,12,8,2,3,4,0,1,1,1,1,3,4,2,3,1
14623,0,4,3,4,1,7,13,4,8,4,11,1,2,2,1,0,2,1,1,2,2,5,2,3,1
7576,0,8,2,4,1,12,13,1,7,3,12,8,2,2,1,0,1,1,1,1,3,3,2,2,1
5058,0,6,6,4,1,21,13,3,7,4,7,1,2,2,1,0,2,1,1,2,2,3,2,3,1
8165,1,5,4,4,1,6,13,4,4,4,6,1,2,2,1,0,8,1,1,1,2,3,2,2,1
24183,0,8,3,4,1,17,1,1,7,1,7,2,2,2,1,0,1,3,1,1,2,3,2,2,1
1454,0,4,6,4,5,2,13,2,2,1,11,7,2,3,4,0,1,3,1,1,2,2,2,6,1
3465,0,9,5,4,1,10,13,1,7,4,2,1,2,2,1,0,8,3,1,1,2,3,2,2,1
8765,1,5,1,4,1,3,11,3,10,6,7,1,2,2,1,0,2,2,1,3,2,3,2,2,1
3607,0,9,6,4,1,20,13,3,2,3,12,1,2,2,1,0,1,1,1,1,2,3,2,2,1
2088,0,5,4,4,1,11,13,1,4,4,8,1,3,2,1,0,2,3,1,2,2,5,2,2,1
18227,1,8,3,4,1,7,13,1,2,4,5,1,2,2,1,1,2,1,1,2,2,3,2,3,1
1076,0,5,2,4,1,17,13,1,8,4,2,1,2,2,1,0,2,1,1,2,2,4,2,3,1
2974,0,13,5,4,5,20,12,1,10,1,6,1,2,2,1,0,1,1,1,1,2,3,2,2,1
34607,1,7,5,4,1,18,13,3,2,2,1,1,2,2,1,0,1,4,2,1,2,4,2,5,1
1867,0,8,7,4,4,15,15,1,7,1,6,8,2,3,4,0,1,1,1,1,3,3,2,2,1
8303,0,5,5,4,3,2,4,3,10,1,5,8,3,3,5,0,1,3,1,1,5,3,2,2,1
5538,1,11,7,4,1,15,13,1,2,2,7,1,2,2,1,0,2,2,1,3,2,3,2,2,1
33192,0,7,1,2,1,14,13,1,7,4,8,1,2,2,1,0,2,4,2,3,2,3,2,2,1
33619,0,3,2,4,3,24,13,3,7,1,9,1,2,3,4,0,1,3,1,1,2,4,2,3,1
11554,1,10,4,4,1,14,13,1,2,1,7,1,2,2,1,0,1,1,1,1,2,3,2,2,1
16357,1,3,7,4,1,2,13,2,7,4,4,1,2,2,1,0,2,3,1,2,2,3,2,3,1
20502,0,8,1,1,1,12,7,1,7,2,11,2,2,2,1,0,3,3,1,2,2,5,2,2,1
30338,0,7,4,2,5,16,1,1,4,1,4,1,2,3,1,0,1,3,1,1,3,3,2,2,1
27449,0,4,7,4,3,16,21,1,10,5,6,1,2,2,1,0,1,2,1,1,2,3,2,3,1
25232,1,7,1,2,1,12,13,1,7,2,4,1,2,2,1,1,5,2,1,1,2,2,2,7,1
29470,0,6,3,4,1,6,13,4,7,1,9,1,2,2,1,0,1,4,1,1,2,3,2,2,1
129,1,10,2,4,1,16,13,1,2,4,3,1,2,2,1,0,2,3,1,3,2,3,2,3,1
25928,0,10,6,4,1,19,12,1,2,5,6,1,2,2,1,0,1,3,1,1,2,5,2,4,1
3144,1,10,5,4,5,4,1,2,7,1,6,8,2,2,1,0,1,1,1,1,3,3,2,2,1
18774,1,9,1,4,1,20,13,2,2,4,7,1,2,2,1,0,2,2,2,3,2,3,2,2,1
32375,0,4,6,4,1,17,13,1,8,4,9,8,2,2,1,0,8,4,1,1,4,3,2,2,1
6153,1,4,4,4,1,20,13,3,2,1,5,8,2,3,3,0,1,3,1,1,4,3,2,3,1
19470,0,10,4,3,1,19,13,1,7,3,8,1,2,2,1,0,2,1,1,3,2,5,2,2,1
17682,1,8,5,4,1,21,13,2,10,3,8,8,2,2,1,0,1,1,1,1,3,3,2,2,1
6008,0,7,6,4,1,2,7,2,7,2,1,1,2,2,1,0,1,3,1,1,2,4,3,4,1
16955,0,8,4,4,1,20,13,2,7,4,10,1,2,2,1,0,2,3,1,2,2,3,2,2,1
12652,0,11,5,4,5,15,1,1,7,1,9,8,3,3,3,0,1,3,1,1,4,3,2,3,1
16391,0,3,1,4,1,4,13,2,4,1,9,1,2,3,4,0,1,3,1,1,2,3,3,5,1
23790,0,7,7,2,1,18,22,1,10,5,8,7,2,2,1,0,2,2,1,3,2,5,2,2,1
12364,1,3,2,4,1,12,13,1,3,4,5,1,2,2,1,0,8,2,1,1,2,5,2,5,1
10132,1,10,7,4,1,11,21,1,7,1,1,1,2,2,4,0,1,3,1,1,2,5,2,4,1
11396,1,3,2,4,1,17,23,1,8,4,11,1,2,2,1,0,8,2,1,1,2,5,2,4,1
2216,1,7,6,4,5,18,13,5,7,1,8,8,2,3,6,0,1,3,1,1,3,3,2,2,1
34176,0,8,5,4,1,16,13,1,1,4,8,3,2,2,1,0,7,3,1,1,2,2,2,3,1
31589,0,10,7,2,1,12,3,1,4,5,2,1,2,2,1,0,1,3,1,1,2,5,2,4,1
23681,0,5,7,4,5,8,1,1,8,1,4,8,2,2,1,0,1,1,1,1,4,3,2,2,1
2932,1,6,5,4,1,21,13,3,2,3,5,1,2,2,1,0,2,1,1,2,2,5,2,2,1
635,1,3,2,3,1,7,13,1,4,1,10,1,2,2,1,0,3,2,1,3,2,4,2,5,1
31840,1,7,6,4,3,16,13,1,4,1,4,8,2,3,3,0,1,3,1,1,3,3,2,4,1
12776,0,4,5,4,1,13,13,1,4,1,2,1,3,4,4,0,1,1,1,1,2,4,2,4,1
2984,1,9,4,4,1,15,13,1,9,3,7,1,2,2,1,0,1,1,1,1,2,3,2,2,1
18728,0,7,4,4,5,20,15,1,4,1,7,8,3,3,4,0,1,3,1,1,4,3,2,2,1
3469,0,3,1,4,1,7,13,4,2,3,3,1,2,2,1,0,1,2,1,1,2,3,2,2,1
19285,1,7,3,3,1,14,13,1,2,4,5,1,2,2,1,0,8,1,1,1,2,5,2,5,1
17103,0,7,7,2,1,2,21,3,4,1,7,8,2,3,4,0,1,3,1,1,4,3,2,2,1
29453,0,8,1,2,4,11,7,1,4,1,8,1,2,3,4,0,1,3,1,1,2,4,2,4,1
30671,0,3,4,4,5,13,1,1,2,1,3,8,2,3,2,0,1,4,1,1,4,3,2,2,1
2542,0,7,1,4,1,18,13,1,3,3,7,1,2,2,1,0,1,1,1,1,2,3,2,2,1
9921,1,7,1,4,1,11,13,1,7,4,5,1,2,2,1,0,2,3,1,2,2,3,2,2,1
15760,0,4,7,2,5,21,1,2,10,1,10,1,2,3,6,0,1,3,1,1,4,3,2,2,1
12565,0,7,4,4,1,17,13,1,2,4,7,1,2,2,1,0,2,1,1,2,2,3,2,2,1
19995,0,8,4,4,1,20,13,1,7,4,8,1,2,2,1,0,2,3,1,2,2,3,2,5,1
35927,1,4,3,4,1,18,11,1,10,5,6,1,2,2,1,0,1,1,1,1,2,6,2,6,1
3028,1,8,5,4,1,17,13,1,10,4,8,1,2,2,1,0,8,1,1,1,2,3,2,3,1
29091,0,6,7,4,1,22,7,2,7,2,11,1,2,2,1,0,1,2,1,1,2,3,2,2,1
14819,0,4,7,4,1,21,13,3,10,1,4,8,2,3,5,0,1,1,1,1,4,3,2,2,1
3898,1,3,4,4,1,24,13,3,2,1,6,8,2,3,4,0,1,3,1,1,3,4,2,4,1
14649,1,8,4,2,5,12,1,1,2,1,4,1,2,3,4,0,1,3,1,1,2,5,2,5,1
10144,1,8,7,4,1,9,18,1,7,5,3,1,2,2,1,0,1,3,1,1,2,3,2,2,1
18089,1,6,5,4,1,13,13,1,7,2,10,1,2,2,1,0,3,1,2,3,2,5,2,2,1
27906,0,5,2,3,1,16,13,1,8,3,8,1,2,2,1,0,2,1,1,3,2,5,2,2,1
29841,1,3,6,3,1,23,4,2,4,2,2,1,2,2,1,0,1,3,1,1,2,5,2,4,1
1358,0,8,1,4,1,19,13,3,7,4,10,8,2,2,1,0,2,3,1,2,2,3,2,3,1
11957,0,5,7,4,1,19,13,2,10,4,11,1,2,2,1,0,2,2,1,2,2,4,2,2,1
20710,0,5,7,2,1,14,21,1,8,4,5,8,2,2,1,0,2,2,1,2,2,3,2,2,1