id,Severity,age_classes,day_week,DEFORMED_classes,m_harm_classes,hour,impact1_classes,lgt_cond,make,man_coll,month,p_crash1,pcrash4,pcrash5,rel_road,reljct1,reljct2,rest_use,sex,typ_int,valign,vnum_lan,vsurcond,vtrafway,weather_classes
15552,1,7,1,3,5,14,15,1,6,1,7,6,2,3,4,0,1,2,1,1,4,3,2,4,1
10775,0,4,1,3,1,15,11,1,8,4,12,1,2,2,1,0,2,1,1,2,2,5,2,2,1
12671,0,7,5,4,3,24,2,3,7,1,8,8,2,3,4,0,1,1,1,1,4,3,2,2,1
5143,1,9,5,4,1,17,13,1,7,4,2,1,2,2,1,0,2,3,1,2,2,6,2,5,1
12673,1,8,5,4,1,21,13,2,10,3,8,8,2,2,1,0,1,1,1,1,3,3,2,2,1
3568,0,3,6,4,3,23,13,3,2,1,11,8,2,3,4,0,1,3,1,1,3,3,2,2,1
12044,1,8,2,4,1,22,13,2,4,2,9,1,2,2,1,0,1,3,1,1,2,4,2,5,1
11106,0,8,5,4,1,18,13,1,7,4,4,1,2,2,1,0,2,3,1,2,2,3,2,3,1
29411,1,8,3,3,5,20,1,5,2,1,4,8,2,3,4,0,1,4,1,1,4,3,2,2,1
3435,1,6,3,4,1,10,13,1,7,4,10,1,2,2,1,0,2,1,1,2,2,3,2,2,1
18308,1,10,1,4,1,18,4,1,10,1,4,1,3,3,4,0,1,1,1,1,2,3,2,2,1
13733,1,7,7,4,1,18,13,1,7,4,7,1,2,2,1,0,8,3,1,1,2,5,2,2,1
7002,0,8,1,4,1,14,13,1,7,4,4,7,2,2,1,0,2,3,1,3,2,3,2,2,1
12356,0,9,6,4,1,14,1,1,2,1,5,8,2,3,4,0,1,2,1,1,4,3,2,2,1
33719,1,7,7,4,1,11,18,1,4,7,10,1,3,2,1,0,1,1,1,1,2,6,2,4,1
32082,0,10,3,4,1,13,13,1,2,4,8,1,2,2,1,0,8,4,1,1,2,3,2,2,1
2976,1,7,4,4,1,11,13,1,7,2,6,1,2,2,1,0,1,1,1,1,2,3,3,4,1
22966,1,8,4,4,1,16,22,1,2,4,6,8,2,2,1,0,2,3,2,2,2,3,2,4,1
11246,1,3,2,4,1,14,13,1,2,2,7,7,2,2,1,0,1,3,1,1,2,4,2,3,1
36525,0,3,7,4,1,14,13,1,10,4,5,1,2,2,1,0,2,4,1,2,2,3,2,2,3
7756,0,7,3,4,1,15,13,1,7,3,6,7,2,2,1,0,2,3,1,2,2,3,2,2,1
468,0,4,6,4,1,7,13,1,7,4,5,1,3,2,1,0,8,2,1,1,2,3,2,2,1
12410,1,7,4,4,1,21,13,5,2,4,8,1,2,2,1,0,2,2,1,2,2,3,2,2,1
8199,1,7,6,4,5,21,13,2,2,1,7,8,2,3,4,0,1,1,1,1,4,3,2,2,1
28401,0,6,7,3,1,17,4,1,7,5,3,1,2,2,1,0,1,3,2,1,2,3,2,3,1
25214,1,6,4,4,5,7,1,1,8,1,12,8,2,2,1,0,3,1,1,3,2,3,2,2,1
16065,1,10,6,4,1,11,13,1,7,4,3,1,2,2,1,0,2,3,1,2,2,3,2,3,1
18975,1,3,2,4,1,18,13,2,4,4,11,1,2,2,1,0,8,1,1,1,2,3,2,3,1
23029,0,10,7,2,1,13,13,1,7,2,11,1,2,2,1,0,2,3,1,2,2,3,2,3,1
449,0,6,7,4,5,10,1,1,7,1,4,1,3,2,1,0,1,2,1,1,2,4,2,4,1
30844,0,7,1,4,5,20,1,3,7,1,9,1,2,2,1,0,8,1,1,1,2,5,2,5,1
3480,0,8,1,4,1,20,13,5,7,4,5,1,2,2,1,0,1,3,1,1,2,3,2,2,1
11948,0,8,7,4,2,18,13,1,7,1,10,8,2,3,4,0,1,3,1,1,3,3,2,2,1
23672,0,3,3,4,5,9,1,1,4,1,4,1,3,2,1,0,1,1,1,1,2,6,2,4,1
2420,0,8,7,4,5,13,1,1,7,1,9,8,2,2,1,1,12,1,1,1,3,4,3,3,1
10803,0,7,3,2,1,11,13,1,10,1,5,1,2,2,1,0,1,2,1,1,2,5,2,2,1
13521,1,8,2,4,1,21,13,5,4,4,7,1,2,2,1,0,8,2,1,1,2,5,2,2,1
960,0,6,3,4,1,22,13,2,7,4,1,8,2,2,1,0,1,3,1,1,3,3,2,2,1
16081,1,9,4,4,1,16,13,1,7,4,1,1,2,2,1,0,2,3,1,3,2,5,2,5,1
32496,0,8,7,3,1,16,13,1,4,4,8,1,2,2,1,0,1,1,1,1,2,5,2,6,3
28571,0,7,6,2,1,15,7,1,10,2,8,8,2,2,1,0,3,1,1,3,2,3,2,5,1
30489,1,9,7,2,1,22,7,2,8,2,5,1,2,2,1,0,1,4,1,1,2,3,2,2,1
15445,0,5,5,4,1,19,13,5,4,3,3,8,2,2,1,0,1,2,1,1,3,3,2,2,1
18158,0,5,6,4,1,18,13,1,7,1,5,1,2,3,4,0,1,1,1,1,2,3,2,2,1
13634,1,10,3,4,1,17,13,1,7,4,3,1,3,2,1,0,2,3,1,2,2,3,2,2,1
9693,1,6,7,4,1,18,12,2,7,6,9,8,2,2,1,0,1,1,1,1,3,3,2,2,1
20907,0,10,6,4,5,7,1,1,7,1,8,7,2,2,1,0,1,1,1,1,2,3,2,4,1
8100,0,6,5,3,1,5,13,3,4,1,12,1,2,2,1,0,3,1,1,2,2,5,2,2,1
27270,0,6,6,4,2,21,13,2,8,1,7,1,2,2,1,0,1,2,1,1,2,5,2,2,1
28419,0,4,1,3,1,13,12,1,8,5,3,1,2,2,1,0,2,1,1,3,2,3,2,2,1
3924,1,5,5,4,5,23,13,3,8,1,9,8,2,3,4,1,5,3,1,1,4,2,2,7,1
14392,0,8,5,4,1,5,13,2,7,4,7,4,2,2,1,0,2,3,1,2,2,3,2,2,1
9897,1,8,7,4,4,17,1,1,10,1,9,8,2,3,4,0,1,3,1,1,3,3,2,2,1
14001,1,6,1,3,5,15,13,1,7,1,2,8,2,3,4,0,1,2,1,1,3,3,2,2,1
21772,0,7,2,4,1,11,13,1,7,2,6,2,2,3,4,0,1,2,1,1,4,2,2,4,1
23027,0,8,3,1,1,6,13,3,2,4,11,8,2,2,1,0,2,2,1,2,2,3,2,4,1
7354,1,7,6,4,1,23,13,3,7,3,5,1,2,2,1,0,8,2,1,1,2,5,2,5,1
25100,0,8,1,4,1,17,10,1,8,4,9,1,2,2,1,0,8,1,1,1,2,3,2,3,1
13719,0,7,4,4,5,20,15,1,4,1,7,8,3,3,4,0,1,3,1,1,4,3,2,2,1
229,1,10,7,4,1,12,1,1,7,1,9,2,3,2,1,0,1,3,1,1,2,5,2,4,1
1012,0,11,5,4,1,19,13,2,7,4,3,1,2,2,1,1,2,3,1,3,2,3,2,4,1
10492,0,6,5,4,3,3,1,2,4,1,5,8,2,5,1,0,1,3,1,1,3,2,2,3,1
11766,1,7,7,4,5,14,1,1,7,1,8,8,3,2,1,0,1,3,1,1,3,3,3,2,1
25814,0,6,3,4,5,12,1,1,2,1,12,1,3,2,1,0,1,2,1,1,2,3,2,4,1
17652,0,3,3,4,5,21,1,3,4,1,8,1,2,2,1,0,2,1,1,3,2,3,2,2,1
34197,1,8,7,4,2,19,1,1,2,1,9,8,2,3,4,0,1,3,1,1,4,3,2,2,1
20541,1,3,5,4,1,1,21,3,10,5,3,1,2,2,1,0,2,1,1,2,2,4,2,4,1
15271,1,9,3,4,1,23,13,3,7,1,11,1,2,3,4,0,1,3,1,1,2,5,2,4,1
7888,0,6,7,4,1,13,13,1,7,2,8,1,2,2,1,0,1,3,2,1,2,5,2,3,1
23590,0,4,4,2,5,18,1,1,8,1,6,1,3,2,1,0,8,2,1,1,2,3,8,2,1
1018,1,9,4,4,1,15,1,1,2,1,2,1,2,3,3,0,1,1,1,1,2,4,2,3,1
3175,0,10,7,4,1,14,13,1,7,2,7,1,2,2,1,0,1,1,1,1,2,5,2,4,1
603,1,9,4,4,1,15,13,1,7,4,7,8,2,2,1,0,8,2,1,1,4,3,2,2,1
12455,1,5,1,4,1,16,13,1,2,2,10,1,2,2,1,0,3,2,1,3,2,5,2,2,1
1334,0,8,6,4,1,16,13,1,4,3,9,8,2,2,1,0,1,3,2,1,3,3,2,2,1
4298,1,11,6,3,1,14,13,1,2,4,6,1,2,2,1,0,8,3,1,1,2,5,2,5,1
23495,1,3,1,4,1,21,13,3,8,3,8,8,2,2,1,0,2,3,1,2,2,4,2,4,1
20952,0,4,1,2,1,11,7,1,10,2,5,5,2,2,1,0,3,2,1,2,2,5,2,2,1
3578,0,10,6,3,4,15,13,1,7,1,5,8,2,3,4,0,1,1,1,1,3,3,2,2,1
12730,1,9,4,3,1,11,13,1,10,4,3,1,2,2,1,0,2,1,1,3,2,4,2,3,1
35214,0,5,6,4,5,7,1,1,2,1,2,1,3,2,1,0,3,4,1,2,2,6,2,5,1
3847,0,6,7,2,1,17,4,1,11,1,1,8,2,3,4,0,1,3,1,1,3,3,2,2,1
7024,1,10,5,4,5,16,3,1,2,1,8,8,2,3,4,0,1,3,2,1,4,3,2,2,1
24390,0,9,4,2,5,14,1,1,7,1,6,6,2,2,1,0,5,3,1,1,2,3,2,7,1
26403,1,4,5,4,1,21,13,3,4,4,9,1,2,2,1,0,8,3,1,1,2,5,2,5,1
11850,0,7,7,4,1,21,13,2,7,2,10,1,2,2,1,0,1,3,1,1,2,3,2,2,1
20932,1,6,1,4,5,13,1,1,10,1,10,1,3,3,4,0,1,1,2,1,2,4,2,2,1
12814,0,7,7,4,1,14,13,1,7,6,5,8,2,2,1,0,1,1,2,1,4,3,3,2,1
21081,0,3,3,4,1,17,22,1,8,7,5,1,2,2,1,1,12,2,1,1,2,5,2,4,1
5893,1,10,7,4,1,12,13,1,7,3,9,1,2,2,1,0,1,1,1,1,2,3,3,2,3
17056,1,8,5,4,1,5,13,2,10,3,10,1,2,2,1,0,2,3,1,2,2,3,2,2,1
4656,1,9,5,4,1,21,4,3,7,4,5,1,2,2,1,0,4,3,1,1,2,4,2,3,1
10858,1,8,7,4,5,10,1,1,8,1,6,1,2,2,1,0,1,3,1,1,2,3,2,4,1
13864,0,6,7,2,1,17,4,1,11,1,1,8,2,3,4,0,1,3,1,1,3,3,2,2,1
9871,0,4,6,4,1,23,13,2,2,1,10,1,2,3,5,0,1,1,1,1,2,3,2,2,1
34564,0,5,5,4,5,16,1,1,7,1,8,2,2,3,3,0,1,4,1,1,5,3,2,3,1
24905,0,6,3,3,1,17,1,1,7,1,10,1,2,2,1,0,1,2,1,1,2,5,2,4,1
6588,1,6,7,4,1,14,13,1,10,4,4,1,3,2,1,0,8,1,1,1,2,5,2,2,1
18275,0,8,7,4,1,14,13,1,2,4,11,1,2,2,1,0,2,1,1,2,2,3,2,2,1
35050,0,7,1,2,1,14,13,1,7,4,9,1,2,2,1,0,2,3,1,2,2,5,2,4,1
34485,1,3,3,4,1,16,13,1,10,4,8,1,2,2,1,0,2,4,2,3,2,5,2,2,1
20866,0,5,5,4,1,21,13,3,4,1,6,8,2,2,1,0,1,1,1,1,3,4,2,2,1
26311,0,8,6,4,1,15,13,1,4,3,4,8,2,2,1,0,1,2,1,1,3,3,2,2,1
12518,1,10,5,2,5,8,1,1,10,1,8,1,3,2,1,1,12,2,1,1,2,3,2,4,1
3564,0,5,7,4,1,17,13,1,2,3,12,1,2,2,1,0,1,3,1,1,2,3,2,2,1
29545,0,5,2,4,1,14,13,1,7,2,9,1,2,2,1,0,1,4,1,1,2,4,2,4,1
12716,0,6,1,4,1,14,12,1,7,4,9,8,2,2,1,0,1,1,2,1,5,3,2,2,1
11998,1,8,1,4,1,21,13,2,8,1,9,1,2,2,1,0,1,3,1,1,2,3,2,2,1
24013,0,5,1,2,1,21,8,3,2,5,4,8,2,2,1,0,2,1,2,2,2,3,2,2,1
5148,1,9,6,4,1,10,19,1,10,4,4,1,2,2,1,1,2,3,1,3,2,3,2,2,1
27783,0,3,2,4,4,18,13,1,4,4,7,8,2,3,1,0,1,2,1,1,3,3,2,2,1
7570,1,10,7,4,1,21,4,3,7,5,10,1,2,2,1,0,2,3,1,3,2,3,2,2,1
15276,1,4,6,4,1,13,13,1,4,2,11,7,2,2,1,1,12,1,1,1,2,4,2,6,1
22331,0,1,6,3,1,17,13,1,10,4,6,1,2,2,1,0,2,3,1,2,2,3,3,2,1
20718,0,5,6,2,1,22,13,2,4,2,6,7,3,2,1,0,1,2,1,1,2,5,2,4,1
21407,0,5,2,4,1,17,13,1,8,1,6,8,2,3,4,0,1,1,1,1,4,3,2,2,1
36282,0,5,1,4,1,12,13,1,4,1,6,8,2,3,4,0,1,3,1,1,4,3,2,2,1
9046,1,3,3,4,1,12,12,1,8,4,7,1,2,2,1,0,2,1,1,3,2,3,2,5,1
18113,0,3,6,4,1,2,13,2,2,1,12,1,2,2,1,0,2,1,2,2,2,5,2,2,1
29615,1,6,3,4,1,9,3,1,7,4,10,8,2,2,1,0,2,1,1,2,2,3,2,2,1
10735,1,3,5,4,5,19,1,3,2,1,10,1,2,2,1,0,2,1,1,3,2,5,2,5,1
2628,0,4,3,4,1,23,13,3,4,4,8,1,2,2,1,0,2,1,1,2,2,3,2,2,1
3706,1,8,5,4,1,15,2,1,7,1,7,1,2,2,1,0,1,3,1,1,2,3,2,2,1
17904,0,8,1,4,4,12,13,1,7,1,9,8,2,3,4,0,1,3,1,1,3,3,2,2,1
4884,0,10,3,4,1,18,1,1,7,1,7,8,2,3,2,0,1,2,1,1,4,3,2,2,1
18921,1,8,1,4,2,24,13,2,8,1,6,1,2,3,4,0,8,3,1,1,2,3,2,2,1
3395,1,9,4,3,1,18,13,1,7,1,8,8,3,3,5,0,1,3,1,1,5,3,2,2,1
26652,1,5,6,4,5,12,1,1,7,1,9,7,2,3,2,0,1,3,1,1,2,3,2,3,1
36543,0,4,7,4,5,6,13,1,8,1,6,6,3,2,1,0,5,4,1,1,2,2,2,7,2
3802,1,6,7,4,1,12,1,1,8,1,9,7,3,2,1,1,12,1,1,1,2,3,2,3,1
385,1,10,2,4,5,15,1,1,7,1,2,1,3,2,1,0,2,2,1,2,2,3,2,3,1
13776,0,13,2,2,5,15,1,1,2,1,8,8,3,3,4,0,1,2,1,1,4,3,2,2,1
4102,0,4,7,3,1,15,13,1,2,4,1,7,2,2,1,0,1,3,1,1,2,3,2,2,1
18405,1,5,1,2,5,20,13,5,7,1,6,8,2,3,4,0,1,3,1,1,3,3,2,2,1
22688,1,4,1,4,5,11,1,1,4,1,2,1,2,2,1,1,12,3,1,1,5,4,2,4,1
22277,0,8,7,3,1,10,2,1,7,4,4,1,2,2,1,0,2,3,1,2,2,3,2,4,1
5946,0,7,4,4,1,20,13,2,7,3,3,6,3,2,1,0,1,3,1,1,2,5,2,2,1
11373,1,5,6,4,1,24,13,2,7,4,10,1,2,2,1,0,8,1,1,1,2,7,2,5,1
6589,1,3,4,4,5,19,1,5,2,1,10,8,2,3,3,0,1,1,1,1,3,3,2,4,1
21836,1,4,3,4,5,8,1,1,2,1,5,1,3,2,1,0,1,1,1,1,2,3,2,4,1
18321,0,7,7,3,5,2,1,2,8,1,5,8,2,3,5,0,1,3,1,1,3,3,2,2,1
2650,0,7,7,4,1,12,13,1,7,3,11,1,2,2,1,0,3,1,1,2,2,4,2,2,1
7668,0,9,6,4,5,13,12,1,7,1,6,8,3,3,4,0,1,3,2,1,4,3,2,3,1
18884,0,10,1,4,1,18,3,1,7,4,3,1,2,2,1,0,8,3,1,1,2,4,2,3,1
12642,0,8,5,4,1,13,1,1,2,1,9,7,3,2,1,0,1,1,1,1,2,3,2,2,1
28303,0,9,4,4,1,20,7,3,7,2,5,1,2,2,1,0,1,1,1,1,2,3,3,3,1
15142,1,10,7,4,1,11,21,1,7,1,1,1,2,2,4,0,1,3,1,1,2,5,2,4,1
3552,1,7,1,4,1,14,1,1,7,1,10,1,2,2,1,0,2,3,1,3,2,3,2,2,1
28840,1,4,2,4,3,20,13,5,10,1,9,8,2,3,3,0,1,1,1,1,4,4,2,4,1
34040,0,7,7,2,5,22,1,2,2,1,7,1,3,2,1,0,1,3,1,1,5,3,10,2,1
27249,1,6,1,4,5,7,1,1,4,1,5,1,3,2,1,0,1,2,1,1,2,5,2,4,1
5526,0,4,3,4,5,20,1,5,8,1,7,1,3,2,1,0,3,2,1,2,2,3,2,4,1
30624,0,6,6,2,1,21,22,2,7,5,5,7,2,2,1,0,1,3,1,1,2,3,2,3,1
4991,0,5,4,4,1,14,1,1,4,1,5,8,2,3,4,0,3,3,1,4,2,3,2,2,1
15447,0,6,3,3,1,6,13,2,7,4,3,1,2,2,1,0,1,2,1,1,2,5,2,4,1
8790,0,7,6,4,1,16,13,1,7,3,7,8,2,2,1,0,1,2,1,1,4,3,2,2,1
4091,1,5,6,4,1,21,13,3,2,4,6,1,2,2,1,0,8,1,2,1,2,3,2,5,1
25029,1,5,6,4,1,16,13,1,7,4,6,1,2,2,1,0,2,1,1,3,2,3,2,2,1
17273,0,8,3,4,1,24,13,2,2,1,7,1,3,3,4,0,1,2,1,1,2,3,2,2,1
3619,0,5,7,4,1,11,13,1,4,4,3,1,3,2,1,0,2,1,1,2,2,3,2,3,1
31604,1,7,7,4,1,2,13,2,4,4,3,7,2,2,1,0,3,3,1,2,2,4,2,3,1
17988,0,10,1,4,1,9,10,1,8,4,6,8,3,2,1,0,1,1,1,1,3,3,3,2,1
7992,1,3,5,4,5,19,1,1,4,1,5,8,2,3,4,0,5,1,1,1,3,2,3,7,1
17222,0,4,7,4,1,22,13,3,2,1,2,1,2,3,4,0,1,1,1,1,4,4,2,3,1
25097,1,7,7,4,1,12,13,1,7,3,9,1,2,2,1,0,8,1,1,1,2,3,2,2,1
11375,0,8,1,4,1,19,13,3,7,4,10,8,2,2,1,0,2,3,1,2,2,3,2,3,1
1620,1,9,7,4,1,16,11,1,7,4,12,1,2,2,1,0,2,1,1,3,2,3,2,2,1
22955,0,6,7,4,1,12,13,1,7,2,6,6,2,2,1,1,12,3,1,1,2,3,2,4,1
12713,1,5,7,4,1,21,2,3,7,4,9,1,2,2,1,1,2,1,1,3,2,7,2,4,1
18853,0,6,4,4,1,11,4,1,8,4,11,1,3,2,1,0,2,1,1,3,2,3,3,2,1
14905,1,8,4,3,5,17,1,1,2,1,8,8,2,2,1,0,1,1,1,1,4,3,2,2,1
34898,0,4,4,4,1,15,13,1,7,2,4,1,2,2,1,0,1,3,1,1,2,4,2,3,1
9059,1,4,5,4,1,6,13,1,7,4,8,1,2,2,1,0,3,1,1,3,2,3,2,3,1
15041,1,7,6,4,1,2,13,3,4,2,3,1,2,2,1,0,1,1,1,1,2,3,2,3,1
3980,1,11,3,4,1,14,13,1,7,4,2,1,2,2,1,0,8,1,1,1,2,3,3,5,1
32086,0,11,4,2,1,16,7,1,8,2,8,1,3,2,1,0,1,4,1,1,2,3,2,2,1
24986,1,5,5,3,1,15,13,1,4,4,4,7,2,5,1,0,4,1,1,1,2,3,2,2,1
13834,1,6,3,4,1,7,4,1,8,4,10,1,3,2,1,0,8,2,1,1,2,3,2,2,1
18136,1,4,3,4,1,18,13,1,4,1,3,1,2,3,4,0,1,1,1,1,2,3,2,2,1
782,0,5,3,4,5,14,1,1,10,1,12,1,3,2,1,0,1,2,1,1,2,3,2,2,1
29602,0,4,7,2,1,18,13,1,7,3,5,8,2,2,1,0,8,3,1,1,2,7,2,2,1
32136,0,8,1,4,1,19,13,2,7,1,10,1,2,2,1,0,1,4,1,1,2,3,2,2,1
31721,0,3,6,4,1,22,1,3,7,1,7,1,2,2,1,0,8,4,1,1,2,3,2,2,1
9891,1,12,7,4,4,13,12,1,10,1,7,8,2,3,4,0,1,1,1,1,3,3,2,2,1
14893,1,5,1,4,1,20,13,1,4,4,5,7,2,2,1,0,2,1,1,3,2,3,2,2,1
429,1,8,6,2,1,17,15,1,2,1,4,1,2,3,4,0,1,2,1,1,2,3,2,2,1
20491,0,5,7,2,1,21,13,3,4,3,9,8,2,2,1,0,2,2,1,2,2,7,2,2,1
17,1,9,7,4,4,10,13,1,7,1,4,1,2,3,4,0,1,1,1,1,2,3,2,3,1
6110,0,7,6,4,1,21,13,3,7,4,4,1,2,2,1,1,2,3,1,2,2,4,2,3,1
36184,0,7,4,3,1,8,4,1,3,1,3,8,2,2,1,0,2,1,1,3,2,3,2,2,1
2962,0,10,1,4,1,9,10,1,8,4,6,8,3,2,1,0,1,1,1,1,3,3,3,2,1
20987,0,9,4,4,1,16,11,1,8,4,10,8,2,2,1,0,2,1,1,3,2,2,2,3,1
12298,0,5,1,4,1,21,13,3,2,2,10,1,2,2,1,0,1,2,1,1,2,3,2,2,1
20991,1,10,7,2,1,11,10,1,2,5,12,7,2,2,1,0,2,1,1,3,2,3,2,2,1
22395,0,7,6,3,5,12,1,1,7,1,2,2,2,2,1,0,3,3,1,3,2,3,2,4,1
15830,1,3,2,4,1,10,13,1,2,1,10,7,2,3,7,0,1,2,1,1,2,5,2,5,1
11274,1,7,1,4,1,16,13,1,7,2,8,7,2,2,1,0,1,3,1,1,2,6,3,4,1
17383,0,4,2,4,1,21,13,5,4,4,6,1,2,2,1,0,2,2,1,2,2,3,2,2,1
13496,1,4,1,4,1,20,12,5,7,4,5,1,2,2,1,0,1,3,1,1,2,3,2,2,1
18419,0,6,6,4,1,23,13,3,4,1,8,8,3,3,5,0,1,3,1,1,5,5,2,2,1
30654,0,2,3,3,1,20,13,3,2,4,10,1,2,2,1,0,2,4,1,3,2,3,2,2,1
7710,1,7,4,4,1,19,13,3,4,4,9,1,2,2,1,0,2,1,1,3,2,5,2,2,1
22149,1,11,3,4,1,14,13,1,7,4,2,8,2,2,1,0,8,1,1,1,2,6,3,5,1
12654,0,4,2,4,1,11,1,1,8,1,9,8,3,2,1,0,1,1,1,1,3,3,2,2,1
23441,0,8,6,4,5,17,1,1,8,1,3,8,2,2,1,0,2,2,1,3,2,3,2,2,1
2096,0,10,4,3,1,17,13,1,7,4,9,1,3,2,1,0,8,1,1,1,2,5,2,2,1
3887,1,3,1,4,1,1,13,2,7,4,5,1,2,2,1,0,2,3,1,2,2,3,2,3,1
7210,1,12,4,4,5,13,1,1,10,1,2,8,2,4,6,0,1,3,1,1,4,3,2,2,1
18172,0,4,1,3,1,24,13,2,4,3,6,8,2,2,1,0,1,1,1,1,4,3,2,2,1
16841,1,7,1,4,5,4,1,3,2,1,9,1,3,2,1,0,1,3,1,1,2,5,2,3,1
10967,1,8,4,4,1,21,13,2,4,2,6,1,3,2,1,0,1,3,1,1,2,7,2,4,1
22284,0,4,7,4,1,11,13,1,8,4,3,7,3,2,1,0,2,3,1,3,2,3,2,2,1
5140,1,9,3,4,1,17,13,1,2,4,2,1,2,2,1,0,2,3,1,2,2,3,2,2,1
11606,0,9,3,4,1,12,11,1,7,6,10,8,2,2,1,0,1,1,1,1,3,3,2,2,1
26976,0,5,3,4,1,17,2,1,8,5,8,1,2,2,1,0,1,3,1,1,2,5,2,4,1
29560,0,4,6,3,1,16,13,1,4,4,1,1,2,2,1,0,2,3,1,2,2,3,2,2,1
19949,1,11,3,3,1,12,13,1,2,4,6,8,2,2,1,0,2,3,1,2,3,3,2,2,1
14495,1,8,7,3,1,8,13,1,7,2,9,1,2,2,1,0,1,3,1,1,2,3,2,4,1
29245,1,6,1,4,5,15,1,1,4,1,9,8,2,2,1,0,1,4,1,1,3,3,2,2,1
25657,0,7,7,4,1,14,13,1,7,5,6,5,2,2,1,0,3,2,1,3,2,3,2,2,1
20390,1,5,4,3,1,16,13,1,7,4,6,1,2,2,1,0,8,1,2,1,2,6,3,5,1
4287,0,12,7,3,1,12,13,1,7,4,6,1,2,2,1,0,8,3,1,1,2,5,2,5,1
11914,0,8,5,4,1,15,10,1,7,4,8,8,2,2,1,0,2,3,1,2,2,5,2,4,1
35304,0,6,2,2,5,23,1,2,4,1,6,1,2,2,1,0,1,4,1,1,2,6,2,4,1
30658,1,8,7,3,1,20,13,5,7,4,8,8,2,5,1,0,1,3,1,1,2,3,2,2,1
25276,0,6,4,4,1,2,13,3,2,4,7,1,2,2,1,0,2,2,1,2,2,4,2,3,1
6998,1,9,1,4,1,20,13,3,7,4,3,1,2,2,1,0,4,3,1,1,2,3,2,3,1
3709,1,9,1,4,1,12,13,1,7,4,6,1,2,2,1,0,2,3,1,3,2,4,2,2,1
34393,0,9,3,4,1,18,12,1,10,5,2,1,2,2,1,0,1,4,1,1,2,5,2,4,1
33392,0,7,7,4,1,16,13,1,6,1,4,8,2,3,4,0,1,4,2,1,3,3,2,2,1
14,0,8,6,4,1,14,13,1,7,3,3,8,3,2,1,0,1,1,1,1,3,3,2,2,1
1972,1,5,5,4,1,21,13,3,2,2,8,1,2,2,1,0,2,3,1,3,2,3,2,2,1
16508,1,2,1,4,1,21,1,2,2,1,3,1,2,3,4,0,3,1,1,3,2,3,2,2,1
9780,1,6,2,4,1,21,10,3,7,4,10,1,2,2,1,0,2,1,1,2,2,4,2,4,1
21441,0,9,2,4,1,7,13,1,7,4,1,1,2,2,1,0,2,2,1,2,2,5,2,5,1
23153,0,3,3,2,5,14,1,1,8,1,6,8,3,3,4,0,1,2,1,1,4,3,2,2,1
22137,0,4,7,4,5,17,1,1,10,1,10,8,2,2,1,0,3,2,1,3,2,3,2,2,1
18577,0,7,7,4,1,23,13,2,7,4,10,1,2,2,1,0,2,3,1,2,2,3,2,3,1
25802,0,11,6,4,1,18,19,1,7,4,10,1,2,2,1,0,2,2,1,2,2,3,2,2,1
8424,1,6,4,4,1,23,13,3,8,2,6,1,2,2,1,0,1,3,1,1,2,5,2,2,1
23863,1,8,6,4,1,6,10,1,2,4,4,1,2,2,1,0,2,2,1,2,2,4,2,4,1
10550,0,3,3,4,1,16,13,1,10,1,8,1,2,3,4,0,3,1,1,2,2,5,2,2,1
36621,0,5,5,2,5,20,1,3,2,1,9,1,3,2,1,0,1,3,2,1,2,3,2,2,1
19020,0,10,5,4,4,14,13,1,2,1,4,1,2,3,4,0,1,1,1,1,2,3,2,2,1
3639,1,7,7,4,1,13,12,1,7,4,4,1,2,2,1,0,2,3,1,3,2,3,2,2,1
11447,0,4,3,4,1,23,13,3,2,2,12,1,2,2,1,0,3,1,1,4,2,3,2,4,1
17021,0,4,1,4,4,14,13,1,8,1,4,8,2,3,4,0,1,2,1,1,3,3,2,2,1
18495,0,3,1,4,1,7,13,4,2,3,3,1,2,2,1,0,1,2,1,1,2,3,2,2,1
29012,1,8,5,4,1,17,13,1,2,2,8,1,2,2,1,0,1,1,1,1,2,4,3,4,1
31465,0,4,4,3,1,17,18,2,10,5,11,1,2,2,1,0,1,1,1,1,2,6,2,4,1
28751,1,4,7,4,5,13,1,1,4,1,11,7,3,3,4,0,1,2,1,1,2,3,2,3,1
4736,0,4,1,4,4,23,13,2,2,1,7,8,2,3,4,0,1,1,1,1,3,3,2,2,1
24031,1,5,7,4,1,20,13,3,4,4,8,1,2,2,1,1,2,1,1,2,2,4,2,3,1
36222,0,9,1,4,5,19,1,1,10,1,5,8,3,2,1,0,1,1,1,1,4,3,2,2,1
8272,1,4,2,4,1,17,13,1,7,4,8,1,2,2,1,0,8,3,1,1,2,5,2,2,1
1654,0,8,5,4,1,13,13,1,2,4,7,8,3,2,1,0,4,2,1,1,4,3,2,2,1
36337,0,8,7,4,1,7,13,1,7,4,7,1,3,2,1,0,8,3,1,1,2,5,2,3,1
12082,1,8,3,2,4,14,13,1,2,1,7,1,2,3,4,0,1,3,1,1,2,3,2,2,1
29547,0,8,3,2,5,13,1,1,7,1,10,1,2,2,1,0,8,4,1,1,2,5,2,5,1
3481,1,9,3,4,1,16,7,1,7,2,5,1,2,2,1,0,1,3,1,1,2,3,2,3,1
8596,1,10,6,2,4,16,13,1,7,1,7,1,2,3,4,0,1,1,1,1,2,3,2,2,1