id,Severity,age_classes,day_week,DEFORMED_classes,m_harm_classes,hour,impact1_classes,lgt_cond,make,man_coll,month,p_crash1,pcrash4,pcrash5,rel_road,reljct1,reljct2,rest_use,sex,typ_int,valign,vnum_lan,vsurcond,vtrafway,weather_classes
14839,1,12,7,4,1,18,13,1,5,4,6,1,2,2,1,0,8,1,1,1,2,5,2,5,1
3383,0,5,7,4,1,23,3,2,4,5,6,7,3,2,1,0,1,1,1,1,5,3,2,3,1
20198,0,2,6,2,1,14,13,1,8,4,8,8,2,2,1,0,8,1,1,1,2,5,2,2,1
15777,1,3,2,4,1,18,21,3,4,1,11,7,2,3,7,0,1,1,1,1,3,3,2,3,1
4070,0,7,7,2,1,2,7,2,7,2,10,2,2,2,1,0,1,1,1,1,2,3,2,3,1
15424,0,5,7,3,1,2,13,2,7,2,3,1,2,2,1,0,1,2,1,1,2,5,2,4,1
22784,0,9,5,4,1,6,13,3,8,2,3,1,2,2,1,0,1,3,1,1,2,5,2,4,1
4951,0,6,1,4,5,19,1,1,7,1,8,8,2,2,1,0,1,3,1,1,4,3,2,2,1
415,1,3,7,4,5,14,15,1,10,1,3,8,2,3,4,1,5,2,1,1,3,3,2,7,1
8677,0,4,5,4,1,7,13,1,2,2,5,1,3,2,1,0,8,2,1,1,2,3,2,2,1
16070,1,5,6,4,1,23,13,3,10,2,4,1,2,2,1,0,1,3,1,1,2,4,2,3,1
9719,0,12,6,4,5,12,1,1,10,3,6,8,2,2,1,0,1,1,1,1,3,3,2,2,1
15737,0,10,6,4,1,5,13,2,10,2,10,1,2,2,1,0,1,1,1,1,2,3,2,5,1
34409,1,9,5,4,1,24,13,3,7,2,4,1,2,2,1,0,1,3,1,1,2,4,2,4,1
20516,0,9,7,3,1,18,2,5,7,5,2,7,2,2,1,0,1,1,1,1,2,4,2,4,1
34233,0,5,7,2,1,8,7,1,7,2,6,5,2,2,1,0,3,3,1,2,2,6,3,2,1
36544,0,4,7,2,1,14,13,1,4,1,6,1,3,3,4,0,1,4,1,1,2,3,2,2,1
11097,0,5,1,4,1,4,13,2,7,1,5,8,2,3,4,0,1,3,1,1,4,3,2,2,1
2115,1,10,3,3,1,18,5,3,7,4,2,1,2,2,1,0,2,2,1,2,2,5,2,5,1
19024,1,11,1,4,1,12,13,1,7,4,4,1,2,2,1,0,8,1,1,1,2,3,2,2,1
18967,1,4,7,4,1,20,13,2,2,3,10,8,2,2,1,0,1,1,1,1,4,3,2,2,1
7499,1,10,7,3,4,15,13,1,2,1,9,8,2,3,4,0,1,2,2,1,4,3,2,2,1
7240,0,8,7,4,1,20,13,2,10,3,5,8,2,2,1,0,1,2,1,1,3,3,2,2,1
31932,1,3,6,4,3,2,13,2,4,1,9,8,2,3,4,0,3,1,1,6,4,3,2,2,1
13845,0,9,3,4,1,14,13,1,7,4,11,8,2,2,1,0,2,2,1,2,3,5,2,5,1
12255,1,10,4,4,1,7,4,1,7,4,6,8,2,2,1,0,2,2,1,2,2,3,2,4,1
2477,0,10,5,3,1,13,13,1,4,2,7,5,2,2,1,0,8,3,1,1,2,3,2,2,1
33676,0,8,6,3,5,6,1,4,7,1,5,8,2,2,1,0,1,4,2,1,3,3,2,2,1
29423,0,8,4,2,5,20,1,1,2,1,6,8,2,3,4,0,3,4,2,3,2,3,9,2,1
18196,0,12,4,4,1,10,10,1,7,6,7,8,2,2,1,0,1,1,1,1,3,3,2,2,1
34030,0,11,1,4,1,14,13,1,8,4,6,8,2,2,1,0,1,4,1,1,5,3,2,2,1
2671,1,10,3,4,1,7,13,1,10,4,8,8,2,2,1,0,8,1,1,1,3,3,2,2,1
2579,0,7,1,4,1,17,13,1,7,4,4,1,2,2,1,0,2,1,1,2,2,3,2,2,1
4037,1,3,3,4,1,12,12,1,8,4,7,1,2,2,1,0,2,1,1,3,2,3,2,5,1
11502,0,13,1,4,2,10,13,1,7,1,3,1,2,2,1,0,1,1,1,1,2,4,2,4,1
2649,0,2,1,4,5,2,13,2,10,1,11,8,2,2,1,0,1,1,1,1,3,3,2,4,1
31119,1,7,5,2,1,21,13,3,4,2,5,5,2,2,1,0,1,4,1,1,2,6,2,4,1
4964,0,8,3,3,1,11,13,1,7,2,8,2,3,2,1,0,1,3,1,1,2,3,2,3,1
1978,0,5,1,4,5,20,1,2,7,1,9,8,2,3,4,0,2,3,1,3,3,3,2,2,1
20748,1,5,6,4,1,17,13,1,1,4,7,1,2,2,1,0,2,1,1,2,2,3,2,3,1
18676,0,6,3,4,1,12,13,1,4,4,5,1,3,2,1,0,2,3,1,2,2,3,2,3,1
31121,1,7,5,4,1,21,13,3,4,2,5,1,2,2,1,0,1,4,1,1,2,6,2,4,1
6364,1,5,3,4,1,7,13,4,4,4,10,1,2,2,1,0,2,1,1,2,2,3,2,2,1
18020,0,3,2,4,1,1,13,3,2,1,6,8,2,3,4,0,3,1,1,4,4,3,3,2,1
31972,1,11,6,2,1,10,13,1,7,4,11,8,2,2,1,0,8,3,1,1,2,3,2,3,1
3490,0,7,7,4,5,15,1,1,10,1,6,8,2,3,4,0,1,3,2,1,3,3,2,2,1
288,1,6,7,4,1,10,13,1,2,3,6,8,2,2,1,0,1,3,1,1,3,3,2,2,1
35422,0,7,1,4,5,11,1,1,7,1,11,1,2,2,1,1,12,1,2,1,2,5,2,4,1
22998,0,5,7,3,5,13,1,1,2,1,8,1,3,2,1,0,1,3,1,1,2,3,2,2,1
3986,1,8,1,4,4,18,13,1,4,1,3,1,2,3,4,0,1,1,1,1,2,3,2,2,1
9779,0,6,4,4,1,15,13,1,4,4,10,1,2,2,1,0,2,1,1,3,2,3,2,2,1
29614,1,6,3,4,1,9,3,1,7,4,10,7,2,2,1,0,2,1,1,2,2,3,2,2,1
15421,0,8,5,3,1,16,13,1,7,2,2,7,2,2,1,0,1,2,1,1,2,6,2,4,1
2953,1,4,2,4,1,23,13,2,10,2,6,7,2,2,1,0,1,1,1,1,2,5,2,4,1
16317,1,8,6,4,1,24,13,3,7,2,9,1,3,2,1,0,2,3,1,2,2,3,2,3,1
21095,1,8,1,4,5,14,10,1,7,1,6,8,2,3,3,0,1,3,1,1,5,5,2,3,1
7135,0,3,1,3,1,10,13,1,8,3,4,8,2,2,1,0,1,1,2,1,3,3,2,2,1
16550,1,12,7,4,1,22,10,3,10,4,6,1,2,2,1,0,2,1,1,2,2,3,2,2,1
24386,0,3,5,3,1,15,7,1,7,2,6,5,2,2,1,0,8,1,1,1,2,3,2,2,1
17659,1,4,2,4,5,8,1,1,8,1,9,1,2,2,1,0,2,1,1,2,2,3,2,5,1
11292,0,8,4,4,1,18,13,1,8,1,7,1,2,3,4,0,1,3,1,1,2,3,2,2,1
35964,1,4,5,4,5,18,1,1,6,1,8,7,3,3,4,0,1,3,2,1,4,2,2,6,1
118,1,10,1,4,5,15,13,1,7,1,2,1,2,2,1,0,1,3,1,1,2,3,2,2,1
29853,0,4,5,4,1,6,12,1,2,5,5,1,2,2,1,0,1,4,1,1,2,6,2,4,1
20257,0,4,6,2,1,12,10,1,2,4,8,8,2,2,1,0,2,1,1,3,2,5,2,2,1
11291,0,3,6,4,1,1,13,2,8,2,6,1,2,2,1,0,1,1,1,1,2,3,2,2,1
36429,0,7,7,4,3,10,2,1,7,1,11,8,3,3,4,0,1,1,1,1,4,4,2,4,1
7309,1,4,5,4,1,18,13,1,10,1,8,1,2,3,4,1,5,2,1,1,2,2,2,7,1
9912,0,10,5,4,1,15,13,1,7,3,5,1,2,3,2,0,3,2,1,2,2,3,2,2,1
36046,0,2,1,3,5,19,1,1,10,1,6,1,2,2,1,0,1,4,1,1,2,6,2,5,1
23944,0,4,5,2,5,13,1,1,10,1,11,1,2,2,1,0,1,1,1,1,2,6,2,4,1
10833,0,8,1,4,5,24,1,2,2,1,4,1,2,3,2,0,3,3,1,2,2,3,2,3,1
9249,1,3,6,2,5,24,13,3,7,1,4,8,2,3,4,0,1,3,1,1,3,3,2,2,1
15045,1,9,7,4,4,10,13,1,7,1,4,1,2,3,4,0,1,1,1,1,2,3,2,3,1
12950,1,4,1,4,1,16,13,1,7,4,4,1,3,2,1,0,2,1,1,3,2,3,2,2,1
8365,1,8,6,4,1,11,13,1,2,4,8,8,2,2,1,0,4,3,1,1,4,5,2,2,1
7597,1,7,7,4,5,1,14,2,7,1,6,8,2,3,4,0,1,1,1,1,3,3,2,3,1
18974,0,7,1,4,5,20,1,2,7,1,11,1,2,2,1,0,8,3,1,1,2,3,2,3,1
18922,1,6,3,4,1,16,13,1,7,4,6,1,2,2,1,0,2,3,1,2,2,3,2,2,1
13492,1,6,5,4,1,15,1,1,2,1,4,1,3,3,4,1,5,3,1,1,2,2,2,7,1
14734,1,4,3,4,1,18,13,1,2,4,6,1,2,2,1,0,8,1,1,1,2,3,2,2,1
10212,0,3,2,4,1,20,13,3,4,4,8,1,3,2,1,0,2,3,1,2,2,4,2,3,1
6413,1,3,4,4,3,22,13,3,4,1,11,8,2,3,4,0,1,1,1,1,3,3,2,2,1
26668,1,6,5,2,1,17,13,1,2,4,11,1,2,2,1,0,8,2,1,1,2,5,2,2,1
2977,0,4,6,4,1,19,13,1,8,4,5,1,2,2,1,0,4,1,1,1,2,4,2,6,1
4903,1,8,6,4,1,15,13,1,7,4,4,8,2,2,1,0,2,3,1,3,3,3,2,2,1
2816,1,3,2,3,1,10,13,1,8,4,8,1,3,2,1,0,4,1,1,1,2,5,2,2,1
16383,1,5,6,4,1,24,13,2,7,4,10,1,2,2,1,0,8,1,1,1,2,7,2,5,1
18807,0,7,6,4,1,16,13,1,7,3,7,8,2,2,1,0,1,2,1,1,4,3,2,2,1
23151,0,3,6,2,1,12,19,1,10,4,6,8,2,2,1,0,2,3,1,3,2,5,2,2,1
849,0,8,7,4,5,20,1,5,7,1,7,8,3,3,4,0,1,3,1,1,3,3,3,2,1
16557,1,11,3,4,1,20,13,5,7,4,4,1,2,2,1,0,8,3,1,1,2,3,2,4,1
12830,0,4,3,4,1,1,13,3,10,4,6,7,2,2,1,0,2,1,1,3,2,3,2,2,1
13463,1,6,6,4,1,21,13,3,10,4,8,1,2,2,1,0,4,1,1,1,2,5,2,2,1
265,1,8,6,4,1,12,13,1,10,4,12,1,2,2,1,0,2,3,1,3,2,5,2,5,1
13755,1,8,1,4,3,2,1,2,7,1,7,8,3,2,1,0,1,3,1,1,3,3,2,2,1
10726,1,9,7,4,1,12,13,1,7,4,10,1,2,2,1,0,2,2,1,2,2,3,2,2,1
21431,0,7,7,4,5,13,1,1,8,1,10,8,2,3,4,0,1,2,1,1,3,4,2,2,1
3290,1,9,5,4,1,13,13,1,7,4,5,1,2,2,1,0,2,1,1,2,2,3,2,3,1
1779,1,4,7,4,1,23,13,3,7,4,8,1,2,2,1,0,2,3,1,2,2,3,2,2,1
14070,1,6,4,4,1,6,13,4,7,3,8,1,2,2,1,0,1,1,1,1,2,3,2,2,1
504,1,4,1,4,1,20,13,3,2,4,6,1,2,2,1,0,2,2,1,2,2,4,2,2,1
26261,0,8,1,2,5,13,1,1,7,1,8,8,3,3,5,0,1,3,1,1,4,3,2,2,1
13952,1,8,1,4,1,19,13,1,7,1,9,8,3,3,4,0,1,3,1,1,4,3,2,2,1
34525,1,9,2,4,1,14,13,1,7,4,12,1,3,2,1,0,2,3,1,2,2,5,2,2,1
21686,0,6,6,2,5,20,1,5,7,1,6,8,2,2,1,0,2,3,1,2,2,5,2,2,1
18731,0,6,5,4,2,23,13,2,7,1,7,8,2,3,4,0,1,3,1,1,4,3,2,2,1
23504,1,4,4,2,1,9,13,1,2,2,8,5,2,2,1,0,3,3,1,2,2,4,2,3,1
19313,0,12,7,3,1,12,13,1,7,4,6,1,2,2,1,0,8,3,1,1,2,5,2,5,1
31701,0,5,1,2,4,14,13,1,8,1,6,8,2,3,4,0,3,2,1,3,3,3,2,2,1
4755,1,8,3,4,1,16,13,1,7,4,8,1,2,2,1,0,2,1,1,3,2,3,2,2,1
6634,0,3,4,4,1,18,13,5,10,4,1,8,2,2,1,0,2,3,1,3,3,3,2,3,1
2692,0,8,7,4,1,24,13,2,7,4,9,1,2,2,1,0,1,1,1,1,2,3,2,2,1
23914,0,3,4,2,5,15,1,1,4,1,11,2,3,2,1,0,1,1,1,1,2,5,2,2,1
32087,0,11,4,2,1,16,7,1,8,2,8,2,2,2,1,0,1,4,1,1,2,3,2,2,1
2643,0,4,7,4,1,14,1,1,8,1,10,1,3,2,1,0,1,1,1,1,2,3,2,2,1
19473,1,9,1,3,3,1,13,3,3,1,7,8,2,3,10,0,1,2,1,1,5,4,2,6,1
7760,0,10,4,4,1,21,13,2,3,4,7,1,2,2,1,0,2,3,1,4,2,3,2,2,1
24542,0,7,6,2,1,6,2,2,7,1,8,1,2,2,1,0,1,1,1,1,2,3,2,2,1
9938,0,6,4,4,4,19,13,1,2,1,7,8,2,3,4,0,1,3,1,1,4,3,2,2,1
15861,1,8,4,4,1,15,13,1,10,1,6,1,2,3,4,0,1,1,1,1,2,3,2,2,1
29538,0,7,1,2,1,22,7,1,2,2,9,2,2,2,1,0,2,3,1,2,2,3,2,4,1
15746,0,6,1,4,1,16,13,1,1,6,10,8,2,2,1,0,1,1,2,1,4,3,2,2,1
20803,0,5,2,2,5,16,1,1,11,1,10,1,2,2,1,0,1,2,2,1,2,3,2,3,1
24188,0,7,4,4,5,20,13,3,10,1,7,1,2,3,4,0,1,1,1,1,2,3,2,2,1
14306,0,3,7,4,1,24,13,2,4,1,6,8,2,3,4,0,1,2,1,1,4,3,2,5,1
7293,0,4,1,4,5,10,1,1,8,1,11,8,3,2,1,0,1,2,1,1,3,3,2,2,1
32521,0,7,6,4,5,16,1,1,7,1,5,1,2,2,1,0,1,3,1,1,2,4,2,4,1
31602,1,3,5,3,1,14,12,1,8,5,4,7,2,2,1,0,2,1,1,2,2,3,2,6,1
17637,0,4,7,4,5,22,1,2,8,1,7,8,2,2,1,0,1,1,1,1,4,3,2,2,1
4738,0,5,1,4,1,18,13,1,4,1,7,1,2,3,7,0,1,1,1,1,2,3,2,2,1
8923,0,6,1,4,1,21,13,2,2,2,8,1,2,2,1,0,1,3,1,1,2,3,2,2,1
25149,1,3,7,4,1,20,13,3,8,3,4,1,2,2,1,0,1,1,1,1,2,3,2,2,1
8040,0,5,5,4,1,17,19,1,4,5,8,1,2,2,1,0,2,1,1,3,2,4,2,5,1
8123,1,11,6,4,5,10,1,1,10,1,4,8,2,3,4,0,1,1,1,1,3,3,2,2,1
13525,0,5,5,4,1,13,10,1,8,4,7,1,2,2,1,0,2,3,1,2,2,3,2,2,1
11977,1,8,2,4,5,17,1,1,7,1,7,8,2,3,4,0,1,3,1,1,3,5,2,4,1
8935,0,6,6,4,1,9,13,1,2,3,9,1,2,2,1,0,1,1,1,1,2,3,2,2,1
5161,0,3,1,4,1,3,1,3,2,1,4,8,3,2,1,0,1,3,1,1,3,3,2,2,1
1792,0,7,7,4,1,21,13,2,7,1,9,1,2,2,1,0,1,3,1,1,2,3,2,2,1
16654,0,7,5,4,1,21,13,3,7,4,3,1,2,2,1,1,5,3,1,1,2,6,3,6,1
19867,1,9,5,4,1,18,13,1,10,3,8,1,2,2,1,0,2,1,1,3,2,3,2,2,1
17381,0,9,7,4,4,21,4,2,7,1,6,1,2,3,4,0,1,2,1,1,2,3,2,2,1
23299,0,7,7,1,1,11,13,1,10,2,4,1,2,2,1,0,1,3,1,1,2,3,2,3,1
15461,0,6,7,4,4,19,13,2,7,1,4,8,3,3,4,0,1,2,1,1,3,3,2,2,1
8134,1,8,5,4,1,15,13,1,2,3,5,8,2,2,1,0,1,1,1,1,3,3,2,2,1
15086,0,6,2,4,1,21,13,3,8,1,8,8,2,3,4,0,1,1,1,1,4,3,2,2,1
17175,1,7,3,2,5,20,15,3,7,1,5,1,3,3,3,0,3,1,1,2,2,2,2,3,1
10720,1,7,6,4,5,11,1,1,8,1,9,7,2,2,1,0,1,2,1,1,2,4,2,3,1
22743,0,10,4,2,1,10,10,1,7,5,10,1,2,2,1,0,8,2,1,1,2,3,2,5,1
1345,1,9,2,4,1,14,13,1,7,4,10,7,2,2,1,0,2,3,1,3,2,3,2,2,1
23687,1,7,7,4,5,17,1,1,7,1,6,1,2,2,1,1,12,2,1,1,4,3,2,6,1
10523,1,4,2,4,1,13,13,1,7,4,6,8,2,2,1,0,2,2,1,2,3,3,2,2,1
3878,0,8,2,4,1,19,13,1,7,2,5,1,2,2,1,0,1,3,1,1,2,3,2,3,1
14055,1,3,3,4,1,12,12,1,8,4,7,1,2,2,1,0,2,1,1,3,2,3,2,5,1
10435,0,5,5,4,1,19,13,5,4,3,3,8,2,2,1,0,1,2,1,1,3,3,2,2,1
7447,1,5,1,4,1,16,13,1,2,2,10,1,2,2,1,0,3,2,1,3,2,5,2,2,1
1547,0,4,2,4,1,19,13,1,8,1,8,8,3,3,4,0,1,3,1,1,4,3,2,2,1
27877,0,9,2,2,5,14,1,1,10,1,5,8,2,2,1,0,1,1,1,1,3,3,2,2,1
12183,1,10,3,4,1,22,13,3,7,4,8,1,2,2,1,0,2,1,1,2,2,5,2,5,1
12349,1,4,7,4,1,20,1,3,4,1,4,1,2,2,1,0,1,2,1,1,2,5,2,5,1
2038,0,9,6,2,4,14,13,1,10,1,3,8,3,3,4,0,1,1,1,1,5,3,2,2,1
29739,0,7,2,2,1,21,21,2,7,5,5,5,2,2,1,0,1,1,1,1,4,3,2,2,1
32754,0,4,7,3,1,20,7,3,2,2,4,2,2,2,1,0,1,1,2,1,2,6,2,4,1
8223,0,9,1,4,1,21,13,2,7,4,8,1,2,2,1,0,2,1,1,3,2,5,3,2,3
18697,0,3,2,4,1,18,12,1,2,4,5,8,2,2,1,0,1,2,1,1,3,3,2,2,1
8878,1,8,7,4,5,13,1,1,7,1,4,1,2,3,3,0,1,1,1,1,2,3,2,3,1
30958,0,5,1,2,1,14,22,1,7,5,1,5,2,2,1,0,1,4,1,1,2,3,2,3,1
12312,0,7,1,4,1,1,18,2,4,5,6,1,2,2,1,0,1,1,1,1,2,4,2,4,1
5739,1,3,6,4,1,19,13,2,10,2,12,1,2,2,1,0,1,2,1,1,2,6,2,4,1
7528,1,11,6,4,1,12,13,1,7,1,4,1,2,3,6,0,1,1,1,1,2,3,2,3,1
28922,0,11,4,4,1,10,7,1,8,2,2,5,2,2,1,0,1,2,1,1,5,3,2,3,3
23338,0,3,5,4,1,16,13,1,7,2,5,1,2,2,1,0,1,3,1,1,2,4,2,4,1
1948,1,4,3,4,1,18,13,1,7,3,4,8,2,2,1,0,2,3,1,3,3,3,2,2,1
6051,0,4,3,4,1,21,13,3,2,4,4,1,3,2,1,0,2,1,1,3,2,3,2,3,1
5352,0,7,3,4,5,15,1,1,7,1,1,8,2,3,5,0,1,1,1,1,3,3,2,2,1
2356,0,7,1,4,5,19,1,1,10,1,6,1,2,3,3,0,1,2,1,1,2,3,2,3,1
22972,0,4,6,4,1,23,13,2,10,1,7,1,2,2,4,0,1,3,1,1,2,3,2,4,1
26136,0,7,3,4,1,16,13,1,4,4,3,1,2,2,1,0,1,2,1,1,2,3,2,2,1
6793,0,10,6,4,5,5,18,4,7,5,9,1,2,2,1,0,1,3,1,1,2,3,2,3,1
13144,0,4,6,4,1,21,4,2,8,3,5,1,2,2,1,0,1,1,1,1,2,3,2,2,1
26333,1,5,7,4,1,22,13,3,8,4,5,1,2,2,1,0,2,2,1,2,2,5,2,2,1
35844,0,4,2,2,1,19,13,2,7,2,1,1,2,2,1,0,1,1,2,1,2,3,2,4,1
10051,1,10,7,4,3,8,9,1,7,1,6,1,2,3,4,0,1,1,2,1,2,3,2,2,1
31834,0,7,4,4,1,22,13,2,7,2,4,1,2,2,1,0,2,3,1,2,2,5,3,4,1
15124,1,4,7,4,1,22,13,2,2,4,10,1,2,2,1,0,2,1,1,2,2,3,2,2,1
6099,1,7,1,4,1,20,13,3,7,3,4,1,2,2,1,0,2,3,1,2,2,3,2,3,1
13106,1,4,2,4,1,9,13,1,10,4,12,1,2,2,1,0,2,3,1,2,2,5,2,5,1
12426,1,8,7,4,1,22,12,2,2,6,8,8,2,2,1,0,1,2,1,1,3,3,2,2,1
1294,1,8,1,4,5,13,13,1,7,3,9,8,2,2,1,0,1,2,1,1,4,3,2,2,1
25520,1,7,2,4,3,16,13,1,7,1,5,8,2,3,4,0,1,3,1,1,4,3,2,2,1
12684,0,12,5,4,1,12,13,1,7,2,7,1,3,2,1,0,1,1,1,1,2,3,2,4,1
12895,0,8,1,4,4,12,13,1,7,1,9,8,2,3,4,0,1,3,1,1,3,3,2,2,1
10134,0,9,7,4,5,12,1,1,9,1,2,8,2,3,2,0,1,1,1,1,4,3,2,4,1
18785,0,13,2,2,5,15,1,1,2,1,8,8,3,3,4,0,1,2,1,1,4,3,2,2,1
27240,0,9,3,4,5,12,1,1,7,1,4,1,3,2,1,0,3,2,1,3,2,5,2,5,1
13142,1,8,5,4,1,15,13,1,2,3,5,8,2,2,1,0,1,1,1,1,3,3,2,2,1
20319,0,5,7,2,5,10,1,1,2,1,7,1,3,2,1,0,1,2,1,1,2,3,2,4,1
15363,1,10,6,4,4,12,13,1,2,1,12,8,2,3,4,0,1,3,1,1,4,3,2,2,1
31078,1,4,6,2,1,7,19,1,8,7,5,7,2,2,1,0,1,1,1,1,2,6,2,4,1
8267,0,4,2,4,1,18,13,3,10,1,11,1,2,2,1,0,1,1,1,1,2,5,2,2,1
24481,0,9,1,2,1,12,7,1,1,2,5,5,2,2,1,0,3,1,1,1,2,6,2,5,1
8896,1,3,1,4,1,1,13,2,7,4,5,1,2,2,1,0,2,3,1,2,2,3,2,3,1
28310,0,3,4,4,5,20,1,2,10,1,5,1,2,3,2,0,1,1,1,1,2,3,2,2,1
15981,1,6,2,4,1,24,13,2,7,2,9,1,3,2,1,0,1,2,2,1,2,5,2,3,1
7646,0,4,2,4,1,11,1,1,8,1,9,8,3,2,1,0,1,1,1,1,3,3,2,2,1
32728,0,7,2,4,3,21,13,3,10,1,2,1,3,3,4,0,1,1,2,1,2,3,2,4,1
57,1,5,7,4,1,12,13,1,2,4,8,1,2,2,1,0,2,1,1,3,2,3,2,3,1
34606,0,9,7,4,5,16,1,1,7,1,1,1,2,3,3,0,1,3,1,1,2,3,2,3,1
34609,1,3,2,4,5,16,1,1,10,1,1,1,2,3,4,0,1,4,1,1,2,4,2,4,1
32505,1,5,6,4,1,15,13,1,4,4,10,1,2,2,1,0,2,4,1,3,2,3,2,3,3
9087,1,6,1,4,2,16,13,1,10,1,9,8,2,3,4,0,1,1,1,1,4,3,2,2,1
4855,0,4,7,4,1,9,13,1,4,2,9,1,2,2,1,0,1,1,1,1,2,3,2,2,1
13303,1,7,4,3,5,22,13,3,7,4,5,1,2,2,1,0,2,3,1,3,2,3,2,2,1
16707,1,10,4,4,5,16,1,1,7,1,4,8,2,3,4,0,1,3,1,1,4,3,2,2,1
25552,1,5,6,4,1,13,18,1,8,5,7,1,2,2,1,0,3,3,1,2,2,4,2,3,1
34903,1,7,5,4,5,21,1,3,7,1,4,1,2,2,1,0,1,3,1,1,2,5,2,3,1
16434,0,11,1,4,1,15,13,1,7,4,11,1,2,2,1,0,1,1,1,1,2,3,2,2,1
1085,1,11,5,4,1,10,13,1,7,4,4,7,2,2,1,0,2,3,1,3,2,3,2,2,1
18782,1,5,1,4,1,3,11,3,10,6,7,1,2,2,1,0,2,2,1,3,2,3,2,2,1
16244,1,7,5,4,5,23,13,2,7,1,5,1,2,3,3,0,1,3,1,1,2,2,2,3,1
9812,1,6,7,4,1,10,13,1,6,4,4,1,2,2,1,0,2,1,1,2,2,5,2,5,1
21726,1,10,6,4,1,3,18,2,10,5,4,1,2,2,1,0,1,1,1,1,2,7,2,4,1
12311,0,6,1,4,1,1,21,2,4,5,6,1,2,2,1,0,1,1,1,1,2,4,2,4,1
36077,0,2,6,4,1,14,13,1,8,4,8,1,2,2,1,0,8,4,1,1,2,6,2,2,1
10422,1,7,7,4,1,8,13,1,7,4,3,1,2,2,1,0,2,2,1,3,2,7,2,5,1
20595,0,5,6,2,1,24,6,3,7,4,8,8,2,2,1,0,2,3,1,2,2,5,2,4,1
5026,0,5,1,4,5,17,12,1,4,6,3,8,2,2,1,0,1,1,1,1,3,3,2,2,1
35783,0,5,1,4,1,14,13,1,8,4,6,1,3,2,1,0,8,2,1,1,3,3,2,2,1
20358,1,11,3,3,1,15,13,1,7,2,10,5,2,2,1,0,3,1,1,2,2,3,2,2,1
7770,0,4,3,4,1,20,13,3,4,4,4,1,2,2,1,0,2,1,1,3,2,3,2,3,1
12065,0,5,2,3,1,16,13,1,2,4,5,1,3,2,1,0,2,3,1,2,2,3,2,6,1
13181,1,9,7,3,1,15,13,1,2,4,3,1,2,2,1,0,8,1,1,1,2,3,2,2,1
28949,0,5,5,2,1,17,21,1,7,4,6,1,2,2,1,0,8,2,1,1,2,5,2,2,1
32094,0,7,1,4,1,19,13,2,7,2,10,1,2,2,1,0,1,4,1,1,2,4,2,4,3
20791,0,5,4,2,1,8,1,1,10,1,8,5,2,2,1,0,1,2,1,1,2,5,2,5,1
20544,0,3,5,3,1,1,18,3,2,5,3,1,2,2,1,0,2,3,1,2,2,4,2,4,1
16622,1,12,7,4,1,15,12,1,1,5,10,8,2,2,1,0,2,1,1,3,3,3,2,2,1
15680,0,4,1,4,1,22,13,3,2,2,10,1,2,2,1,0,1,2,1,1,2,7,2,4,1
8476,0,3,1,4,1,7,13,4,2,3,3,1,2,2,1,0,1,3,1,1,2,3,2,2,1
902,1,10,6,4,1,13,13,1,7,4,5,1,2,2,1,0,2,3,1,4,2,3,2,2,1
9840,0,8,6,4,5,23,1,2,7,1,8,1,2,3,5,1,5,1,1,1,2,2,2,7,1
32446,0,5,2,4,1,19,13,3,10,4,3,8,2,2,1,0,1,3,1,1,4,3,2,3,1
11458,0,6,4,4,1,17,13,1,4,4,10,1,2,2,1,0,2,3,1,2,2,4,2,3,1
20963,0,3,3,2,1,15,7,1,10,2,6,5,2,2,1,0,3,1,1,4,2,2,2,3,1
6080,0,6,1,4,1,9,13,1,1,2,4,1,2,2,1,0,1,1,1,1,2,4,2,4,1
4944,1,3,2,2,1,19,13,5,2,4,7,7,2,2,1,0,8,3,1,1,2,3,2,2,1
23296,1,4,3,4,1,18,13,1,7,3,4,8,2,2,1,0,2,3,1,3,3,3,2,2,1
17559,0,4,2,4,4,16,13,1,2,1,5,8,2,3,6,0,2,3,1,3,2,3,2,2,1
27579,0,3,7,4,5,1,1,3,8,1,5,8,3,2,1,0,3,2,1,2,4,3,2,4,1
438,0,4,3,4,1,9,1,1,2,1,5,1,3,2,1,0,2,2,1,3,2,3,2,3,1
11393,1,8,6,4,1,14,13,1,3,4,10,1,2,2,1,0,2,3,1,2,2,3,2,2,1
12532,1,7,7,4,4,20,13,2,7,1,4,1,2,3,6,0,1,1,1,1,2,3,2,2,1
29324,1,7,1,2,1,14,13,1,7,4,4,8,2,6,1,0,8,4,1,1,1,1,1,1,1
10241,0,10,7,4,1,14,18,1,7,4,10,1,2,2,1,0,2,1,1,2,2,3,2,2,1
27472,0,10,2,4,1,8,5,1,7,4,8,1,3,2,1,1,12,2,1,1,2,4,2,4,1
23145,0,8,4,4,1,16,18,1,10,6,5,1,2,2,1,0,1,2,1,1,2,3,2,2,1
36403,1,5,6,4,1,16,3,1,7,4,10,1,2,2,1,0,2,3,1,3,2,4,2,2,1
5386,0,8,4,4,5,12,1,1,7,1,2,8,3,2,1,0,1,1,1,1,4,3,2,2,1
19678,0,5,4,4,4,17,13,1,10,1,6,8,2,3,6,0,1,1,1,1,4,3,2,2,1
29060,0,6,6,2,5,18,1,1,2,1,8,8,3,3,4,0,1,2,1,1,4,3,2,2,1