id,Severity,age_classes,day_week,DEFORMED_classes,m_harm_classes,hour,impact1_classes,lgt_cond,make,man_coll,month,p_crash1,pcrash4,pcrash5,rel_road,reljct1,reljct2,rest_use,sex,typ_int,valign,vnum_lan,vsurcond,vtrafway,weather_classes
16607,0,6,1,4,1,23,13,2,4,2,10,1,3,2,1,0,1,1,1,1,2,3,2,2,1
29554,1,5,7,3,1,19,13,3,4,2,1,7,2,2,1,0,8,1,1,1,2,4,2,4,1
5788,1,5,3,4,1,6,21,4,10,5,11,1,2,2,1,0,1,2,1,1,2,6,2,4,1
26908,0,6,7,4,1,11,13,1,4,1,12,1,2,2,1,0,3,2,1,2,2,5,2,2,1
6575,1,11,7,3,5,15,13,1,2,1,9,8,2,3,4,0,1,1,1,1,3,3,2,2,1
1506,1,6,3,4,1,11,11,1,7,7,5,1,3,2,1,0,1,2,1,1,2,3,2,2,1
6637,0,7,5,4,1,21,13,3,7,4,3,1,2,2,1,1,5,3,1,1,2,6,3,6,1
33816,0,3,4,4,5,12,1,1,2,1,4,7,3,2,1,0,2,4,1,2,2,4,2,6,1
33689,0,4,4,4,1,18,13,1,8,4,9,1,2,2,1,0,2,4,1,2,2,6,2,2,1
12696,1,4,7,4,1,11,13,1,2,4,5,1,2,2,1,0,2,1,1,2,2,5,2,4,1
58,0,6,2,4,1,21,13,3,8,1,8,8,2,3,4,0,1,1,1,1,4,3,2,2,1
3379,1,5,1,2,5,20,13,5,7,1,6,8,2,3,4,0,1,3,1,1,3,3,2,2,1
15327,1,9,7,4,1,20,13,3,7,3,7,8,2,2,1,0,1,3,1,1,4,3,2,2,1
20302,0,5,7,2,1,21,7,1,7,2,6,4,2,2,1,0,3,2,1,2,2,5,2,2,1
18670,0,8,6,3,5,21,15,2,3,1,5,8,2,3,4,0,1,3,1,1,4,3,2,2,1
29751,1,9,6,4,1,15,13,1,2,2,8,1,2,2,1,0,1,1,1,1,2,4,2,4,1
29781,0,2,4,4,1,11,10,1,2,4,10,1,2,2,1,0,2,1,1,2,2,5,2,3,1
10835,0,8,2,4,2,24,2,3,2,1,4,1,2,3,4,0,1,3,1,1,2,6,2,4,1
6447,1,10,6,4,1,15,13,1,10,3,12,8,2,2,1,0,2,1,1,2,2,3,2,3,1
28637,1,4,3,4,1,18,13,3,10,4,11,1,2,2,1,0,2,3,1,3,2,3,2,2,1
5429,0,6,3,3,1,6,13,2,7,4,3,1,2,2,1,0,1,2,1,1,2,5,2,4,1
13264,1,8,7,4,1,14,4,1,7,5,10,1,2,2,1,0,1,1,1,1,2,3,2,2,1
29421,0,2,7,2,1,18,13,1,8,2,6,5,2,2,1,0,1,4,1,1,2,3,2,2,1
4421,0,6,5,3,1,22,10,3,7,4,8,1,2,2,1,0,2,3,1,3,2,5,2,5,1
6070,0,5,3,4,1,20,13,3,2,4,2,1,2,2,1,0,2,3,1,2,2,4,2,3,1
30328,1,3,7,4,1,20,13,2,2,4,9,1,2,2,1,0,8,4,1,1,2,3,2,2,1
19799,1,7,7,4,1,15,13,1,10,3,10,8,2,2,1,0,1,1,1,1,3,3,2,2,1
17649,1,11,1,2,1,19,13,1,2,1,8,8,2,3,5,0,1,1,1,1,4,3,2,2,1
30330,1,3,7,4,1,3,13,2,4,1,3,1,2,3,3,0,1,3,1,1,2,2,2,4,1
36564,0,6,3,4,1,17,13,1,10,2,7,1,2,2,1,0,1,4,1,1,2,4,2,4,2
13707,0,3,4,2,1,22,7,2,2,2,6,8,2,2,1,0,1,1,1,1,4,3,2,3,1
7873,0,8,2,4,4,19,13,5,2,1,4,8,2,3,5,0,1,3,1,1,3,3,2,3,1
14121,0,5,2,4,1,6,11,4,4,1,1,1,2,3,3,0,1,3,1,1,2,3,3,4,1
7829,1,7,1,2,5,20,1,3,8,1,8,1,3,2,1,1,11,1,1,1,2,6,3,4,1
8750,1,7,1,4,1,18,2,1,7,1,7,8,3,3,2,0,1,3,1,1,4,3,2,2,1
15663,0,10,1,2,1,22,22,3,7,5,9,1,2,2,1,0,1,2,1,1,2,5,2,4,1
9767,0,6,2,4,1,21,13,2,2,1,8,7,3,3,4,0,1,1,1,1,4,3,2,2,1
31615,0,8,6,2,1,9,8,1,7,2,5,5,2,2,1,0,1,1,1,1,2,3,2,4,1
25249,0,7,2,2,5,18,1,1,4,1,4,1,3,2,1,0,8,2,1,1,2,3,2,2,1
31870,1,6,6,1,1,18,10,1,2,4,5,1,2,2,1,0,2,3,2,2,2,3,2,2,1
27915,1,4,7,3,4,8,2,1,2,1,9,8,2,3,4,0,1,2,2,1,4,3,2,2,1
12771,1,6,7,4,1,24,13,3,7,2,8,1,2,2,1,0,1,3,1,1,2,5,2,3,1
31933,0,8,2,4,1,18,13,1,7,4,8,1,2,2,1,0,8,3,1,1,2,3,2,2,1
7350,0,3,3,4,1,4,13,2,10,2,5,1,2,2,1,0,1,2,1,1,2,3,2,3,1
28678,1,6,6,3,1,18,10,1,8,4,6,1,2,2,1,0,2,1,1,2,2,3,2,2,1
23479,0,8,2,2,1,17,1,1,7,1,6,5,2,2,1,0,1,3,1,1,3,5,2,2,1
7411,1,8,3,4,1,17,13,1,2,3,8,1,2,2,1,0,8,2,1,1,2,3,2,2,1
36229,1,11,7,3,5,14,1,1,10,1,5,1,2,3,4,0,1,1,1,1,2,3,2,2,1
19029,0,9,7,4,1,18,13,1,2,4,4,1,2,2,1,0,2,1,1,2,2,3,2,5,1
1464,1,6,7,4,1,17,13,3,7,4,12,1,2,2,1,0,2,3,2,3,2,5,2,5,1
7925,1,6,4,4,1,12,13,1,4,1,4,1,3,3,4,0,1,1,1,1,2,3,2,3,1
5669,0,4,1,4,1,14,13,1,8,4,10,1,2,2,1,0,8,2,1,1,2,3,2,3,1
29892,0,8,6,4,1,23,18,3,2,5,8,1,2,2,1,0,1,3,1,1,2,3,2,4,1
5703,0,8,7,3,1,11,8,1,7,1,10,1,2,2,1,0,1,1,1,1,2,3,2,2,1
30286,0,3,7,2,1,20,7,5,10,2,6,8,2,2,1,0,1,3,1,1,5,3,2,2,1
1666,1,6,1,4,5,16,13,1,7,2,11,1,2,2,1,0,1,3,1,1,2,5,2,5,1
10243,1,4,2,4,1,16,13,1,7,4,10,1,2,2,1,0,2,3,2,2,2,4,2,4,1
34138,0,4,6,2,1,18,18,1,4,4,6,1,2,2,1,0,2,4,1,3,2,6,2,5,1
5305,0,9,2,4,5,15,1,1,7,1,6,8,2,3,4,0,1,3,1,1,4,3,2,3,1
10783,1,4,4,4,1,22,13,3,4,3,12,1,2,2,1,0,2,1,1,2,2,4,2,3,1
16172,1,7,7,4,5,18,1,3,2,1,2,1,2,2,1,0,1,3,1,1,2,4,2,3,1
34940,1,3,4,4,1,14,21,1,8,4,8,8,2,2,1,0,2,3,1,3,2,4,2,3,1
17913,0,8,7,4,1,12,13,1,7,4,7,1,2,2,1,0,1,3,1,1,2,3,2,2,1
30440,0,6,4,4,1,17,13,1,8,4,10,1,2,2,1,0,8,3,1,1,2,7,2,5,1
18180,1,4,6,4,1,8,13,1,4,4,6,1,2,2,1,0,2,1,1,2,2,3,2,3,1
1261,0,3,2,4,1,24,13,2,2,4,8,1,2,2,1,0,8,1,1,1,2,5,2,5,1
10401,0,10,1,4,5,12,1,1,7,1,2,8,2,3,4,0,1,1,1,1,4,3,2,2,1
24153,1,8,5,4,1,11,10,1,7,4,3,7,2,2,1,0,8,1,1,1,2,3,3,2,1
18318,0,10,7,4,1,22,13,2,10,4,4,1,2,2,1,0,2,1,2,2,2,3,2,3,1
18903,1,7,2,4,1,19,7,1,4,2,5,1,2,2,1,0,1,3,1,1,2,3,2,3,1
16824,0,4,6,4,5,21,1,2,7,2,9,1,2,2,1,0,1,3,1,1,2,3,2,4,1
34194,0,3,2,3,1,12,13,1,7,4,9,1,2,2,1,0,2,3,1,3,2,6,2,5,1
981,0,5,4,4,1,20,1,2,2,1,2,1,2,2,1,1,5,1,1,1,2,2,2,7,1
28746,1,9,1,2,5,16,1,1,7,1,9,1,2,2,1,0,1,2,1,1,2,3,2,2,1
624,0,4,6,4,1,10,19,1,4,4,8,8,2,2,1,0,3,2,1,2,2,3,2,2,1
10755,1,8,1,4,1,15,13,1,2,2,10,1,2,2,1,0,1,1,1,1,2,3,2,3,1
27945,1,3,5,4,5,22,1,3,2,1,8,1,2,2,1,0,1,1,1,1,2,6,2,2,1
5476,1,6,5,3,1,15,13,1,4,4,5,8,2,2,1,0,2,2,1,2,4,5,2,2,1
5506,1,5,1,4,1,18,13,1,10,4,5,1,2,2,1,0,2,2,1,2,2,5,2,3,1
5752,1,10,3,4,4,7,13,1,7,1,11,8,2,3,3,0,1,1,1,1,4,4,2,4,1
68,1,6,6,4,1,17,13,1,4,4,9,1,2,2,1,0,2,1,1,2,2,3,2,2,1
3102,0,3,7,4,5,18,1,1,2,1,2,1,2,3,4,0,1,1,1,1,2,3,2,2,1
29447,1,7,6,4,1,18,18,1,7,7,8,1,2,2,1,0,1,4,1,1,2,4,2,4,1
18960,1,8,1,4,1,19,13,1,7,1,9,8,3,3,4,0,1,3,1,1,4,3,2,2,1
1601,0,9,7,4,5,11,13,1,2,1,6,8,2,3,4,0,1,1,1,1,4,3,2,2,1
2538,1,12,2,4,1,11,2,1,1,4,6,1,2,2,1,0,2,1,1,3,2,3,2,3,1
25296,0,6,6,2,1,20,22,1,2,2,8,1,2,2,1,0,1,2,1,1,2,6,2,4,1
15007,1,8,1,3,1,15,13,1,7,2,10,1,2,2,1,0,1,3,1,1,2,3,2,2,1
15784,1,3,7,4,1,14,13,1,4,4,12,1,2,2,1,0,2,1,1,2,2,3,2,2,1
17810,1,3,4,4,1,1,13,2,4,2,6,1,2,2,1,0,1,1,1,1,2,3,2,2,1
13637,1,2,7,4,1,18,2,1,4,4,3,1,3,2,1,0,2,2,1,2,2,3,2,3,1
2745,0,10,3,4,1,13,13,1,4,4,5,1,3,2,1,0,8,3,1,1,2,3,2,2,1
20272,0,4,5,2,1,15,13,1,2,2,10,1,2,2,1,0,1,1,1,1,2,5,2,2,1
5671,1,10,4,2,5,10,1,1,8,1,9,1,2,3,4,0,1,1,1,1,2,3,2,2,1
3637,0,4,2,4,1,12,13,1,2,4,4,7,3,2,1,0,8,2,1,1,2,5,2,2,1
44,1,7,4,4,1,11,4,1,7,4,6,1,2,2,1,0,8,1,1,1,2,3,2,2,1
5381,0,11,7,2,4,20,13,2,7,1,2,8,2,3,4,0,1,2,1,1,4,3,2,2,1
8867,0,10,1,4,1,18,3,1,7,4,3,1,2,2,1,0,8,3,1,1,2,4,2,3,1
2645,1,3,6,4,3,1,1,3,8,1,9,7,2,2,1,0,1,1,1,1,4,3,2,2,1
10107,0,2,7,4,1,9,18,1,2,4,11,1,2,2,1,0,8,3,1,1,2,3,2,2,1
6627,1,8,5,4,5,13,13,1,8,1,12,8,2,3,4,0,1,1,1,1,4,3,2,2,1
11433,1,8,7,3,1,17,13,1,10,2,10,1,2,2,1,0,1,3,1,1,2,4,2,3,1
29655,0,3,4,2,1,18,4,1,1,4,9,8,2,2,1,0,2,4,1,3,2,3,2,2,1
27781,0,3,2,4,4,18,4,1,8,4,7,8,2,3,1,0,1,2,1,1,3,3,2,2,1
34299,0,10,1,4,5,15,1,1,7,1,3,1,2,3,4,0,1,4,1,1,4,3,2,2,1
18478,0,7,7,4,5,9,13,1,7,1,11,8,3,3,5,0,1,3,1,1,5,3,2,2,1
15267,1,6,5,4,1,17,13,1,3,4,10,1,3,2,1,0,8,1,1,1,2,5,2,5,1
8651,0,4,1,3,5,20,1,5,10,1,5,8,3,2,1,0,1,3,1,1,4,3,2,2,1
5848,0,4,2,4,1,1,13,3,2,2,6,1,2,2,1,0,1,3,1,1,2,4,2,4,1
32508,0,3,2,4,1,6,13,1,7,2,12,7,3,2,1,0,3,4,1,2,2,5,2,4,3
7673,0,9,3,4,1,15,2,1,7,4,7,7,3,2,1,0,2,1,1,3,2,3,2,2,1
33400,0,2,2,4,5,19,1,5,2,1,5,8,2,2,1,0,1,4,1,1,3,3,2,4,1
18786,0,4,4,4,1,17,13,1,7,2,8,8,3,2,1,0,1,3,1,1,4,3,2,3,1
8988,1,9,6,3,5,13,1,1,7,1,9,7,2,3,4,0,1,3,1,1,2,3,2,2,1
24360,0,9,7,2,5,14,1,1,7,1,3,1,2,2,1,0,1,1,1,1,2,5,2,2,1
12190,1,7,1,3,1,19,4,3,7,4,10,8,2,2,1,0,2,1,1,3,2,5,2,2,1
18457,1,8,4,4,1,21,13,2,2,4,10,1,2,2,1,0,2,3,1,3,2,3,2,2,1
24885,1,7,3,3,5,18,13,1,7,1,9,8,2,3,4,0,1,1,1,1,4,3,2,2,1
11698,1,10,4,4,5,16,1,1,7,1,4,8,2,3,4,0,1,3,1,1,4,3,2,2,1
23758,0,4,4,4,1,14,13,1,8,4,3,1,2,2,1,0,1,2,1,1,2,5,2,2,1
13584,1,9,4,4,1,13,13,1,10,4,12,1,2,2,1,1,2,3,1,2,2,5,2,3,1
35537,0,3,6,3,3,21,12,3,6,1,9,8,2,3,3,0,1,4,1,1,3,5,2,2,1
17356,1,8,4,4,1,23,13,2,10,1,6,8,2,3,5,0,8,1,1,1,3,3,3,2,4
12152,0,4,7,4,1,14,13,1,2,4,3,1,2,2,1,0,2,1,1,2,2,3,2,3,1
6180,0,8,7,4,1,24,13,2,7,1,6,1,2,2,1,0,1,3,1,1,2,3,2,3,1
9316,0,4,1,4,1,2,7,3,10,2,6,6,2,6,1,0,1,3,1,1,2,6,2,4,1
19982,1,6,7,3,1,16,13,1,8,2,8,1,2,2,1,0,8,3,1,1,2,3,2,2,1
2519,1,11,6,4,1,12,13,1,7,1,4,1,2,3,6,0,1,1,1,1,2,3,2,3,1
26865,0,6,5,4,5,5,1,1,2,1,8,2,3,2,1,0,2,2,1,2,2,4,3,4,1
2689,1,10,6,4,1,18,13,1,7,4,8,1,2,2,1,0,2,3,1,3,2,3,2,2,1
20033,1,10,7,4,1,12,7,1,7,2,9,7,2,2,1,0,8,3,2,1,2,3,2,2,1
1224,0,7,7,4,1,16,3,1,4,4,7,1,2,2,1,0,2,1,1,2,2,3,2,3,1
5958,1,7,4,4,1,21,7,2,2,2,6,7,3,2,1,0,1,3,1,1,2,7,2,4,1
15987,0,6,3,4,1,22,13,2,7,4,1,8,2,2,1,0,1,3,1,1,3,3,2,2,1
15404,0,8,4,4,5,12,1,1,7,1,2,8,3,2,1,0,1,1,1,1,4,3,2,2,1
1677,1,8,5,4,1,21,13,2,7,4,4,7,2,2,1,0,3,3,1,2,2,3,2,2,1
3043,0,4,4,4,1,5,1,4,4,1,8,8,3,2,1,0,1,1,1,1,4,7,2,2,1
16750,1,8,1,4,5,1,13,3,4,1,6,1,3,3,4,0,1,3,1,1,2,5,3,5,1
28564,0,4,6,3,1,9,13,1,2,1,7,1,2,2,1,0,1,1,1,1,2,5,2,5,1
7378,1,9,4,4,5,18,1,1,7,1,6,1,2,3,4,0,1,2,1,1,2,3,2,2,1
3625,1,6,7,2,5,21,1,2,7,1,4,8,3,3,4,0,1,3,1,1,4,3,2,2,1
23561,0,5,5,4,5,21,1,2,8,1,10,1,2,2,1,0,8,3,1,1,2,6,2,2,1
35207,0,3,3,2,1,17,13,5,7,2,1,1,2,2,1,0,1,1,1,1,2,4,2,4,1
29785,1,4,7,4,1,20,13,2,4,1,11,7,2,3,4,0,1,1,1,1,2,3,2,2,1
12042,1,7,1,4,5,21,1,2,7,1,9,8,2,3,4,0,1,3,1,1,5,3,2,2,1
13530,0,7,3,4,1,12,7,1,2,2,7,1,2,2,1,0,1,3,1,1,2,6,2,3,1
17000,0,4,7,4,1,2,13,3,3,1,8,1,2,3,4,0,2,3,1,3,2,5,2,4,1
31545,1,5,7,4,1,23,13,3,7,2,5,5,2,2,1,0,1,3,1,1,2,4,2,4,1
7938,1,8,5,4,1,16,19,1,7,6,5,1,2,2,1,0,1,1,1,1,2,3,2,2,1
31454,0,4,4,2,1,5,18,1,4,5,7,7,2,2,1,0,1,1,1,1,2,7,2,4,1
1490,1,6,1,4,1,18,7,3,7,2,1,2,2,2,1,0,3,1,1,3,2,3,2,2,1
11369,0,2,1,4,1,24,4,2,2,1,10,1,2,3,4,0,3,1,1,3,2,3,2,2,1
4931,0,4,3,4,5,3,13,2,10,1,7,8,2,3,3,0,1,3,1,1,3,5,2,3,1
3324,1,7,3,4,5,20,1,1,7,1,6,8,2,3,4,1,12,3,1,1,4,3,2,3,1
31850,1,8,7,3,1,23,7,3,2,2,4,5,2,2,1,0,3,3,2,2,2,3,2,2,1
35666,0,10,4,2,5,16,1,2,1,1,1,8,3,2,1,1,5,1,1,1,4,3,2,7,1
14766,0,5,6,4,1,16,13,1,8,3,8,8,2,2,1,0,1,1,2,1,3,3,2,2,1
170,1,8,1,4,1,10,13,1,7,4,5,1,2,2,1,0,8,3,1,1,2,5,2,2,1
29752,0,3,7,2,1,15,7,1,4,2,8,2,2,2,1,0,3,1,1,2,2,8,2,3,1
29675,0,5,6,3,1,9,13,1,2,4,1,8,2,2,1,0,3,4,1,2,2,3,3,3,1
2772,1,7,3,4,1,11,13,1,2,4,5,1,2,2,1,0,2,2,1,3,2,3,2,2,1
4814,0,6,5,4,1,16,13,1,7,4,6,1,2,2,1,0,8,1,1,1,2,3,2,2,1
17463,0,7,7,4,1,17,13,1,7,3,10,1,2,2,1,0,1,2,1,1,2,3,2,2,1
14913,0,3,5,4,1,21,13,3,2,4,3,1,3,2,1,0,2,3,1,3,2,3,2,3,1
6047,1,10,6,4,1,11,13,1,7,4,3,1,2,2,1,0,2,3,1,2,2,3,2,3,1
2836,1,4,1,4,1,22,13,3,4,2,6,7,2,2,1,0,1,2,1,1,2,4,2,4,1
25244,1,6,5,4,5,18,1,1,4,1,4,1,2,2,1,0,1,3,1,1,2,3,2,2,1
27882,0,8,1,4,1,18,13,1,7,4,5,1,2,2,1,0,2,1,1,2,2,5,2,2,1
10023,1,7,4,4,5,17,13,3,4,1,3,8,2,3,4,0,1,2,1,1,4,3,2,2,1
18542,1,8,7,3,5,1,1,3,7,1,7,8,2,2,1,1,5,3,1,1,3,2,2,7,1
8015,1,6,3,4,1,11,13,1,2,2,7,1,2,2,1,0,2,1,1,2,2,3,3,2,1
11758,0,3,5,4,5,1,13,2,2,2,7,1,2,2,1,0,1,3,1,1,2,3,2,3,1
13641,0,8,7,4,1,18,10,1,10,1,4,8,3,3,4,0,1,1,1,1,4,3,2,2,1
30299,0,4,7,4,5,16,1,1,2,1,6,8,2,3,4,0,1,1,1,1,4,3,2,2,1
9798,1,5,3,4,1,14,13,1,2,4,11,1,2,2,1,0,2,1,1,3,2,4,2,3,1
17768,1,3,2,3,5,14,15,1,10,1,12,8,2,3,4,0,1,1,1,1,3,4,2,3,1
27195,1,8,5,4,5,7,1,4,2,1,2,1,3,2,1,0,3,2,1,3,2,4,2,6,1
6063,1,9,4,4,1,16,13,1,7,4,1,1,2,2,1,0,2,3,1,3,2,5,2,5,1
32786,0,10,5,4,1,18,1,1,7,1,8,1,2,2,1,0,2,4,1,3,2,3,2,2,1
7557,0,7,4,4,1,17,13,1,2,4,7,1,2,2,1,0,2,1,1,2,2,3,2,2,1
15469,0,8,5,4,1,4,21,3,10,4,5,1,2,2,1,0,2,2,1,2,2,5,2,6,1
772,1,3,6,4,1,10,13,1,8,4,12,1,2,2,1,0,1,1,1,1,2,3,2,2,1
6199,1,4,5,4,1,2,13,3,4,2,4,1,2,2,1,0,1,3,1,1,2,3,2,2,1
5460,1,3,7,4,5,16,1,1,8,1,4,8,2,3,8,0,1,2,1,1,4,4,2,4,1
36285,1,5,4,4,5,20,1,3,10,1,6,8,3,2,1,0,3,1,1,2,2,4,2,2,1
4198,1,8,5,3,1,6,7,3,2,2,3,7,2,2,1,0,1,2,1,1,2,8,2,5,1
9833,1,9,7,4,1,13,13,1,7,4,7,7,2,2,1,0,2,1,1,3,2,3,2,2,1
22615,0,6,6,2,1,22,7,3,8,2,7,1,2,2,1,0,1,3,1,1,2,3,2,4,1
7725,1,7,6,3,1,13,2,1,8,5,5,8,2,2,1,1,12,1,1,1,3,5,2,4,1
12363,1,8,1,3,1,13,4,1,7,5,5,1,2,2,1,1,12,2,1,1,2,6,2,4,1
1901,1,6,1,4,1,21,13,2,10,4,8,1,2,2,1,0,8,3,1,1,2,5,2,2,1
26594,0,3,6,4,1,14,8,1,4,5,3,8,2,2,1,0,1,2,1,1,4,3,2,3,1
18624,0,7,6,4,1,18,13,1,7,4,9,8,2,2,1,0,1,1,1,1,3,3,2,2,1
31087,0,3,1,4,1,12,18,1,8,6,5,1,2,2,1,0,1,4,1,1,4,3,2,2,1
17734,1,9,4,3,5,19,1,2,7,1,3,1,3,2,1,0,1,3,1,1,2,5,2,5,1
6238,1,3,2,4,1,14,13,1,2,2,7,7,2,2,1,0,1,3,1,1,2,4,2,3,1
17688,1,9,6,4,1,13,12,1,2,6,7,8,2,2,1,0,1,3,1,1,3,3,2,2,1
12636,1,10,4,4,5,17,1,1,7,1,8,7,2,3,3,0,1,1,1,1,3,3,2,3,1
17005,0,4,7,4,1,13,13,1,10,4,9,1,2,2,1,0,2,3,1,2,2,3,2,2,1
17530,1,14,7,4,4,14,3,1,7,1,1,1,2,3,6,0,1,1,1,1,2,3,2,2,1
34688,0,4,5,4,5,17,1,1,10,1,4,8,2,3,2,0,1,1,1,1,4,3,2,2,1
7973,0,5,1,4,1,9,20,1,7,4,6,8,3,2,1,0,1,1,1,1,3,3,3,2,1
13011,0,3,2,4,1,1,13,3,2,1,6,8,2,3,4,0,3,1,1,4,4,3,3,2,1
19858,0,8,6,4,5,23,1,2,7,1,8,1,2,3,5,1,5,1,1,1,2,2,2,7,1
12962,1,7,7,4,1,14,2,1,10,5,5,7,2,2,1,0,1,1,1,1,2,4,2,6,1
7181,0,5,4,2,1,17,13,1,2,4,10,1,2,2,1,0,2,1,1,3,2,3,2,3,1
29938,0,5,2,4,1,17,18,1,7,5,5,1,2,2,1,0,1,1,1,1,2,5,2,5,1
12358,0,3,3,4,1,4,13,2,10,2,5,1,2,2,1,0,1,2,1,1,2,3,2,3,1
10473,0,8,1,4,1,14,13,1,7,3,4,8,2,2,1,0,1,1,1,1,3,3,2,2,1
16860,0,8,4,4,1,23,18,3,4,5,8,1,2,2,1,0,1,3,1,1,2,5,2,2,1
31711,0,5,1,2,1,15,1,1,10,5,7,1,2,2,1,0,1,3,1,1,2,4,2,4,1
15120,1,9,7,4,1,19,13,1,3,4,6,7,2,2,1,0,1,1,1,1,2,3,2,2,1
29700,0,10,5,2,1,10,18,1,2,5,4,8,2,2,1,0,2,4,1,2,2,3,2,7,1
13091,1,7,4,4,1,14,13,1,8,4,10,1,2,2,1,0,2,2,1,2,2,5,2,2,1
17376,0,8,7,4,1,14,1,1,7,1,5,8,2,2,1,0,2,2,1,2,4,5,2,5,1
9910,0,2,2,4,1,15,13,1,4,4,4,7,3,2,1,0,8,2,1,1,2,3,2,2,1
2003,1,9,1,4,5,8,3,1,7,1,6,1,2,3,4,0,1,3,1,1,2,3,2,2,1
756,0,4,7,4,5,2,1,3,4,1,12,7,2,2,1,0,1,1,1,1,3,6,2,4,1
17468,0,9,2,4,1,19,13,2,2,1,10,1,2,2,1,0,1,2,1,1,2,3,2,2,1
20618,0,7,5,4,1,24,13,3,10,3,9,1,2,2,1,0,2,3,1,3,2,3,2,2,1
31848,0,6,7,3,1,23,13,3,2,2,4,5,2,2,1,0,3,3,1,2,2,3,2,2,1
31803,0,5,3,4,1,21,13,3,2,4,2,1,2,2,1,0,8,3,1,1,2,4,2,3,1
5682,1,3,1,4,1,12,13,1,4,3,9,8,2,2,1,0,1,1,1,1,3,3,2,2,1
29370,0,4,3,3,1,18,3,3,7,5,11,8,2,2,1,0,3,4,1,2,2,6,2,2,1
16329,1,3,4,4,1,23,13,3,10,2,9,1,2,2,1,0,1,1,1,1,2,4,2,4,1
13727,1,9,7,4,1,13,13,1,7,4,6,1,2,2,1,0,8,3,1,1,2,3,2,5,1
784,1,7,5,4,1,21,21,3,4,4,2,7,2,2,1,0,1,2,1,1,2,6,2,4,1
15783,0,4,7,4,5,2,1,3,4,1,12,7,2,2,1,0,1,1,1,1,3,6,2,4,1
11197,0,11,6,4,1,16,13,1,7,4,6,1,2,2,1,0,2,3,1,2,2,3,2,2,1
28834,1,5,7,4,1,1,13,3,4,2,9,1,2,2,1,0,1,1,1,1,2,5,2,4,1
15482,1,4,1,4,5,13,1,1,2,1,4,8,3,2,1,0,1,2,1,1,4,3,2,2,1
15347,1,5,1,4,4,16,13,1,4,1,10,8,2,3,4,0,1,1,1,1,4,3,2,2,1
2707,0,4,1,4,1,16,13,1,7,4,2,1,3,2,1,0,2,1,1,3,2,4,2,3,1
25189,0,3,3,4,1,16,7,1,4,2,9,5,2,2,1,0,3,1,1,4,2,3,3,2,1
8626,1,10,3,4,1,17,13,1,7,4,3,1,3,2,1,0,2,3,1,2,2,3,2,2,1
11577,1,4,7,4,1,3,13,2,10,3,8,1,2,2,1,0,3,1,1,3,2,3,2,2,1
11410,0,12,7,4,1,12,13,1,7,4,11,1,3,2,1,0,2,3,1,2,2,3,2,3,1
11493,1,6,7,3,1,19,13,2,2,4,1,1,2,2,1,0,2,1,1,2,2,3,2,3,1
11889,0,4,1,4,1,12,13,1,7,4,7,1,2,2,1,0,2,2,1,3,2,3,2,2,1
24848,0,4,3,2,1,11,13,1,2,2,7,3,2,2,1,0,3,2,1,2,2,6,2,2,1
6210,0,7,4,4,1,20,13,3,8,4,6,1,2,2,1,0,2,1,1,3,2,4,2,3,1
36311,1,6,2,3,1,14,11,1,4,5,7,1,2,2,1,0,2,3,1,2,2,4,2,4,1
34915,0,6,3,4,1,14,13,1,7,2,5,1,2,2,1,0,1,3,1,1,2,4,2,3,1
1398,0,3,3,4,1,14,13,1,8,4,7,1,2,2,1,0,2,1,1,3,2,3,2,4,1
18198,0,8,3,4,1,7,13,1,7,3,7,8,2,2,1,0,1,1,1,1,3,3,2,2,1
23597,0,4,3,2,1,7,13,1,2,2,6,5,2,2,1,0,1,3,1,1,2,3,2,4,1
26956,1,5,6,4,1,6,13,4,10,4,6,1,3,2,1,0,2,1,1,2,2,4,2,4,1
14720,1,8,5,4,4,12,13,1,4,1,5,8,2,3,4,0,1,1,1,1,4,3,2,2,1
28703,1,5,1,4,1,15,18,1,7,6,7,8,2,2,1,0,1,1,1,1,4,3,2,2,1
12820,1,4,7,4,1,15,13,1,4,2,6,1,3,2,1,0,1,2,1,1,2,5,2,4,1
6134,0,9,6,4,1,15,13,1,7,3,4,1,2,2,1,0,2,3,1,2,2,4,2,3,1
20961,0,6,5,3,1,7,4,1,7,5,6,1,2,2,1,0,8,1,1,1,2,5,2,2,1
1774,1,4,3,4,1,16,13,1,2,4,7,1,2,2,1,0,2,3,1,3,2,3,2,2,1
16886,1,11,2,4,5,11,18,1,7,5,5,7,2,2,1,0,1,3,1,1,2,3,2,2,1
18323,0,4,2,4,5,24,1,2,7,1,6,8,2,3,4,0,1,3,1,1,4,3,2,2,1
9067,1,10,3,4,1,11,13,1,7,4,8,1,2,2,1,0,1,1,1,1,2,3,2,5,1
9045,1,10,2,4,1,11,2,1,2,4,7,8,2,2,1,0,2,1,1,3,2,3,2,2,1
7186,1,4,1,3,1,11,13,1,8,4,11,1,2,2,1,0,2,1,1,2,2,3,2,3,1
11775,1,4,4,4,1,10,13,1,4,1,7,7,2,3,4,0,1,1,1,1,2,5,2,2,1
951,0,6,3,4,1,21,13,2,8,4,7,3,2,2,1,0,2,1,1,2,2,5,2,3,1
15477,0,6,7,4,5,10,1,1,7,1,4,1,3,2,1,0,1,2,1,1,2,4,2,4,1