id,Severity,age_classes,day_week,DEFORMED_classes,m_harm_classes,hour,impact1_classes,lgt_cond,make,man_coll,month,p_crash1,pcrash4,pcrash5,rel_road,reljct1,reljct2,rest_use,sex,typ_int,valign,vnum_lan,vsurcond,vtrafway,weather_classes
23469,0,10,5,2,1,16,18,1,7,5,5,7,2,2,1,0,1,3,1,1,2,6,2,4,1
18669,0,2,3,4,1,22,2,2,4,1,5,8,2,3,4,0,1,2,1,1,4,3,3,2,1
6831,1,8,5,4,5,2,13,3,7,1,9,1,2,3,5,0,1,3,1,1,2,3,2,2,1
23436,0,10,4,2,1,14,13,1,7,4,2,1,2,2,1,0,1,2,1,1,2,4,8,3,1
12254,1,8,3,4,1,14,13,1,10,4,5,1,2,2,1,0,4,2,1,1,2,3,2,2,1
8460,1,5,7,4,1,22,13,2,7,1,10,1,2,2,1,0,1,3,1,1,2,5,2,2,1
7007,1,9,4,4,1,15,2,1,7,4,2,1,2,2,1,0,2,3,1,2,2,3,2,2,1
11299,1,8,6,4,1,20,7,3,10,2,8,1,2,2,1,0,2,3,1,2,2,4,2,3,1
15864,1,8,6,4,1,20,13,5,2,3,6,1,3,2,1,0,2,1,1,2,2,5,2,5,1
6547,0,4,5,4,1,13,13,1,2,4,7,1,2,2,1,0,2,2,1,2,2,3,2,2,1
13323,0,5,7,4,1,22,13,2,7,4,5,1,2,2,1,0,2,3,1,2,2,3,3,2,1
35923,0,3,3,4,1,6,13,1,2,4,5,7,2,2,1,0,1,1,1,1,2,4,2,5,1
22829,0,9,1,3,1,15,4,1,7,5,7,1,2,2,1,1,12,2,1,1,4,4,2,3,1
20925,1,4,6,4,1,16,13,1,2,4,10,7,2,6,1,0,8,1,1,1,2,3,2,3,1
14690,1,8,6,3,1,21,13,3,7,4,8,1,2,2,1,0,2,3,1,2,2,5,2,5,1
16020,0,8,7,2,5,11,7,1,7,2,3,2,2,2,1,0,3,3,2,1,2,3,2,3,1
30219,1,4,5,4,1,23,2,3,4,4,7,1,2,2,1,0,2,4,1,2,2,5,2,2,1
13370,1,7,2,4,5,12,2,1,8,1,8,1,2,3,8,1,12,3,1,1,2,7,2,4,1
9648,0,5,3,2,1,21,13,2,7,4,9,8,2,2,1,0,2,3,1,3,3,7,2,3,1
29984,0,12,5,4,1,15,1,1,2,1,1,8,2,2,1,0,8,3,1,1,1,1,1,1,1
12523,1,10,7,4,1,15,13,1,8,4,3,1,2,2,1,0,1,1,1,1,2,4,2,3,1
15782,1,7,6,4,5,16,1,1,2,1,12,8,2,5,1,0,1,1,1,1,4,2,2,2,1
15397,0,3,1,4,1,10,13,1,10,3,1,8,2,2,1,0,1,2,1,1,3,3,2,2,1
4767,1,4,6,4,1,14,1,1,2,1,9,8,2,2,1,0,1,1,1,1,3,3,3,2,1
4941,0,10,6,4,1,4,13,4,2,1,7,1,2,2,1,0,1,3,1,1,2,3,2,2,1
20783,0,8,1,2,1,16,13,1,7,2,8,2,2,2,1,0,3,2,2,2,2,3,2,3,1
8992,1,6,1,3,5,15,13,1,7,1,2,8,2,3,4,0,1,2,1,1,3,3,2,2,1
29295,1,9,6,4,1,16,3,1,4,5,7,1,2,2,1,0,8,4,1,1,2,3,2,2,1
29077,0,5,4,4,1,12,13,1,4,2,10,1,2,2,1,0,1,2,1,1,2,4,2,4,3
22026,0,10,5,4,5,15,1,1,8,1,12,1,3,2,1,0,1,1,1,1,2,5,2,4,1
16489,1,7,7,4,1,17,13,3,7,4,12,1,2,2,1,0,2,3,1,3,2,5,2,5,1
13138,1,7,7,3,5,14,1,1,8,1,4,8,2,2,1,0,1,1,1,1,3,3,2,2,1
24560,0,5,4,2,1,23,7,2,2,2,9,1,2,2,1,0,1,1,1,1,2,5,2,5,1
16359,1,3,3,4,1,17,10,1,7,4,10,8,2,2,1,0,8,1,1,1,2,3,2,2,1
11930,1,4,6,4,1,2,7,2,4,2,9,1,2,2,1,0,1,3,1,1,2,3,2,4,1
8906,1,4,3,4,5,19,1,1,4,1,6,1,2,3,4,0,1,3,1,1,2,3,2,2,1
29458,0,10,1,3,1,16,7,1,7,2,8,1,2,2,1,0,1,4,1,1,2,3,2,2,1
31686,0,6,2,4,1,8,13,1,7,2,6,1,2,2,1,0,1,2,1,1,2,4,2,4,1
7522,0,8,4,4,4,10,13,1,7,1,3,8,2,3,6,0,1,1,1,1,5,3,3,2,1
4954,1,8,7,4,5,19,1,1,7,1,8,1,2,3,4,0,1,3,1,1,2,3,2,2,1
32805,0,3,1,2,1,14,12,1,4,5,11,1,2,2,1,0,1,3,1,1,2,5,2,2,1
11225,1,7,4,4,1,10,22,1,7,5,5,1,2,2,1,0,2,3,1,3,2,4,2,3,1
7059,1,7,2,2,1,18,13,1,10,1,5,8,2,3,4,0,1,3,1,1,4,3,2,2,1
30365,0,5,5,2,5,15,1,1,2,1,8,2,3,2,1,0,3,1,1,3,3,3,2,2,1
6285,0,4,3,4,5,4,13,3,8,2,8,1,2,2,1,0,1,1,1,1,2,4,2,4,1
853,0,3,1,4,1,20,13,2,10,1,7,1,2,3,4,0,1,1,1,1,2,3,2,2,1
16321,1,8,1,4,5,13,13,1,7,3,9,8,2,2,1,0,1,2,1,1,4,3,2,2,1
10760,1,10,3,4,4,7,13,1,7,1,11,8,2,3,3,0,1,1,1,1,4,4,2,4,1
606,1,5,7,4,1,24,13,3,8,2,3,1,2,2,1,0,1,2,1,1,2,7,2,4,1
9267,1,7,3,3,1,14,13,1,2,4,5,1,2,2,1,0,8,1,1,1,2,5,2,5,1
13187,0,12,4,4,1,10,10,1,7,6,7,8,2,2,1,0,1,1,1,1,3,3,2,2,1
28149,0,4,5,4,5,7,1,1,8,2,2,1,2,2,1,0,1,1,1,1,2,6,2,4,1
29398,0,6,5,3,5,5,1,3,7,1,9,8,3,2,1,0,2,1,1,4,3,3,2,2,3
14716,0,12,6,4,1,16,11,1,7,6,4,8,2,2,1,0,1,1,1,1,3,3,2,2,1
24968,1,4,7,4,1,18,13,5,3,1,3,1,2,3,7,0,1,3,1,1,2,3,2,2,1
21239,0,4,3,4,1,12,19,1,8,4,7,1,2,2,1,0,8,3,1,1,2,3,2,2,1
33484,0,5,1,4,1,8,1,1,10,6,7,8,2,2,1,0,1,4,1,1,3,3,2,2,1
32390,0,11,7,4,1,12,7,1,2,2,10,5,2,2,1,0,4,4,1,1,1,1,1,1,1
11661,1,4,1,4,1,14,7,1,4,2,10,1,2,2,1,0,1,2,1,1,2,6,2,4,1
15400,1,7,1,3,1,15,13,1,7,2,2,7,3,2,1,0,1,2,1,1,2,4,2,4,1
25281,1,3,2,4,5,7,1,1,10,1,7,1,2,2,1,0,1,3,1,1,2,6,2,4,1
30310,0,8,7,4,1,15,4,1,7,5,7,1,2,2,1,0,2,3,1,2,2,3,2,6,1
12571,1,6,7,4,1,17,12,1,4,4,9,1,2,2,1,0,1,1,1,1,2,3,2,2,1
3964,1,10,7,4,5,12,1,1,7,1,8,8,2,3,4,0,1,3,1,1,4,3,2,2,1
152,0,9,1,4,1,13,13,1,7,3,4,8,2,2,1,0,1,3,1,1,3,3,2,2,1
16617,0,7,5,4,3,2,13,2,7,1,11,8,2,3,3,0,2,2,1,2,4,3,2,4,1
5653,1,9,7,4,1,16,18,1,7,5,9,1,2,2,1,0,8,3,1,1,2,3,2,3,1
17945,1,7,2,4,1,13,13,1,4,4,4,1,2,2,1,0,2,1,1,3,2,7,2,4,1
24460,0,4,6,4,1,18,21,1,8,4,5,8,2,2,1,0,2,1,1,4,5,3,2,2,1
7750,0,5,1,4,1,15,13,1,4,1,12,8,3,3,4,0,1,3,1,1,3,3,2,2,1
6061,0,8,1,4,1,22,13,3,7,4,1,1,2,2,1,0,8,3,1,1,2,3,2,2,1
8004,1,7,6,4,1,6,13,1,8,4,7,1,2,2,1,0,2,1,1,3,2,3,2,4,1
29750,1,9,6,3,1,15,13,1,2,2,8,2,2,2,1,0,1,1,1,1,2,4,2,3,1
7256,0,8,3,4,1,24,13,2,2,1,7,1,3,3,4,0,1,2,1,1,2,3,2,2,1
15005,0,7,1,4,1,14,13,1,7,4,10,1,2,2,1,0,2,2,1,3,2,3,2,2,1
15239,0,8,7,4,1,1,7,3,2,2,9,1,2,2,1,0,1,3,1,1,2,5,2,5,1
7048,1,6,7,4,4,11,13,1,7,1,3,8,2,3,4,0,1,3,1,1,4,3,2,2,1
26930,0,3,1,4,5,23,1,3,2,1,5,1,2,2,1,0,1,1,1,1,2,4,2,4,1
33791,0,8,5,4,5,9,1,1,7,1,10,1,2,2,1,0,1,4,1,1,2,3,10,6,1
19683,0,5,6,4,1,2,13,2,10,1,7,8,2,3,5,0,1,3,1,1,4,3,2,3,1
32324,0,4,7,4,1,17,7,1,8,2,6,5,2,2,1,0,3,4,1,2,2,3,2,3,1
15880,0,3,1,4,1,20,13,2,10,1,7,1,2,3,4,0,1,1,1,1,2,3,2,2,1
654,1,7,2,3,5,12,13,1,7,2,9,7,2,2,1,1,12,2,1,1,2,4,2,4,1
26125,0,4,5,3,1,11,13,1,4,4,2,7,2,2,1,0,2,1,1,3,2,3,2,2,1
24417,0,9,4,2,1,15,7,1,2,2,7,5,2,2,1,0,3,2,2,2,2,4,2,6,1
15633,1,5,7,4,1,24,13,3,8,2,3,1,2,2,1,0,1,2,1,1,2,7,2,4,1
13533,1,8,7,3,5,1,1,3,7,1,7,8,2,2,1,1,5,3,1,1,3,2,2,7,1
10479,1,6,1,4,1,14,13,1,7,4,2,1,2,2,1,0,8,2,1,1,2,3,2,2,1
20635,0,3,1,3,1,12,6,1,8,5,11,7,2,2,1,0,1,1,1,1,2,7,2,4,1
22660,1,4,3,4,1,12,13,1,7,4,8,1,2,2,1,0,2,2,1,2,2,5,2,2,1
5806,1,7,5,4,1,12,12,1,1,5,5,7,2,2,1,0,2,1,1,3,2,5,2,3,1
2002,1,9,3,4,1,4,2,2,7,5,5,1,2,2,1,0,1,3,1,1,2,3,2,4,1
8397,1,12,2,4,5,7,4,1,2,1,8,8,2,3,4,0,1,3,1,1,4,3,2,2,1
18713,1,2,5,4,1,20,15,1,2,1,6,8,2,3,4,0,1,3,1,1,4,3,2,2,1
29746,1,6,5,4,5,23,1,3,10,1,7,8,2,2,1,1,14,1,1,1,3,2,3,7,1
17769,0,5,3,4,1,9,13,1,6,2,5,1,3,2,1,0,2,3,1,2,2,3,3,2,1
8591,1,2,2,2,1,18,13,1,2,4,6,1,2,2,1,0,2,3,1,2,2,3,2,2,1
3243,0,6,3,4,1,18,13,1,2,6,10,8,2,2,1,0,1,1,1,1,4,3,2,2,1
24259,0,3,3,3,5,11,1,1,10,1,7,1,3,2,1,0,3,3,1,3,2,3,2,2,1
29807,1,4,2,2,1,13,8,1,4,5,5,1,2,2,1,0,1,3,1,1,2,2,2,3,1
18126,1,4,7,4,1,15,13,1,4,1,1,8,2,3,4,0,1,1,1,1,3,3,2,2,1
11509,1,8,1,3,5,1,1,3,7,1,3,8,2,3,2,0,1,1,1,1,3,3,3,2,1
4801,0,4,7,4,1,21,13,3,10,1,4,8,2,3,5,0,1,1,1,1,4,3,2,2,1
3186,0,4,7,3,2,3,13,2,10,1,7,8,2,3,4,0,1,1,1,1,4,3,2,2,1
17632,1,8,5,4,5,12,1,1,7,1,7,8,2,2,1,1,5,1,2,1,3,3,2,7,1
6869,1,11,2,4,5,11,18,1,7,5,5,7,2,2,1,0,1,3,1,1,2,3,2,2,1
10573,1,9,1,3,5,14,13,1,7,2,8,1,3,2,1,0,8,2,1,1,2,5,2,2,1
13010,1,7,4,4,1,7,10,1,7,4,5,1,2,2,1,0,2,1,1,2,2,3,3,4,1
16738,0,5,7,4,1,15,7,1,7,2,6,1,2,2,1,0,1,3,1,1,2,3,2,2,1
3123,1,10,3,4,1,11,13,1,10,4,4,1,2,2,1,0,2,1,1,3,2,5,2,4,1
6289,0,2,5,4,1,24,13,6,4,4,8,1,2,2,1,0,2,1,1,2,2,3,2,5,1
11790,1,6,7,4,1,19,13,1,7,4,7,7,2,2,1,0,2,3,2,2,2,5,2,3,1
8836,0,6,4,4,1,11,4,1,8,4,11,1,3,2,1,0,2,1,1,3,2,3,3,2,1
4795,1,8,7,4,1,16,13,1,7,3,2,1,2,2,1,0,1,1,1,1,2,3,2,2,1
20971,0,6,2,2,1,18,7,1,4,2,7,1,2,2,1,0,8,1,1,1,2,3,2,2,1
30901,0,8,7,2,1,11,7,1,7,2,5,1,2,2,1,1,12,4,1,1,2,6,2,4,1
13363,0,8,5,4,1,20,13,5,7,1,7,8,3,2,1,0,1,3,1,1,5,3,2,2,1
15639,1,4,7,4,1,23,13,3,2,4,8,1,2,2,1,0,2,2,1,3,2,5,2,2,1
32321,0,9,1,4,5,18,4,1,2,1,6,8,2,3,4,0,5,2,1,1,3,2,2,7,1
8271,1,9,2,4,5,21,1,2,7,1,8,1,2,3,4,0,1,3,1,1,2,3,2,2,1
5716,1,5,7,4,5,11,1,1,10,1,10,1,2,2,1,0,8,2,1,1,2,5,2,5,1
6011,1,9,1,4,1,15,7,1,1,2,2,5,2,2,1,0,3,1,1,2,2,4,2,3,1
32731,1,5,7,4,1,1,13,3,4,4,3,1,2,2,1,0,2,1,1,2,2,7,2,4,1
15756,0,7,6,3,1,6,18,4,7,4,11,1,2,2,1,0,1,2,1,1,2,5,2,4,1
36756,0,7,5,4,1,6,13,3,7,4,3,8,2,2,1,0,2,1,1,2,2,5,2,2,1
12031,1,3,3,4,5,14,13,1,4,1,8,1,2,3,4,0,1,3,1,1,2,3,2,2,1
32488,1,2,4,4,5,18,1,1,8,1,6,1,3,2,1,0,1,3,1,1,2,4,2,4,1
29438,1,9,2,2,5,12,1,1,2,1,7,1,2,2,1,0,8,4,2,1,2,5,3,2,1
31757,1,4,3,3,1,17,13,1,10,4,9,8,2,2,1,0,8,3,1,1,4,3,2,2,1
22666,0,4,5,2,1,18,21,3,7,5,3,7,2,2,1,0,1,2,1,1,2,4,2,3,1
5620,1,6,1,4,1,1,13,2,4,2,8,1,2,2,1,0,1,2,1,1,2,6,2,4,1
29970,0,6,6,2,1,17,12,1,4,5,6,7,2,2,1,0,1,4,1,1,2,4,2,3,1
13126,0,3,7,4,1,14,13,1,2,4,2,1,2,2,1,0,2,1,1,3,5,3,2,3,1
7510,1,10,5,2,5,8,1,1,10,1,8,1,3,2,1,1,12,2,1,1,2,3,2,4,1
1210,1,10,2,4,1,9,13,1,8,3,4,8,2,2,1,0,2,3,1,3,2,3,2,2,1
11808,1,11,7,4,1,19,4,5,7,1,9,1,2,2,1,0,1,3,1,1,2,3,2,2,1
14927,1,5,4,3,5,22,2,3,7,1,5,6,2,2,1,1,5,3,1,1,2,2,2,7,1
27589,0,6,5,2,3,12,13,1,7,1,4,8,2,3,4,1,5,1,1,1,3,3,2,7,1
3838,1,4,3,4,1,19,21,5,10,5,7,1,3,2,1,0,1,2,1,1,2,2,2,6,1
28136,0,5,5,3,1,23,13,3,4,4,8,8,2,2,1,0,8,2,1,1,1,1,1,1,1
534,0,6,3,4,1,21,13,2,7,2,8,1,2,2,1,0,1,3,1,1,2,4,2,3,1
30698,0,3,4,4,1,16,13,1,2,2,6,1,2,2,1,0,1,3,1,1,2,3,2,4,1
8646,0,4,2,4,1,12,13,1,2,4,4,7,3,2,1,0,8,2,1,1,2,5,2,2,1
32070,0,9,7,2,1,16,22,1,10,5,10,1,2,2,1,0,1,4,1,1,2,3,2,3,1
3215,1,9,7,4,1,18,13,1,7,3,8,8,2,2,1,0,1,2,1,1,3,3,2,2,1
7182,1,7,1,3,1,19,4,3,7,4,10,8,2,2,1,0,2,1,1,3,2,5,2,2,1
18842,0,4,6,3,5,17,1,1,2,1,11,1,3,2,1,0,1,3,1,1,2,3,2,2,1
15917,1,9,7,4,1,15,1,1,7,1,10,1,3,2,1,0,2,1,1,3,2,3,2,2,1
34870,1,8,7,4,1,12,13,1,7,4,9,7,2,2,1,0,8,4,1,1,2,3,2,2,1
10165,1,8,3,4,1,6,13,4,10,4,4,1,2,2,1,0,8,1,1,1,2,3,2,3,1
4909,1,5,4,3,5,22,2,3,7,1,5,6,2,2,1,1,5,3,1,1,2,2,2,7,1
26279,1,7,7,4,4,17,13,1,2,1,9,8,2,3,4,0,1,3,1,1,4,3,2,2,1
19827,0,4,7,4,1,21,13,3,10,1,4,8,2,3,5,0,1,1,1,1,4,3,2,2,1
15776,0,3,6,4,1,22,15,3,2,1,11,7,3,3,4,0,3,1,1,3,2,3,2,2,1
5176,1,7,7,4,5,13,1,1,7,1,5,1,3,3,2,0,1,3,1,1,2,8,2,4,1
2179,0,7,3,4,5,18,13,2,4,1,12,8,2,3,4,0,1,1,1,1,3,3,2,2,1
11468,1,3,5,4,1,11,13,1,2,4,12,1,2,2,1,0,2,1,1,2,2,5,2,5,1
17645,1,10,4,4,5,17,1,1,7,1,8,7,2,3,3,0,1,1,1,1,3,3,2,3,1
493,0,10,4,4,5,10,1,1,10,1,5,1,3,2,1,0,1,2,1,1,2,3,2,2,1
19321,0,3,5,4,1,23,13,2,2,2,6,1,2,2,1,0,1,3,1,1,2,3,2,2,1
8976,1,8,6,4,1,14,1,1,7,1,8,1,2,2,1,0,2,2,1,3,2,3,2,2,1
14765,0,8,7,4,5,19,2,1,2,1,8,8,2,3,4,0,1,1,1,1,4,3,2,2,1
17395,1,9,4,4,5,18,1,1,7,1,6,1,2,3,4,0,1,2,1,1,2,3,2,2,1
7452,0,7,7,4,5,13,1,1,8,1,10,8,2,3,4,0,1,2,1,1,4,3,2,2,1
26504,0,8,3,2,5,9,1,1,4,1,2,8,2,2,1,0,8,2,1,1,2,3,2,6,1
30766,1,6,4,4,3,18,13,1,7,1,5,1,2,3,4,0,1,1,1,1,4,3,2,2,1
19009,1,6,1,3,5,15,13,1,7,1,2,8,2,3,4,0,1,2,1,1,3,3,2,2,1
16464,1,10,6,4,1,15,13,1,10,3,12,8,2,2,1,0,2,1,1,2,2,3,2,3,1
1447,0,10,1,4,4,14,13,1,7,1,11,8,2,3,3,0,1,3,1,1,3,3,2,3,1
11839,1,8,5,4,5,2,13,3,7,1,9,1,2,3,5,0,1,3,1,1,2,3,2,2,1
3950,0,9,2,4,1,16,13,1,7,4,11,8,2,2,1,0,2,3,1,3,4,3,2,3,1
29569,0,6,4,4,1,10,13,1,7,2,2,1,2,2,1,0,2,3,1,2,2,4,2,4,1
13498,1,9,3,4,1,16,7,1,7,2,5,1,2,2,1,0,1,3,1,1,2,3,2,3,1
15314,1,12,7,4,1,10,13,1,2,3,6,8,2,2,1,0,1,3,1,1,4,3,2,2,1
26158,1,8,1,4,1,12,13,1,7,2,1,1,2,2,1,0,1,3,1,1,2,3,2,4,1
11255,1,7,5,3,1,17,11,1,10,4,6,8,2,2,1,0,8,3,1,1,2,3,2,2,1
519,0,8,3,4,5,16,1,1,7,1,7,7,3,2,1,0,8,2,1,1,2,3,2,2,1
13332,1,5,7,4,5,3,13,2,10,1,6,8,2,3,4,0,2,3,1,3,5,3,2,2,1
28,1,10,7,4,1,10,13,1,7,4,5,1,2,2,1,0,8,3,1,1,2,3,2,2,1
9940,1,3,1,4,5,2,1,3,8,1,7,2,3,2,1,0,3,3,1,3,2,3,2,2,1
1520,0,6,7,4,1,2,13,2,8,1,5,8,2,3,4,0,1,1,1,1,3,3,2,2,1
15216,0,7,4,4,1,7,7,1,4,2,7,7,2,2,1,0,1,1,1,1,2,7,2,4,1
19251,0,3,6,4,1,19,13,1,2,4,4,3,2,2,1,0,2,1,1,2,2,7,2,3,1
34565,0,7,4,4,1,17,12,1,7,4,6,8,2,2,1,0,1,3,1,1,5,3,2,2,1
32766,1,8,1,4,1,2,1,3,7,1,6,1,2,2,1,0,1,1,1,1,2,4,2,4,1
19798,1,6,2,4,1,21,10,3,7,4,10,1,2,2,1,0,2,1,1,2,2,4,2,4,1
13962,1,3,7,4,1,24,7,2,4,2,10,1,2,2,1,0,1,3,1,1,2,3,2,2,1
20923,0,4,2,4,5,8,1,1,2,1,10,8,2,3,2,0,1,1,1,1,4,3,2,4,1
17542,0,3,3,4,1,7,13,1,2,3,4,1,2,2,1,0,2,1,1,3,2,3,2,2,1
1428,1,6,7,4,1,23,13,3,4,4,12,1,2,2,1,0,2,1,1,3,2,7,2,5,1
18446,1,6,1,4,1,2,13,3,10,2,6,7,3,2,1,0,1,1,1,1,2,5,2,3,1
28782,1,6,4,4,1,15,13,1,7,6,6,8,2,2,1,0,1,1,1,1,4,3,2,2,1
6445,0,4,6,4,5,3,13,2,10,2,12,1,2,2,1,0,1,1,1,1,2,4,2,4,1
35087,0,4,7,4,1,13,10,1,2,4,7,1,2,2,1,0,2,3,1,2,2,3,2,3,1
8300,1,11,1,4,1,16,13,1,7,3,5,1,2,2,1,0,1,3,1,1,2,3,2,2,1
23966,0,6,3,2,5,8,1,1,10,1,8,1,2,2,1,0,1,1,1,1,2,7,2,4,1
11534,0,5,1,4,1,22,7,2,8,2,5,5,2,2,1,1,12,1,1,1,2,3,3,3,1
25191,0,9,4,4,1,11,13,1,2,4,9,1,2,2,1,0,2,1,1,2,2,3,2,4,1
15478,1,3,7,4,5,16,1,1,8,1,4,8,2,3,8,0,1,2,1,1,4,4,2,4,1
23166,0,7,1,2,5,16,18,1,7,5,6,1,2,2,1,0,1,2,2,1,2,3,2,2,1
5619,0,6,7,4,1,22,13,3,7,4,8,1,2,2,1,0,2,2,1,2,2,5,2,5,1
17331,1,7,1,4,1,16,13,1,7,4,7,7,2,2,1,0,2,1,1,2,2,3,2,2,1
7084,1,8,1,4,4,21,13,2,7,1,7,8,3,3,4,0,1,1,1,1,4,3,3,2,1
15031,0,4,6,4,1,12,13,1,4,3,2,8,2,2,1,0,1,1,1,1,3,3,2,2,1
3027,1,13,5,4,1,14,2,1,10,1,8,1,2,4,4,0,1,1,1,1,2,3,2,2,1
12573,0,8,5,4,4,8,13,2,8,1,9,8,2,3,6,0,1,1,1,1,5,3,2,2,1
7488,0,7,2,3,1,12,2,1,7,1,8,1,2,2,1,0,1,3,1,1,2,3,2,2,1
5068,0,6,2,4,1,21,13,3,8,1,8,8,2,3,4,0,1,1,1,1,4,3,2,2,1
18588,0,6,6,4,1,20,13,3,4,4,10,1,2,2,1,0,2,3,1,3,2,5,2,2,1
12832,0,5,4,4,1,18,13,1,4,4,8,1,2,2,1,0,2,1,1,3,2,5,2,2,1
31112,0,3,1,2,1,12,13,1,10,2,5,5,2,2,1,0,1,1,1,1,2,6,2,4,1
5626,0,4,5,4,1,12,13,1,2,4,9,1,2,2,1,0,2,2,1,3,2,3,2,3,1
3448,1,9,6,4,5,14,1,1,8,1,8,8,3,2,1,0,1,1,1,1,5,3,2,2,1
22944,0,8,7,2,5,21,1,3,7,1,6,8,2,2,1,0,3,3,1,3,2,3,2,2,1
12729,1,4,6,4,1,22,13,3,4,4,3,1,2,2,1,0,2,1,1,3,2,7,2,5,1
12050,0,4,4,4,4,23,11,2,4,1,10,1,2,3,4,0,1,3,1,1,2,3,2,2,1
7743,1,4,5,4,1,19,1,2,8,1,9,7,3,2,1,0,1,1,1,1,2,5,2,5,1
1590,1,3,6,4,1,22,13,2,7,1,10,8,2,2,1,0,1,1,2,1,3,3,2,2,1
18531,0,6,3,4,1,20,3,5,4,4,6,1,2,2,1,0,1,2,1,1,2,3,2,2,1
21643,1,5,3,4,1,16,13,1,4,4,8,1,2,2,1,0,2,3,2,2,2,5,2,2,1
2914,1,9,3,4,1,15,13,1,7,4,3,1,2,2,1,0,2,1,1,3,2,3,2,2,1
12616,1,6,5,4,1,23,13,3,8,4,6,1,2,2,1,0,2,1,1,2,2,3,2,2,1
4587,0,7,3,4,1,5,13,2,2,3,10,1,2,2,1,0,2,3,1,3,2,3,3,2,1
20229,1,5,4,2,1,9,13,1,2,2,6,5,2,2,1,0,3,2,2,3,2,5,2,2,1
17197,0,5,1,4,1,19,13,2,2,4,10,1,2,2,1,0,7,1,1,1,2,3,2,3,1
5396,0,10,6,4,1,16,7,1,7,2,2,1,2,2,1,0,1,2,1,1,2,3,2,2,1
4971,1,8,7,4,1,15,13,1,7,2,8,2,3,2,1,0,1,3,1,1,2,2,2,2,1
6416,0,11,1,4,1,15,13,1,7,4,11,1,2,2,1,0,1,1,1,1,2,3,2,2,1
9006,1,12,6,4,1,12,13,1,2,2,4,1,2,2,1,0,1,1,1,1,2,3,2,4,1
10044,0,4,5,4,1,14,13,1,4,1,6,1,2,2,1,0,6,3,1,1,2,3,2,2,1
3274,1,8,6,4,5,17,1,1,8,1,10,8,3,3,4,0,1,3,1,1,4,3,2,2,1
19762,0,4,1,4,4,23,13,2,2,1,7,8,2,3,4,0,1,1,1,1,3,3,2,2,1
6405,1,3,1,4,1,21,13,3,2,4,11,1,2,2,1,0,2,1,1,2,2,4,2,3,1
17405,1,6,6,4,1,24,4,2,2,1,7,8,2,3,4,0,1,3,1,1,4,3,2,2,1
9541,0,8,3,2,3,21,13,3,7,1,8,7,2,3,8,1,13,3,1,1,3,5,2,7,1
5294,0,8,7,4,1,18,13,1,2,4,5,8,2,2,1,0,1,2,1,1,3,3,2,2,1
23000,0,8,1,2,5,12,1,1,7,1,8,1,2,2,1,0,8,2,1,1,2,4,2,3,1
7516,0,7,1,4,1,18,13,1,7,3,3,8,2,2,1,0,1,1,1,1,5,3,2,2,1
15001,1,10,6,4,5,23,13,2,7,1,9,8,2,3,4,0,1,3,1,1,3,3,2,2,1
9743,1,7,7,4,1,19,13,1,7,4,7,1,3,2,1,0,2,1,1,2,2,6,2,3,1
19064,1,7,4,4,1,9,13,1,3,4,8,8,2,2,1,0,1,1,1,1,3,3,2,2,1
26967,1,8,1,4,5,16,1,1,8,1,8,1,2,3,4,0,1,2,1,1,2,3,2,2,1
3051,1,6,7,4,3,1,2,3,10,1,9,1,2,3,4,0,1,3,1,1,2,4,2,6,1
23443,0,4,5,2,1,18,13,1,4,4,3,8,2,2,1,0,2,2,1,2,2,3,2,3,1
10008,0,8,1,4,1,1,13,3,7,3,7,1,2,2,1,1,12,3,1,1,2,3,2,4,1
6441,1,7,4,4,1,16,7,1,10,7,12,7,2,2,1,0,2,1,1,2,2,3,2,2,1
13796,1,7,6,4,5,16,1,1,2,3,7,8,2,2,1,0,1,2,1,1,4,3,2,2,1
31125,0,6,2,4,5,18,1,1,7,1,7,1,2,2,1,1,12,1,1,1,2,5,2,4,1
19077,0,2,6,4,1,18,13,1,2,3,8,8,3,2,1,0,1,1,1,1,4,3,2,2,1
12262,0,4,5,4,1,24,10,3,7,4,6,8,2,2,1,0,1,2,1,1,2,3,2,2,1
3269,0,5,2,3,1,23,9,2,8,5,9,7,2,2,1,0,1,3,1,1,2,3,2,4,1
16213,1,9,1,4,5,10,13,1,6,2,6,1,2,2,1,0,1,1,1,1,2,3,2,3,1
7920,0,5,7,4,1,19,13,1,2,1,5,8,2,2,1,0,1,3,1,1,3,3,2,2,1
19247,1,4,1,3,2,23,13,3,4,1,4,8,2,3,8,1,12,1,1,1,4,4,2,4,1
10600,1,5,2,4,1,2,13,3,2,2,7,1,2,2,1,0,1,1,1,1,2,6,2,6,1
29424,1,6,7,2,5,9,1,1,7,1,6,1,2,2,1,0,1,4,1,1,2,5,2,5,1
15726,1,4,7,4,1,16,13,1,7,4,10,1,2,2,1,0,2,1,1,2,2,5,2,2,1
20466,0,3,2,2,1,22,13,3,2,2,6,2,2,2,1,0,3,2,1,2,2,5,2,5,1
15730,1,7,6,4,5,11,1,1,8,1,9,7,2,2,1,0,1,2,1,1,2,4,2,3,1
21665,0,4,7,4,1,11,13,1,10,2,10,1,2,2,1,0,1,2,1,1,2,5,2,4,1
19980,1,8,7,4,5,19,1,1,7,1,8,1,2,3,4,0,1,3,1,1,2,3,2,2,1
6018,1,5,3,3,1,14,13,1,7,4,3,1,2,2,1,1,5,3,1,1,2,3,2,3,1