id,Severity,age_classes,day_week,DEFORMED_classes,m_harm_classes,hour,impact1_classes,lgt_cond,make,man_coll,month,p_crash1,pcrash4,pcrash5,rel_road,reljct1,reljct2,rest_use,sex,typ_int,valign,vnum_lan,vsurcond,vtrafway,weather_classes
11877,1,11,2,4,5,11,18,1,7,5,5,7,2,2,1,0,1,3,1,1,2,3,2,2,1
16614,1,6,7,4,1,19,13,2,7,1,10,1,2,2,1,0,1,2,1,1,2,3,2,2,1
18963,0,6,4,4,1,22,7,2,2,2,8,2,2,2,1,0,1,3,1,1,2,3,2,2,1
17024,1,9,4,4,1,15,2,1,7,4,2,1,2,2,1,0,2,3,1,2,2,3,2,2,1
17210,1,5,4,2,5,15,21,1,7,7,12,8,3,2,1,0,3,2,1,3,3,3,2,2,1
417,0,5,5,4,1,19,13,5,4,3,3,8,2,2,1,0,1,2,1,1,3,3,2,2,1
33262,0,4,5,4,1,22,19,3,4,4,7,1,2,2,1,0,8,3,1,1,2,6,2,5,1
10514,1,5,1,4,1,18,13,1,10,4,5,1,2,2,1,0,2,2,1,2,2,5,2,3,1
3401,0,10,7,4,1,19,4,5,8,1,9,8,2,3,4,0,1,3,1,1,4,3,2,2,1
13044,1,13,5,4,1,14,2,1,10,1,8,1,2,4,4,0,1,1,1,1,2,3,2,2,1
14948,0,6,4,4,4,19,13,1,2,1,7,8,2,3,4,0,1,3,1,1,4,3,2,2,1
7006,0,7,2,4,1,21,13,2,7,4,4,1,2,2,1,0,2,2,1,2,2,3,2,2,1
12953,1,8,4,4,1,17,13,1,7,4,5,1,2,2,1,0,2,1,1,2,2,5,2,2,1
29235,1,4,4,4,1,12,13,1,10,3,8,8,2,2,1,0,8,4,1,1,1,1,1,1,1
23973,0,9,3,2,1,12,13,1,7,2,9,2,2,2,1,0,1,1,1,1,2,6,2,4,1
29048,0,3,7,4,1,22,1,2,8,4,8,1,2,2,1,0,2,2,1,2,2,4,2,3,1
16754,1,10,6,4,1,14,13,1,7,4,7,1,2,2,1,0,8,3,1,1,2,5,2,2,1
17352,0,6,2,4,2,18,15,1,10,1,8,7,2,3,3,0,1,2,1,1,2,3,2,4,1
1288,0,10,4,4,1,9,2,1,7,4,9,1,2,2,1,1,2,3,2,2,2,3,2,2,1
19697,0,8,3,2,1,19,13,3,7,4,8,1,2,2,1,0,2,3,1,2,2,7,2,2,1
30309,0,8,7,2,1,15,4,1,7,5,7,8,2,2,1,0,2,3,1,2,2,3,2,6,1
35275,1,5,7,4,1,19,1,1,8,1,5,1,2,2,1,0,3,1,1,3,2,3,2,2,1
31360,0,9,1,4,1,10,13,1,4,3,7,8,2,2,1,0,1,3,2,1,3,3,2,2,1
7358,0,9,6,4,1,13,13,1,4,4,5,1,2,2,1,0,2,2,1,2,2,3,2,2,1
13497,0,8,1,4,1,20,13,5,7,4,5,1,2,2,1,0,1,3,1,1,2,3,2,2,1
35129,0,6,6,4,5,21,1,3,7,1,6,1,2,3,3,0,1,4,1,1,2,4,2,4,1
22591,0,5,1,2,5,10,1,1,8,1,5,8,3,2,1,0,1,3,1,1,4,3,2,6,1
12448,1,4,3,4,3,20,13,5,10,1,6,1,2,3,4,0,1,2,2,1,2,5,2,2,1
17508,1,10,2,4,1,17,13,1,7,3,8,8,2,2,1,0,1,3,2,1,3,3,2,2,1
2570,0,8,7,4,1,12,13,1,7,3,12,8,2,2,1,0,1,1,1,1,3,3,2,2,1
1592,0,7,3,4,1,16,13,1,2,3,11,8,2,2,1,0,1,1,1,1,3,3,2,2,1
15909,0,9,5,4,5,16,1,1,4,1,9,8,3,3,4,0,1,3,1,1,4,3,2,2,1
26149,0,7,4,4,1,7,11,1,2,1,1,1,2,2,1,0,1,1,1,1,2,3,2,2,1
8733,1,8,1,4,1,14,10,1,7,1,7,6,2,2,1,0,1,3,1,1,2,3,2,3,1
11103,0,3,1,4,1,7,13,1,8,4,4,1,2,2,1,0,8,1,1,1,2,3,2,2,1
14921,1,8,6,4,1,15,13,1,7,4,4,8,2,2,1,0,2,3,1,3,3,3,2,2,1
16091,0,4,6,4,1,19,13,2,2,3,2,1,2,2,1,0,1,1,1,1,2,3,2,2,1
29701,0,10,5,2,1,10,18,1,2,5,4,8,2,2,1,0,2,4,1,2,2,3,2,7,1
10814,1,7,5,4,1,12,12,1,1,5,5,7,2,2,1,0,2,1,1,3,2,5,2,3,1
31273,1,8,7,3,4,17,13,1,2,1,7,1,2,3,4,0,1,4,1,1,2,3,2,2,1
588,1,9,6,4,1,17,13,1,7,4,7,1,2,2,1,0,2,1,1,3,2,3,2,2,1
4101,0,8,2,2,1,12,13,1,7,2,1,1,3,2,1,0,2,3,1,2,2,5,2,2,1
8048,1,7,4,4,1,14,13,1,7,4,8,1,2,2,1,0,2,1,1,3,2,5,2,2,1
19819,0,8,4,4,1,18,13,2,1,3,2,8,2,2,1,0,1,1,1,1,3,3,2,2,1
18188,0,4,6,4,1,3,13,2,7,2,6,1,2,2,1,0,1,1,1,1,2,3,2,3,1
16368,1,5,7,4,1,2,13,3,2,1,7,8,2,3,4,0,1,3,1,1,3,3,2,2,1
18025,1,6,7,4,1,16,13,1,4,4,7,1,2,2,1,0,1,1,1,1,2,5,2,2,1
13416,0,4,3,4,1,19,15,5,4,1,8,7,2,3,4,0,1,1,1,1,4,5,2,2,1
26810,0,4,6,4,1,24,13,2,4,1,4,8,2,2,1,0,1,2,1,1,4,3,2,2,1
16527,0,9,5,4,4,19,13,1,7,1,4,8,2,3,6,0,1,1,1,1,4,3,2,2,1
10877,0,8,1,4,5,13,15,1,7,1,8,8,2,2,1,0,1,3,1,1,4,3,2,2,1
3492,0,7,6,4,1,2,13,2,4,3,5,1,2,2,1,0,1,2,1,1,2,3,2,4,1
34551,0,7,4,3,3,16,13,1,7,1,7,1,2,3,4,0,3,3,1,2,2,3,2,2,1
10432,0,6,4,2,5,20,1,2,4,1,3,1,3,2,1,0,8,2,1,1,2,3,2,4,1
11048,0,3,1,4,1,14,13,1,10,3,4,8,2,2,1,0,1,1,1,1,3,3,2,2,1
15853,1,4,1,4,4,9,13,1,10,1,5,1,2,3,4,0,1,3,1,1,2,3,2,2,1
11989,1,5,5,4,1,21,13,3,2,2,8,1,2,2,1,0,2,3,1,3,2,3,2,2,1
17933,0,4,5,4,3,12,13,1,8,1,8,1,3,3,4,0,3,3,1,2,2,3,2,3,1
35771,1,9,7,4,1,10,22,1,7,7,2,7,2,2,1,0,1,3,1,1,2,5,2,6,1
8662,0,9,2,3,5,16,1,1,8,1,5,1,3,2,1,0,8,1,1,1,2,3,2,2,1
36146,0,11,7,4,1,8,13,1,7,4,1,1,2,2,1,0,2,1,1,2,2,4,2,4,1
31516,1,7,3,4,1,17,7,1,10,2,7,2,2,2,1,0,1,1,1,1,2,3,2,2,1
9917,1,5,4,3,5,22,2,3,7,1,5,6,2,2,1,1,5,3,1,1,2,2,2,7,1
13469,0,7,7,4,5,9,13,1,7,1,11,8,3,3,5,0,1,3,1,1,5,3,2,2,1
32545,0,3,2,2,1,11,7,1,3,2,6,2,2,2,1,0,3,4,1,2,2,3,2,2,1
20968,1,7,7,2,1,8,13,1,4,3,7,1,3,2,1,0,8,1,1,1,2,3,2,2,1
23584,0,7,7,2,1,10,20,1,1,4,4,4,2,2,1,0,3,2,2,2,2,4,2,2,1
16216,1,13,1,4,5,19,13,3,4,1,3,1,2,3,4,0,2,1,1,2,2,3,2,2,1
18031,1,6,2,4,1,20,13,3,2,4,7,1,2,2,1,0,2,1,1,2,2,5,2,2,1
5125,1,3,5,4,1,14,13,1,8,4,1,1,2,2,1,0,2,1,1,2,2,5,2,5,1
7067,0,4,7,4,5,16,1,1,8,1,6,8,3,3,10,0,1,1,1,1,4,3,2,2,1
7567,0,7,2,4,1,10,13,1,7,1,9,8,2,3,6,0,1,1,1,1,3,3,2,2,1
12155,1,8,7,2,5,21,1,2,7,1,5,8,3,3,4,0,1,1,1,1,3,3,2,2,1
33675,1,11,1,3,4,2,13,2,7,1,5,8,2,3,4,0,1,4,1,1,3,3,2,2,1
27504,1,5,6,4,5,22,1,2,8,1,9,2,3,2,1,0,1,3,1,1,4,3,2,2,1
12482,1,10,1,3,3,12,6,1,10,5,6,1,2,2,1,0,1,3,1,1,2,3,2,3,1
17013,1,8,1,4,5,24,22,3,7,1,3,1,2,3,4,0,1,3,1,1,2,3,2,2,1
2632,0,8,2,4,5,14,1,1,10,1,9,8,2,3,4,0,1,1,1,1,4,3,2,2,1
8725,1,7,7,4,1,18,13,1,7,4,7,1,2,2,1,0,8,3,1,1,2,5,2,2,1
19936,1,10,6,4,1,16,13,1,7,4,5,7,2,2,1,0,2,3,1,2,2,3,2,2,1
36476,1,4,1,4,1,19,11,5,7,5,3,1,2,2,1,0,2,4,1,2,2,4,2,3,3
30442,1,9,5,2,1,17,13,1,10,2,10,5,2,2,1,0,1,3,1,1,2,5,2,5,1
11624,1,7,5,4,1,20,13,2,8,1,11,1,2,2,1,0,1,1,1,1,2,5,2,3,1
34568,0,10,6,3,1,17,13,1,7,4,6,1,2,2,11,0,1,3,1,1,2,6,2,5,1
3647,1,2,3,4,1,19,7,1,10,7,5,1,3,2,1,0,2,1,1,2,2,3,2,2,1
16240,0,4,2,4,1,21,13,3,8,4,7,1,2,2,1,1,2,1,1,2,2,4,2,3,1
247,0,6,4,3,1,18,13,3,8,4,11,1,3,2,1,0,8,1,1,1,2,3,2,3,1
4698,0,12,6,4,1,16,11,1,7,6,4,8,2,2,1,0,1,1,1,1,3,3,2,2,1
399,0,4,6,4,1,3,13,2,10,2,3,1,2,2,1,0,1,2,1,1,2,8,2,4,1
3866,1,4,1,4,3,2,13,2,10,1,4,1,3,3,3,0,1,3,1,1,2,3,2,4,1
3302,0,3,2,4,1,16,13,1,10,4,5,1,2,2,1,0,4,3,1,1,2,5,2,2,1
26629,0,4,6,4,5,12,1,1,4,1,7,1,2,3,8,1,13,2,1,1,2,3,2,4,1
5590,0,12,7,3,1,15,13,1,2,1,7,8,2,3,4,0,1,1,1,1,4,2,2,3,1
6863,0,4,6,4,1,23,13,2,7,2,5,7,2,2,1,0,1,3,1,1,2,5,2,3,1
21636,0,3,3,4,1,23,21,3,10,5,7,7,2,2,1,0,1,2,1,1,2,5,2,4,1
10069,0,5,4,4,5,4,1,3,7,1,7,8,2,3,4,0,1,2,1,1,4,3,2,2,1
3283,1,6,1,4,1,16,13,1,10,4,4,1,2,2,1,0,1,3,1,1,2,3,2,2,1
1307,1,5,4,4,5,14,4,1,2,5,9,1,2,2,1,0,1,3,1,1,2,3,2,2,1
22634,0,8,3,4,5,17,1,1,7,1,9,1,2,2,1,0,8,2,1,1,2,5,2,2,1
4868,0,9,6,4,1,15,13,1,8,3,9,1,2,2,1,0,2,1,1,3,2,3,2,2,1
15193,1,9,7,4,5,15,15,1,7,1,5,1,2,2,1,0,1,3,1,1,2,3,2,2,1
17165,0,4,6,4,1,7,13,1,8,4,5,1,2,2,1,0,2,1,1,2,2,3,2,2,1
126,1,8,7,4,1,9,18,1,7,5,3,1,2,2,1,0,1,3,1,1,2,3,2,2,1
18033,0,6,7,4,1,19,13,1,8,3,7,8,2,2,1,0,2,1,1,3,5,4,2,4,1
9842,0,9,1,4,4,19,13,1,2,1,8,8,2,3,5,0,1,1,1,1,4,3,2,2,1
15275,0,6,4,3,1,18,13,3,8,4,11,1,3,2,1,0,8,1,1,1,2,3,2,3,1
6059,1,6,4,4,5,14,1,1,2,1,1,1,2,2,1,0,8,3,1,1,2,3,2,2,1
34546,0,13,5,4,5,13,1,1,7,1,7,1,2,2,1,0,8,3,1,1,2,6,2,5,1
975,1,2,1,4,1,15,12,1,8,4,2,1,2,2,1,0,2,3,1,2,2,3,2,3,1
14760,1,8,2,4,1,17,13,1,7,4,8,1,2,2,1,0,2,1,1,2,2,5,3,2,1
1042,0,4,3,4,1,21,13,3,2,4,4,1,3,2,1,0,2,1,1,3,2,3,2,3,1
29046,0,3,7,4,1,22,13,2,2,4,8,1,2,2,1,0,2,2,1,2,2,4,2,3,1
11456,1,7,6,4,5,19,1,2,7,1,12,1,2,2,1,0,1,3,1,1,2,3,2,2,1
22276,0,8,7,4,1,10,2,1,7,4,4,1,2,2,1,0,2,3,1,2,2,4,2,4,1
6367,0,8,1,4,1,19,13,3,7,4,10,8,2,2,1,0,2,3,1,2,2,3,2,3,1
18990,1,10,7,4,5,12,1,1,7,1,8,8,2,3,4,0,1,3,1,1,4,3,2,2,1
3759,0,13,2,2,5,15,1,1,2,1,8,8,3,3,4,0,1,2,1,1,4,3,2,2,1
17714,0,5,4,2,1,5,13,2,7,1,8,1,2,2,1,0,1,1,1,1,2,3,2,2,1
18443,1,3,3,2,1,17,1,1,8,1,8,1,3,2,1,0,2,3,1,3,2,3,2,2,1
15562,1,9,6,4,1,6,18,1,2,4,7,1,2,2,1,0,1,1,1,1,2,3,2,2,1
3613,0,5,7,4,1,2,13,2,7,1,3,8,2,3,4,0,1,3,1,1,4,3,2,2,1
8884,1,5,4,4,3,19,13,5,8,1,5,8,3,3,4,0,1,3,1,1,3,3,2,2,1
14465,1,9,1,3,3,1,13,3,3,1,7,8,2,3,10,0,1,2,1,1,5,4,2,6,1
14101,0,7,6,3,1,20,10,2,7,1,9,8,2,3,4,0,1,1,1,1,4,3,2,2,1
26603,0,8,7,3,2,12,13,1,10,1,5,1,2,2,1,1,5,2,1,1,2,3,2,7,1
15006,0,8,1,2,1,15,7,1,7,2,10,1,2,2,1,0,1,3,1,1,2,3,2,2,1
30322,0,3,3,4,1,16,12,1,7,4,9,1,2,2,1,0,2,3,1,2,2,3,2,2,1
8962,0,5,4,4,1,19,13,2,8,2,12,1,2,2,1,0,1,3,1,1,2,3,2,2,1
3234,1,9,6,4,1,14,19,1,7,6,10,8,2,2,1,0,1,1,1,1,3,4,2,3,1
17011,1,6,7,4,5,16,4,1,7,1,1,8,2,3,4,0,1,3,1,1,3,3,2,2,1
11245,1,6,5,3,5,21,1,3,2,1,7,1,2,2,1,0,1,3,1,1,2,3,2,2,1
1648,0,4,5,4,1,22,13,3,8,4,11,1,2,2,1,0,2,3,1,2,2,3,2,4,1
21747,0,5,3,2,1,18,7,1,2,2,5,7,2,2,1,0,1,2,1,1,2,7,2,4,1
16540,0,10,3,4,1,11,13,1,7,4,5,1,2,2,1,0,8,1,1,1,2,3,2,2,1
27639,1,8,1,2,5,8,1,1,4,1,9,1,2,2,1,0,2,2,1,2,2,4,2,2,1
32139,0,3,5,2,1,14,13,1,8,1,11,1,2,3,5,0,3,1,1,3,2,3,2,2,1
6452,1,5,6,4,5,23,13,2,7,2,12,1,2,2,1,0,1,3,1,1,2,3,2,2,1
9883,1,5,1,4,1,20,13,1,4,4,5,7,2,2,1,0,2,1,1,3,2,3,2,2,1
29668,0,4,5,3,5,17,1,3,2,1,11,1,2,3,4,0,3,4,1,3,2,5,2,2,1
5766,1,3,7,4,1,14,13,1,4,4,12,1,2,2,1,0,2,1,1,2,2,3,2,2,1
32423,0,8,6,3,1,17,13,2,1,3,12,1,2,2,1,0,1,3,1,1,2,3,2,2,1
977,1,4,3,4,1,24,13,3,4,4,1,1,2,2,1,0,2,1,1,2,2,3,2,2,1
5323,1,8,7,4,1,18,13,1,7,4,9,8,2,2,1,0,2,3,1,2,4,3,3,2,1
10086,1,6,6,4,1,17,13,1,4,4,9,1,2,2,1,0,2,1,1,2,2,3,2,2,1
15196,0,10,7,3,1,15,13,1,7,1,5,8,2,3,4,0,1,3,1,1,4,4,2,2,1
22559,0,8,3,4,1,24,13,3,4,2,10,1,2,2,1,0,1,2,1,1,2,2,2,4,1
28707,1,10,4,3,5,6,1,1,7,1,8,1,2,2,1,0,3,3,1,2,2,3,2,2,1
17951,1,4,3,4,1,17,13,1,4,4,4,1,2,2,1,0,2,1,1,3,2,3,2,2,1
13662,1,10,5,4,1,18,13,1,7,4,4,1,3,2,1,0,2,3,1,3,2,3,2,2,1
12942,1,4,3,4,1,17,13,1,4,4,4,1,2,2,1,0,2,1,1,3,2,3,2,2,1
10256,1,11,4,4,5,9,1,1,7,1,10,8,2,3,4,0,1,1,1,1,4,3,2,2,1
4906,1,8,6,4,1,15,2,1,7,4,5,8,2,2,1,0,2,3,1,2,2,3,2,3,1
14880,1,10,7,4,5,11,1,1,2,1,10,8,2,3,5,0,1,1,1,1,4,3,2,2,1
25165,1,5,1,4,3,10,13,1,4,1,6,8,3,3,4,0,1,1,1,1,4,5,2,2,1
29498,0,7,6,2,1,14,13,1,2,2,6,1,2,2,1,0,1,2,1,1,2,4,2,4,1
12688,1,10,3,4,1,7,13,1,10,4,8,8,2,2,1,0,8,1,1,1,3,3,2,2,1
31351,0,4,3,3,1,18,13,1,10,2,5,5,2,2,1,0,3,4,1,2,2,3,2,3,1
21131,1,7,6,2,1,9,21,1,8,4,9,1,2,2,1,0,2,2,1,2,2,4,2,4,1
1276,0,4,3,4,5,4,13,3,8,2,8,1,2,2,1,0,1,1,1,1,2,4,2,4,1
22407,1,8,7,4,1,20,3,3,7,4,12,8,2,2,1,0,2,3,1,2,2,3,2,4,1
7000,1,7,1,3,5,16,6,1,7,1,4,8,3,3,4,0,1,3,1,1,3,3,8,2,2
7065,1,10,6,3,5,15,1,1,2,1,6,8,3,3,4,0,1,1,1,1,4,3,9,2,1
17531,1,9,7,4,1,18,13,3,7,4,2,1,2,2,1,0,2,1,1,3,2,4,2,3,1
16646,1,9,7,4,1,16,11,1,7,4,12,1,2,2,1,0,2,1,1,3,2,3,2,2,1
16947,0,6,3,4,1,13,13,1,7,4,9,1,2,2,1,0,2,3,1,2,2,3,2,5,1
22479,1,8,2,2,1,7,12,1,4,1,9,1,2,2,1,0,1,2,1,1,2,3,2,2,1
6860,0,4,4,4,1,3,13,3,4,4,5,1,2,2,1,0,2,2,1,3,2,3,2,2,1
15455,0,4,1,3,5,13,1,1,6,1,3,1,2,3,4,0,1,1,1,1,4,3,2,2,1
2572,0,9,5,4,5,18,1,2,7,1,2,8,2,2,1,0,1,1,1,1,4,3,2,2,1
24797,0,5,7,2,1,11,1,1,1,2,6,1,2,2,1,0,8,2,1,1,2,3,2,2,1
16599,1,4,5,4,5,12,1,1,4,1,9,1,3,2,1,0,1,1,1,1,2,3,2,2,1
12045,0,5,4,4,1,24,4,3,10,1,9,8,2,3,4,1,5,3,1,1,3,2,2,7,1
19390,1,10,2,2,1,7,13,1,7,2,7,1,2,2,1,0,2,1,1,3,2,4,2,2,1
28432,0,6,6,4,1,12,13,1,7,4,4,1,2,2,1,0,8,1,1,1,2,3,2,2,1
16477,1,3,5,4,1,11,13,1,2,4,12,1,2,2,1,0,2,1,1,2,2,5,2,5,1
4674,1,10,2,2,1,17,13,5,7,4,12,8,2,2,1,0,8,3,1,1,2,5,2,2,1
32256,0,4,7,4,1,14,20,1,10,5,5,1,3,2,1,0,8,4,1,1,2,3,2,2,1
1011,1,6,6,4,5,24,1,2,11,1,3,8,2,3,4,0,1,3,1,1,4,3,2,2,1
33700,0,12,6,3,1,13,19,1,7,5,6,7,2,2,1,0,1,1,1,1,2,6,2,4,1
11753,1,3,7,4,5,15,7,1,2,2,7,8,2,2,1,0,1,3,1,1,2,3,2,2,1
28952,0,5,7,4,1,16,13,1,4,4,4,1,3,2,1,0,8,1,1,1,2,3,2,4,1
18151,1,8,5,4,1,15,13,1,2,3,5,8,2,2,1,0,1,1,1,1,3,3,2,2,1
24650,0,6,7,4,1,14,13,1,7,4,7,1,2,2,1,0,2,3,1,4,2,4,2,3,1
30944,1,3,2,4,1,15,13,1,4,1,5,1,3,3,7,0,1,3,1,1,2,3,2,2,1
3406,1,9,2,4,1,15,3,1,7,4,9,1,2,2,1,0,2,3,1,2,2,5,2,2,1
5967,1,4,3,4,1,7,13,1,4,2,5,1,2,2,1,0,1,1,1,1,2,5,2,2,1
15886,1,8,6,4,5,15,2,1,7,4,8,1,2,2,1,1,2,3,1,2,2,3,2,2,1
16227,0,10,1,4,1,24,13,3,2,3,4,1,2,2,1,0,3,3,1,1,2,3,2,2,1
11472,1,3,7,4,1,19,13,5,10,4,8,1,2,2,1,0,2,3,1,2,2,3,2,2,1
11349,1,3,3,4,1,17,10,1,7,4,10,8,2,2,1,0,8,1,1,1,2,3,2,2,1
21975,0,9,1,4,4,15,7,1,2,1,5,1,2,3,4,0,2,1,1,3,2,3,2,2,1
6896,0,7,5,4,5,11,1,1,8,1,7,1,2,2,1,0,1,3,1,1,2,3,2,2,1
21156,1,6,2,2,1,19,13,3,8,2,10,8,2,2,1,0,8,2,1,1,1,1,1,1,1
31234,1,3,6,4,1,20,13,3,10,4,5,1,3,2,1,0,2,3,1,2,2,3,2,2,1
12505,0,7,6,4,1,14,13,1,10,2,9,1,2,2,1,0,3,2,1,2,2,3,2,3,1
22894,0,10,5,4,5,10,1,1,7,1,10,2,3,2,1,0,1,3,1,1,2,5,2,4,1
32749,0,4,7,4,1,23,13,3,8,2,4,1,2,2,1,0,8,1,1,1,2,4,2,4,1
32358,0,3,5,4,1,20,13,3,10,4,8,1,2,2,1,0,2,3,1,3,2,3,2,3,1
2717,1,8,7,4,1,8,13,1,7,4,5,1,3,2,1,0,2,1,1,2,2,5,2,4,1
13918,0,7,7,4,1,21,13,2,2,2,6,1,2,2,1,0,1,3,1,1,2,3,2,3,1
20770,0,7,5,2,1,11,7,1,8,2,8,1,2,2,1,0,3,2,1,3,2,3,2,2,1
26779,0,3,6,3,1,16,13,1,2,2,9,1,2,2,1,0,1,3,1,1,2,5,2,2,1
1653,0,4,6,4,1,17,13,1,8,4,4,1,2,2,1,0,2,2,1,3,2,5,2,5,1
16766,0,5,5,4,5,1,7,2,7,2,7,1,2,2,1,0,1,3,1,1,2,3,2,3,1
24033,0,5,6,4,1,19,13,5,4,4,8,8,2,2,1,0,1,1,1,1,3,3,2,2,1
18000,0,13,5,4,5,20,12,1,10,1,6,1,2,2,1,0,1,1,1,1,2,3,2,2,1
19189,1,4,3,2,5,18,1,3,4,1,3,1,2,2,1,0,2,3,1,3,2,3,2,2,1
22211,1,6,5,4,1,14,13,1,10,4,11,1,2,2,1,0,8,3,1,1,2,4,2,5,1
27038,0,8,5,3,5,13,1,1,7,1,11,1,2,2,1,0,2,1,1,2,2,3,2,3,1
19689,0,5,1,4,2,10,13,1,10,1,8,8,3,3,4,0,1,1,1,1,3,3,2,2,1
32557,0,5,6,4,1,18,12,1,7,4,9,1,2,2,1,0,2,4,1,3,2,4,2,2,1
28905,0,3,5,3,5,14,1,1,4,1,12,1,2,2,1,0,1,1,1,1,2,3,2,2,1
18007,1,8,7,4,5,13,1,1,7,1,7,8,3,2,1,0,1,3,1,1,3,3,2,2,1
209,0,10,7,4,1,11,18,1,7,6,9,8,2,2,1,0,1,1,1,1,4,3,2,2,1
7680,1,10,3,4,1,7,13,1,10,4,8,8,2,2,1,0,8,1,1,1,3,3,2,2,1
9756,0,5,6,4,1,16,13,1,8,3,8,8,2,2,1,0,1,1,2,1,3,3,2,2,1
7409,1,9,5,4,5,21,1,1,7,1,7,8,2,3,4,0,1,2,1,1,4,3,2,2,1
24219,0,6,5,2,1,17,13,1,7,4,8,1,2,2,1,0,2,3,1,2,2,2,2,6,1
3522,1,9,2,2,5,13,1,1,10,1,8,8,3,2,1,0,3,3,1,1,3,3,2,2,1
30402,0,8,6,2,1,5,13,1,7,2,4,1,2,2,1,0,1,4,1,1,2,3,2,4,1
16915,1,5,5,4,1,20,13,1,2,2,7,1,2,2,1,0,1,3,1,1,2,3,2,2,1
28319,0,8,6,2,1,16,7,1,7,2,6,8,2,2,1,0,1,1,1,1,3,3,2,2,1
16309,1,8,6,4,1,20,7,3,10,2,8,1,2,2,1,0,2,3,1,2,2,4,2,3,1
4867,1,7,1,4,1,12,13,1,8,4,5,1,3,2,1,0,2,1,1,2,2,3,2,2,1
30552,0,7,7,2,1,20,10,2,7,4,2,8,2,2,1,0,8,3,1,1,1,1,1,1,1
25902,0,4,2,4,1,16,13,1,4,2,4,7,2,2,1,0,1,2,1,1,2,4,2,4,1
29859,0,10,4,2,1,13,7,1,7,2,6,1,2,2,1,0,3,4,1,2,2,3,2,3,1
21761,1,3,3,4,1,16,1,1,8,1,6,1,3,2,1,0,2,2,1,4,2,3,2,2,1
3958,0,7,6,4,1,22,13,2,7,4,12,1,2,2,1,0,2,3,1,3,2,3,2,2,1
27006,0,7,3,4,5,19,1,3,8,1,10,1,2,2,1,0,1,2,2,1,2,6,2,4,1
20738,1,4,5,2,1,17,13,1,10,1,6,1,2,2,3,0,1,2,1,1,2,4,2,4,1
16229,1,6,1,2,5,20,1,5,2,1,6,7,3,2,1,0,1,3,1,1,2,3,2,2,1
1308,0,4,5,4,1,24,13,2,2,4,9,1,2,2,1,0,2,3,1,3,2,4,2,3,1
18674,0,3,6,4,1,22,12,2,2,1,5,1,2,3,4,0,1,2,1,1,2,3,2,2,1
1161,1,10,6,4,1,21,13,2,7,4,6,1,2,2,1,0,2,3,1,4,2,3,2,2,1
31752,0,7,7,3,1,5,13,3,10,2,9,1,2,2,1,0,3,4,1,3,2,3,2,5,1
14043,1,6,4,4,1,12,13,1,2,2,6,2,3,2,1,0,2,1,1,3,2,3,2,2,1
986,0,4,6,4,1,18,13,5,3,2,2,1,2,2,1,0,8,3,1,1,2,3,2,2,1
27891,1,7,1,2,5,23,1,3,4,1,6,8,2,2,1,0,2,1,1,2,2,5,2,2,1
3053,1,2,4,4,1,14,13,1,10,4,9,1,2,2,1,0,8,3,1,1,2,3,2,2,1
7726,1,8,7,4,1,8,13,1,7,4,5,1,3,2,1,0,2,1,1,2,2,5,2,4,1
32727,0,10,3,2,1,12,13,1,7,2,2,7,2,2,1,0,1,1,1,1,2,3,2,4,1
1602,0,5,6,4,3,22,13,2,10,1,8,7,2,3,4,0,1,1,1,1,4,3,2,2,1
36627,0,4,1,4,1,5,13,2,2,1,9,1,2,2,1,0,1,4,1,1,2,3,2,3,3
11781,1,8,2,4,1,15,13,1,7,2,8,1,2,2,1,0,1,3,1,1,2,3,2,2,1
21605,1,7,1,4,1,12,13,1,8,4,5,1,3,2,1,0,2,2,1,2,2,3,2,2,1
6747,1,3,7,4,5,15,13,1,10,2,7,8,2,2,1,0,1,3,1,1,2,3,2,2,1
7366,0,4,2,4,1,21,13,5,4,4,6,1,2,2,1,0,2,2,1,2,2,3,2,2,1
6741,1,9,2,4,1,23,3,2,7,1,8,1,3,3,3,0,2,3,1,2,2,3,2,4,1
19953,1,9,1,4,1,12,13,1,7,2,6,1,2,2,1,0,2,3,1,3,2,3,2,2,1
19231,1,9,7,2,1,13,13,1,4,2,4,1,3,2,1,0,2,3,1,3,2,4,2,6,1
11966,1,6,6,4,1,4,10,3,10,4,4,2,2,2,1,0,1,1,1,1,2,5,2,4,1
1842,0,8,1,4,1,17,13,1,10,4,4,1,2,2,1,0,2,3,1,2,2,3,2,2,1
30434,0,4,6,2,1,16,13,1,7,2,7,2,2,2,1,0,3,3,1,2,2,3,2,2,1
16201,0,9,4,4,1,15,13,1,7,4,3,7,2,2,1,0,4,3,1,1,2,3,2,2,1
4650,1,8,3,4,1,15,13,1,2,4,2,1,2,2,1,0,2,3,1,2,2,3,2,2,1
12202,0,3,4,4,5,17,15,5,8,1,12,1,2,2,1,0,1,1,1,1,2,3,2,2,1
13361,0,5,1,3,1,1,10,3,7,1,7,8,2,3,4,0,1,3,1,1,4,3,2,2,1
5649,0,4,7,4,1,2,13,3,2,3,3,1,2,2,1,1,2,2,1,3,2,3,2,4,1
5382,1,7,1,3,1,15,13,1,7,2,2,7,3,2,1,0,1,2,1,1,2,4,2,4,1
17635,1,4,3,4,3,16,13,1,4,1,7,1,2,3,4,0,3,1,1,1,2,5,2,5,1