id,Severity,age_classes,day_week,DEFORMED_classes,m_harm_classes,hour,impact1_classes,lgt_cond,make,man_coll,month,p_crash1,pcrash4,pcrash5,rel_road,reljct1,reljct2,rest_use,sex,typ_int,valign,vnum_lan,vsurcond,vtrafway,weather_classes
22722,0,9,7,4,1,16,13,1,2,4,7,1,2,2,1,0,8,3,1,1,2,3,2,2,1
18619,0,8,6,4,1,15,13,1,11,4,7,1,2,2,1,0,1,1,1,1,2,3,2,2,1
8028,0,3,1,4,1,17,13,1,10,4,8,1,2,2,1,0,8,1,1,1,2,3,2,2,1
3650,0,6,3,4,1,12,13,1,4,4,5,1,3,2,1,0,2,3,1,2,2,3,2,3,1
19273,0,9,1,4,1,15,3,1,7,4,5,7,2,2,1,0,8,1,1,1,2,3,2,2,1
1208,1,7,4,4,1,10,22,1,7,5,5,1,2,2,1,0,2,3,1,3,2,4,2,3,1
25117,0,6,7,4,5,16,1,1,7,1,10,1,2,2,1,0,8,1,1,1,2,3,2,2,1
6274,0,3,6,4,1,10,13,1,10,1,8,1,3,3,4,0,1,1,1,1,2,3,2,2,1
5986,1,4,3,4,1,24,13,3,4,4,1,1,2,2,1,0,2,1,1,2,2,3,2,2,1
13062,1,6,4,4,1,7,13,1,2,4,8,1,2,2,1,0,2,1,2,3,2,7,2,2,1
9945,0,11,5,4,1,21,13,5,7,2,7,1,2,2,1,0,1,3,1,1,2,3,2,2,1
34825,0,3,5,4,5,11,1,1,2,1,7,1,3,3,4,0,1,1,1,1,4,3,2,2,1
11172,1,9,1,4,1,15,4,1,1,4,5,1,2,2,1,0,2,1,1,2,2,3,2,2,1
15765,1,8,1,4,1,15,13,1,2,2,10,1,2,2,1,0,1,1,1,1,2,3,2,3,1
3096,1,8,7,4,1,24,2,3,8,1,8,8,2,3,4,0,3,1,1,7,4,3,2,2,1
10594,0,10,2,3,1,7,13,1,7,3,6,8,2,2,1,0,1,1,1,1,3,3,2,2,1
537,1,4,7,4,1,9,13,1,6,4,7,1,2,2,1,0,8,1,1,1,2,5,2,2,1
3876,1,6,7,4,1,20,13,5,4,4,5,8,2,5,1,0,8,1,1,1,3,3,2,3,1
31177,0,3,7,2,1,17,1,1,10,1,10,1,2,2,1,0,1,1,1,1,2,6,2,4,1
545,0,3,2,4,1,17,1,1,3,1,7,8,2,2,1,0,2,1,1,2,4,5,2,3,1
18530,1,8,2,4,1,21,13,5,4,4,7,1,2,2,1,0,8,2,1,1,2,5,2,2,1
14547,0,7,1,3,1,2,7,3,10,2,10,1,2,2,1,0,1,3,1,1,2,6,2,4,1
20009,1,10,6,4,5,23,13,2,7,1,9,8,2,3,4,0,1,3,1,1,3,3,2,2,1
16076,0,11,2,4,1,15,7,1,8,2,1,7,2,2,1,0,2,3,1,3,2,3,2,2,1
18163,1,8,6,4,1,14,13,1,2,3,5,1,2,2,1,0,1,1,1,1,2,3,2,2,1
26049,0,9,1,4,1,18,13,3,10,4,11,1,2,2,1,0,2,2,1,3,2,3,2,2,1
11184,1,12,3,4,1,12,4,1,4,4,6,1,2,2,1,0,2,3,1,2,2,3,2,2,1
2095,0,5,1,4,1,11,13,1,2,4,9,1,3,2,1,0,8,1,1,1,2,3,2,2,1
5416,0,4,5,4,5,23,15,3,4,1,3,8,2,3,4,0,1,2,1,1,4,3,2,5,1
10518,1,6,4,4,1,17,13,1,7,4,5,1,2,2,1,1,2,2,1,2,2,4,2,4,1
20265,1,7,2,3,1,11,13,1,2,3,9,8,2,2,1,0,8,1,1,1,2,6,2,2,1
8317,1,9,1,4,1,10,11,1,8,1,5,8,3,3,5,1,5,1,1,1,5,2,2,7,1
25200,1,4,3,2,5,13,1,1,3,1,10,8,2,3,4,1,5,3,1,1,3,3,2,7,1
29002,1,8,6,4,1,20,7,5,2,2,7,2,2,2,1,0,1,1,1,1,2,3,2,4,1
12153,1,7,1,4,1,20,13,2,7,4,5,1,2,2,1,0,8,2,1,1,2,3,2,2,1
3333,1,9,7,3,5,18,4,1,10,1,7,1,2,3,3,0,1,3,1,1,2,3,2,3,1
11049,0,8,1,4,1,16,13,1,8,4,4,1,2,2,1,0,2,1,1,3,2,3,2,3,1
10031,1,7,6,4,1,2,13,3,4,2,3,1,2,2,1,0,1,1,1,1,2,3,2,3,1
443,0,9,7,3,1,18,13,1,7,2,5,1,3,2,1,0,1,2,1,1,2,3,2,2,1
27812,0,6,4,2,1,20,7,1,4,2,4,1,2,2,1,0,1,3,1,1,2,3,2,4,1
32747,0,8,7,4,1,11,13,1,7,4,4,1,2,2,1,0,2,3,1,2,2,5,2,4,1
30447,0,7,5,4,1,19,13,1,7,4,9,1,2,2,1,0,2,4,1,2,2,3,2,3,1
9571,1,4,6,3,2,15,13,1,2,1,11,3,2,3,4,0,3,3,2,3,2,3,2,2,1
14067,1,8,5,4,1,16,13,1,4,4,8,1,2,2,1,0,2,1,1,3,2,3,2,2,1
8995,1,8,1,4,4,18,13,1,4,1,3,1,2,3,4,0,1,1,1,1,2,3,2,2,1
2987,1,7,5,4,1,17,13,1,7,4,7,1,2,2,1,0,2,1,1,2,2,5,2,2,1
28793,1,9,7,3,5,2,1,2,10,1,7,8,2,3,4,0,5,2,1,1,4,2,9,7,1
11384,0,6,6,4,1,24,13,2,4,1,11,1,2,2,1,0,1,3,1,1,2,3,2,2,1
4887,1,8,4,3,5,17,1,1,2,1,8,8,2,2,1,0,1,1,1,1,4,3,2,2,1
15697,1,5,7,4,1,23,1,3,7,1,9,8,2,2,1,0,1,1,1,1,4,5,2,2,1
4983,1,10,6,4,5,23,13,2,7,1,9,8,2,3,4,0,1,3,1,1,3,3,2,2,1
31830,1,8,1,4,3,22,13,3,7,1,3,8,2,3,3,0,1,3,1,1,4,3,2,3,1
19872,1,9,4,4,1,15,7,1,7,2,9,5,2,2,1,0,1,1,1,1,2,3,2,2,1
15753,0,8,2,4,5,14,1,1,2,1,10,8,3,3,4,0,1,1,1,1,3,3,2,2,1
5961,0,3,2,4,1,14,13,1,4,4,8,1,3,2,1,0,2,3,2,2,2,6,2,4,1
820,1,7,7,2,3,22,15,2,7,1,4,8,2,3,4,0,1,3,1,1,4,2,2,3,1
19937,0,7,7,4,1,13,13,1,7,4,5,1,3,2,1,0,2,3,1,2,2,3,2,2,1
8082,1,8,3,4,1,15,13,1,4,4,10,1,3,2,1,0,8,1,1,1,2,3,2,2,1
2721,0,9,3,3,5,17,12,1,8,1,6,1,2,3,5,0,1,1,1,1,2,3,2,2,1
18080,0,8,5,4,1,13,13,1,2,4,8,1,2,2,1,0,2,1,2,3,2,3,2,2,1
2518,0,4,1,4,1,21,13,3,4,4,4,1,2,2,1,0,2,1,1,3,2,3,2,2,1
7966,1,4,3,4,1,19,13,5,4,4,6,1,2,2,1,0,2,1,1,2,2,4,2,2,1
13196,0,6,7,3,1,14,13,1,7,2,7,1,2,2,1,0,1,1,1,1,2,5,2,4,1
13967,1,3,2,4,1,18,13,2,4,4,11,1,2,2,1,0,8,1,1,1,2,3,2,3,1
1755,1,8,6,4,1,16,13,1,10,4,6,1,2,2,1,0,2,1,1,2,2,5,2,2,1
1275,0,8,4,4,1,18,13,1,8,1,7,1,2,3,4,0,1,3,1,1,2,3,2,2,1
16028,0,3,6,4,5,6,1,2,4,1,2,8,2,3,4,0,1,3,1,1,3,3,2,2,1
19738,1,7,6,4,1,12,13,1,2,3,6,8,2,2,1,0,1,1,1,1,3,3,2,2,1
3176,0,6,7,4,1,14,10,1,7,2,7,1,2,2,1,0,1,1,2,1,2,5,2,4,1
13436,0,9,2,4,5,22,1,2,7,1,10,8,2,3,4,1,5,3,1,1,4,4,2,4,1
18559,1,8,1,4,5,18,13,1,7,1,9,8,2,3,4,0,1,3,1,1,3,3,2,2,1
20134,1,4,5,3,5,21,1,3,8,1,6,8,2,3,3,0,1,3,1,1,3,5,2,4,1
25023,0,7,3,4,1,17,13,1,2,4,6,1,2,2,1,0,8,1,1,1,2,3,2,2,1
2326,0,6,2,4,2,18,15,1,10,1,8,7,2,3,3,0,1,2,1,1,2,3,2,4,1
32527,0,10,2,3,5,7,1,4,8,1,9,1,3,2,1,0,1,4,1,1,2,3,2,3,1
30792,0,8,5,2,1,15,18,1,7,5,8,7,2,2,1,0,1,1,1,1,2,5,2,4,1
13880,1,11,6,2,5,19,1,1,8,1,4,1,2,3,3,0,1,3,1,1,2,3,2,4,1
15090,1,6,4,4,5,13,1,1,2,1,8,8,2,3,4,0,5,2,1,1,3,4,2,7,1
7543,1,9,1,4,1,16,13,1,2,4,6,1,2,2,1,0,2,1,1,3,2,3,2,3,1
6315,1,5,4,4,5,14,10,1,4,5,9,7,2,2,1,0,1,3,1,1,2,3,2,2,1
19802,1,10,7,4,1,11,13,1,8,3,10,8,2,2,1,0,1,1,1,1,3,3,2,2,1
25307,0,3,4,4,1,19,13,3,10,4,10,1,2,2,1,0,8,2,1,1,2,4,2,3,1
32359,0,7,2,4,5,21,1,3,7,1,8,2,2,2,1,0,1,4,1,1,2,3,2,2,1
1207,0,2,3,4,1,3,13,3,2,4,7,1,2,2,1,0,2,3,1,2,2,3,2,5,1
4163,1,4,3,2,5,18,1,3,4,1,3,1,2,2,1,0,2,3,1,3,2,3,2,2,1
6297,0,10,4,4,1,9,2,1,7,4,9,1,2,2,1,1,2,3,2,2,2,3,2,2,1
28689,0,6,1,3,2,20,2,5,4,1,6,1,2,2,1,0,1,1,1,1,2,3,2,2,1
20793,0,4,1,2,1,13,18,1,4,4,9,1,2,2,1,0,2,3,1,2,2,3,2,4,1
15171,0,10,4,4,1,11,13,1,7,3,4,8,2,2,1,0,1,1,1,1,4,3,2,2,1
34137,0,2,3,2,5,12,1,1,10,1,6,1,2,3,4,0,1,3,1,1,4,3,2,2,1
20964,0,4,4,2,1,10,13,1,8,4,6,8,2,2,1,0,2,1,1,2,2,4,2,3,1
22964,0,3,1,2,5,16,1,1,2,1,7,1,2,2,1,0,1,2,1,1,2,3,2,3,1
5380,1,4,1,4,1,10,13,1,7,3,1,8,2,2,1,0,1,2,1,1,3,3,2,2,1
30781,0,4,7,2,1,9,13,1,2,2,6,2,2,2,1,0,1,4,1,1,2,6,2,4,1
3630,1,4,2,4,1,21,13,3,8,1,4,1,2,2,1,0,1,2,1,1,2,4,2,3,1
2016,0,7,6,4,1,15,13,1,8,4,8,7,2,2,1,0,4,3,1,1,2,3,2,2,1
18205,0,6,7,3,1,14,13,1,7,2,7,1,2,2,1,0,1,1,1,1,2,5,2,4,1
6946,0,5,3,4,1,15,13,1,10,4,10,1,2,2,1,0,2,3,1,2,2,3,2,2,1
18067,1,10,6,4,2,15,13,1,7,1,9,8,2,3,4,0,1,1,1,1,3,3,2,2,1
2151,0,4,5,4,1,21,13,2,2,3,6,7,2,2,1,0,1,1,1,1,2,3,2,2,1
25703,0,10,5,4,5,16,1,1,8,1,4,8,2,3,4,0,1,2,1,1,4,3,2,2,1
36164,0,6,7,4,1,12,6,1,7,5,2,1,2,2,1,0,2,3,1,3,2,4,2,4,1
1906,1,9,1,4,1,19,1,5,7,1,8,2,3,2,1,0,1,3,1,1,2,3,2,2,1
12959,1,6,2,4,1,21,13,2,4,4,6,1,2,2,1,0,8,1,1,1,2,3,2,2,1
32842,0,9,7,2,5,17,1,1,7,1,3,1,3,2,1,0,1,4,1,1,2,3,2,2,1
34121,1,9,3,4,5,16,1,1,10,1,5,1,2,2,1,0,1,4,1,1,2,3,2,2,1
19005,1,9,6,3,5,13,1,1,7,1,9,7,2,3,4,0,1,3,1,1,2,3,2,2,1
8813,1,4,1,3,5,17,1,1,7,1,10,1,3,2,1,0,1,3,1,1,2,4,2,4,1
23472,0,5,1,2,1,19,22,1,2,4,6,7,2,2,1,0,1,2,1,1,2,3,2,4,1
36216,0,4,4,4,5,16,13,1,4,1,4,7,2,3,3,0,1,1,1,1,3,3,2,4,1
178,0,12,7,4,5,22,15,2,4,1,6,1,2,3,4,0,1,1,1,1,2,3,2,3,1
13283,0,11,3,4,1,12,13,1,2,2,8,1,2,2,1,0,3,1,1,2,2,3,2,4,1
2884,0,4,1,4,1,14,13,1,2,1,11,1,2,3,4,0,1,3,1,1,2,3,2,2,1
11263,1,4,2,4,1,8,13,1,10,4,8,1,2,2,1,0,2,1,1,2,2,4,2,3,1
23668,0,3,2,2,1,19,15,1,2,1,5,5,2,2,4,0,3,1,1,2,2,3,2,2,1
7118,1,3,3,2,1,19,13,2,4,4,10,1,3,2,1,0,2,1,1,3,2,3,2,3,1
16589,1,9,1,4,5,18,1,1,7,1,7,1,2,2,1,0,1,1,1,1,2,3,2,4,1
9975,0,7,1,3,1,14,13,1,7,1,8,8,2,2,1,0,1,3,1,1,4,3,2,2,1
11935,0,4,3,4,1,13,13,1,2,2,9,7,2,2,1,1,12,3,1,1,4,3,2,4,1
21751,0,8,5,2,1,15,18,1,9,5,5,1,2,2,1,0,1,2,1,1,2,7,2,4,1
30055,0,4,5,2,5,13,1,1,2,1,3,8,2,2,1,0,3,4,2,2,2,3,2,3,1
11796,1,4,7,4,1,23,13,3,7,4,8,1,2,2,1,0,2,3,1,2,2,3,2,2,1
9295,0,12,7,3,1,12,13,1,7,4,6,1,2,2,1,0,8,3,1,1,2,5,2,5,1
19746,1,9,4,4,1,23,13,3,3,3,6,1,2,2,1,1,2,1,1,3,2,3,2,2,1
20286,0,11,4,2,5,14,1,1,2,1,11,2,2,2,1,0,1,1,1,1,2,3,2,2,1
11541,1,12,7,4,1,22,10,3,10,4,6,1,2,2,1,0,2,1,1,2,2,3,2,2,1
22546,0,4,5,2,1,19,19,3,2,5,9,8,2,2,1,0,8,3,1,1,2,5,3,5,1
26226,0,4,6,4,1,15,1,1,2,1,11,1,2,2,1,0,1,2,1,1,2,3,2,2,1
10739,0,8,1,4,1,16,13,1,10,4,10,8,2,2,1,0,1,2,1,1,4,3,2,2,1
29443,0,6,5,3,1,18,13,1,7,4,7,4,2,2,1,0,8,3,1,1,1,1,1,1,1
22844,0,10,1,4,5,12,1,1,7,1,7,1,2,3,4,0,1,3,1,1,2,3,2,4,1
21615,0,4,4,4,5,18,1,1,6,1,5,1,2,2,1,0,1,2,1,1,2,5,3,4,1
11680,0,9,1,4,1,12,13,1,10,4,10,1,2,2,1,0,8,3,1,1,2,3,2,2,1
31982,0,10,2,2,1,12,13,1,7,4,12,4,2,2,1,0,2,1,1,3,2,3,2,4,1
1469,0,4,5,4,1,22,13,2,8,4,1,1,3,2,1,0,2,1,1,3,2,3,2,2,1
10312,0,9,1,4,1,20,13,1,2,3,6,8,2,2,1,0,1,3,1,1,3,3,2,2,1
18306,1,3,6,4,1,14,13,1,10,4,4,1,2,2,1,0,2,1,1,3,2,3,2,2,1
17707,1,9,6,3,1,20,13,5,7,1,5,1,2,2,1,0,1,2,1,1,2,3,2,2,1
12644,1,4,1,4,4,18,13,1,7,1,7,1,2,3,4,0,1,1,1,1,2,3,2,2,1
18663,0,4,2,4,1,12,13,1,2,4,4,7,3,2,1,0,8,2,1,1,2,5,2,2,1
23321,0,5,1,3,5,24,1,3,7,1,3,8,2,2,1,0,3,2,1,3,2,3,2,2,1
24354,0,4,2,3,5,7,1,1,4,1,11,1,2,2,1,0,1,2,1,1,2,5,2,4,1
15073,0,7,6,4,2,3,13,3,4,1,6,8,2,3,4,0,1,1,1,1,4,3,2,2,1
3190,1,7,6,4,5,21,13,2,2,1,7,8,2,3,4,0,1,1,1,1,4,3,2,2,1
2270,0,8,3,4,1,19,10,1,2,4,8,1,2,2,1,0,2,2,1,2,2,3,2,3,1
1249,1,11,7,4,5,7,3,1,10,1,4,8,2,3,4,0,2,1,1,3,4,5,3,2,1
4671,0,8,3,2,1,19,13,3,7,4,8,1,2,2,1,0,2,3,1,2,2,7,2,2,1
510,1,4,2,4,1,15,13,1,10,4,6,1,2,2,1,0,2,2,1,2,2,5,2,2,1
1495,0,6,2,4,5,11,1,1,4,1,4,8,2,3,4,0,1,2,1,1,4,3,2,2,1
1927,0,7,1,4,1,12,1,1,7,1,9,1,3,3,2,0,1,3,1,1,2,3,2,2,1
15821,0,4,2,4,1,1,13,3,10,4,11,1,2,2,1,0,2,2,1,2,2,5,2,2,1
20822,0,10,3,2,1,13,6,1,7,4,2,1,2,6,1,0,8,1,1,1,2,3,2,2,1
23031,0,3,7,4,5,18,1,3,4,1,1,8,2,6,1,0,8,3,1,1,1,1,1,1,1
22473,0,4,6,4,1,16,13,1,2,2,9,8,2,2,1,0,1,2,1,1,4,3,2,2,1
22774,0,4,7,4,1,18,13,2,8,4,1,7,2,2,1,0,8,2,1,1,2,3,2,3,1
11238,0,4,1,4,1,23,13,3,2,4,7,1,2,2,1,1,2,1,1,3,2,5,2,3,1
11314,0,3,7,4,1,24,13,3,10,4,9,1,2,2,1,0,1,1,1,1,2,3,2,4,1
12374,0,4,2,4,1,21,13,5,4,4,6,1,2,2,1,0,2,2,1,2,2,3,2,2,1
12378,0,8,7,4,1,18,13,1,2,2,6,1,2,2,1,0,8,2,1,1,2,3,2,2,1
15688,1,8,2,3,1,18,11,5,7,1,10,1,2,2,1,0,1,2,1,1,2,3,2,2,1
31668,0,8,6,2,5,19,1,1,7,1,5,3,2,2,1,0,8,2,1,1,2,3,2,2,1
18249,0,11,4,4,5,11,1,1,7,1,9,1,2,2,1,0,2,1,1,3,2,3,2,2,1
1286,0,2,2,4,1,20,13,2,2,3,9,1,2,2,1,0,2,3,1,3,2,3,2,2,1
12416,1,7,4,4,1,13,1,1,7,1,5,1,2,2,1,0,2,2,1,2,2,5,2,5,1
15499,0,3,1,4,1,1,15,3,8,1,5,1,2,3,3,0,3,2,1,2,2,2,2,3,1
12897,0,5,1,4,3,20,13,3,7,1,6,1,2,3,4,0,5,3,1,1,2,4,2,7,1
12742,0,6,4,4,1,11,13,1,2,4,7,1,3,2,1,0,2,1,1,2,2,3,2,2,1
1764,1,8,2,4,1,15,13,1,7,2,8,1,2,2,1,0,1,3,1,1,2,3,2,2,1
1293,1,5,7,4,5,20,11,2,7,1,9,1,2,3,3,0,2,3,1,6,2,3,2,4,1
15055,0,8,7,4,1,22,13,3,4,4,5,1,2,2,1,0,2,1,1,2,2,3,2,2,1
3033,0,3,3,4,2,22,13,2,2,1,8,8,2,3,4,0,1,1,1,1,5,3,2,2,1
23703,1,5,4,4,5,11,1,1,4,4,8,1,2,2,1,0,2,2,1,2,2,5,2,2,1
12911,0,8,7,4,1,18,7,1,7,3,5,2,2,2,1,0,1,1,1,1,3,3,2,2,1
6149,1,4,1,4,1,4,13,3,4,2,6,1,2,2,1,0,1,1,1,1,2,6,2,4,1
4,1,7,2,4,1,15,13,1,10,4,2,1,2,2,1,0,2,1,1,2,2,3,2,2,1
3268,0,8,7,4,5,20,1,2,7,1,8,8,2,3,4,0,1,3,1,1,3,3,2,2,1
35828,0,8,5,4,1,15,13,1,7,2,12,1,2,2,1,0,3,1,1,3,2,3,2,2,1
22193,1,8,6,1,1,8,7,1,4,2,6,1,2,2,1,0,3,1,1,2,2,3,2,4,1
437,1,4,2,4,1,21,13,3,10,4,5,1,2,2,1,0,2,2,1,3,2,5,2,5,1
19631,0,4,3,4,1,7,13,4,8,4,11,1,2,2,1,0,2,1,1,2,2,5,2,3,1
10750,0,4,7,2,5,21,1,2,10,1,10,1,2,3,6,0,1,3,1,1,4,3,2,2,1
12264,0,8,3,4,1,24,13,2,2,1,7,1,3,3,4,0,1,2,1,1,2,3,2,2,1
25016,1,4,7,4,1,20,13,5,7,4,6,8,2,2,1,0,8,1,1,1,3,5,2,2,1
16399,1,8,7,4,1,24,4,3,2,4,11,8,2,2,1,0,2,3,1,2,2,3,2,3,1
34252,0,3,1,4,1,21,1,3,10,1,8,1,3,2,1,0,8,4,1,1,2,6,2,5,1
11399,0,7,6,4,1,22,13,2,10,3,12,1,2,2,1,0,1,1,1,1,2,3,2,4,1
6157,0,9,6,4,1,22,13,2,7,4,2,1,2,2,1,0,2,3,1,2,2,3,2,3,1
26982,0,4,7,3,2,14,13,1,7,1,8,1,2,2,1,0,1,2,1,1,2,6,2,4,1
6398,0,6,7,4,5,3,1,3,4,1,11,8,2,2,1,1,5,1,1,1,4,3,2,7,1
3832,0,8,5,4,1,8,13,1,6,3,6,7,2,2,1,0,2,1,1,3,2,3,2,2,1
7624,1,10,6,4,1,11,13,1,7,3,8,1,2,2,1,0,2,1,1,2,2,3,2,5,1
3049,1,14,1,4,1,12,13,1,7,2,9,1,2,2,1,0,1,1,1,1,2,5,2,2,1
6159,1,6,1,4,5,1,1,3,2,1,2,1,2,2,1,0,2,3,1,3,2,4,2,3,1
21290,1,4,5,3,1,18,13,1,10,4,3,1,2,2,1,0,2,2,1,2,2,3,3,2,4
31847,0,6,7,4,1,23,13,3,2,2,4,1,2,2,1,0,3,3,1,2,2,3,2,2,1
11867,0,5,1,4,1,18,13,1,7,1,5,1,2,3,4,0,1,3,1,1,2,3,3,2,1
2666,1,4,4,4,5,21,1,5,10,1,7,8,2,3,4,0,1,1,1,1,4,5,2,4,1
12384,1,10,3,2,3,11,13,1,10,1,6,4,2,3,4,0,3,2,1,2,2,3,2,2,1
11054,1,8,1,4,5,21,12,3,7,4,4,1,2,2,1,0,2,3,1,2,2,6,2,5,1
20413,0,6,2,3,1,9,13,1,10,1,8,1,2,2,1,0,1,2,1,1,2,3,2,2,1
18420,0,5,3,4,1,14,7,1,10,2,8,1,2,2,1,0,1,3,1,1,2,5,2,4,1
13675,0,3,5,4,5,11,1,1,10,1,5,7,2,2,1,0,1,1,1,1,3,3,2,6,1
28350,1,8,7,4,5,4,1,1,7,1,8,1,2,3,4,0,1,2,1,1,3,3,2,2,1
2755,0,8,1,4,1,17,13,5,2,1,10,8,2,3,4,0,1,3,1,1,4,3,2,2,1
11479,1,4,1,4,1,20,10,3,4,2,10,1,2,2,2,0,1,1,1,1,2,4,2,4,1
8404,1,9,4,3,1,18,13,1,7,1,8,8,3,3,5,0,1,3,1,1,5,3,2,2,1
26671,0,9,1,4,3,19,13,2,7,1,11,1,2,3,4,0,1,3,1,1,4,3,2,2,1
6117,1,4,1,4,1,21,13,3,4,4,5,1,2,2,1,0,2,1,1,2,2,4,2,3,1
25585,0,8,6,4,1,11,13,1,2,4,11,1,2,2,1,0,8,3,1,1,2,4,2,4,1
13484,0,3,1,4,1,7,13,4,2,3,3,1,2,2,1,0,1,3,1,1,2,3,2,2,1
36529,1,8,3,4,1,22,13,3,7,1,4,1,2,2,1,0,1,3,1,1,2,3,2,4,2
1517,0,5,1,4,1,22,7,2,8,2,5,5,2,2,1,1,12,1,1,1,2,3,3,3,1
8160,1,11,2,4,4,12,13,1,10,1,6,8,2,3,4,0,1,1,1,1,3,3,2,2,1
12295,1,8,1,4,5,19,1,2,7,1,10,8,3,3,6,0,1,1,1,1,4,3,2,2,1
8186,0,9,7,4,1,14,13,1,7,2,7,1,2,2,1,0,1,1,1,1,2,5,2,4,1
5480,0,6,6,3,1,23,1,3,10,1,4,1,2,2,1,0,1,2,1,1,2,7,2,4,1
3075,1,7,4,4,1,19,13,3,10,3,10,7,2,2,1,0,2,1,1,3,2,5,2,2,1
20024,0,7,3,4,5,8,1,1,7,1,7,1,3,2,1,0,8,3,1,1,2,3,2,2,1
8894,0,6,6,4,1,21,13,2,7,3,5,1,2,2,1,0,1,3,1,1,2,3,2,2,1
17727,1,7,4,4,1,19,13,3,4,4,9,1,2,2,1,0,2,1,1,3,2,5,2,2,1
35357,1,4,3,4,1,7,21,1,7,5,8,1,2,2,1,0,1,1,1,1,2,6,2,4,1
12273,1,8,4,4,1,15,13,1,7,4,5,1,3,2,1,0,2,1,1,2,2,5,2,2,1
17539,0,8,4,4,4,10,13,1,7,1,3,8,2,3,6,0,1,1,1,1,5,3,3,2,1
3082,1,8,1,4,1,10,13,1,8,4,11,1,2,2,1,0,8,2,1,1,2,3,2,2,1
21139,0,5,4,4,5,16,1,1,4,1,9,1,2,3,3,0,1,2,1,1,2,4,2,3,1
16670,1,4,1,4,1,14,7,1,4,2,10,1,2,2,1,0,1,2,1,1,2,6,2,4,1
30898,1,9,7,2,1,11,13,1,7,2,5,1,2,2,1,1,12,4,2,1,2,6,2,4,1
5309,1,9,7,4,1,20,13,3,7,3,7,8,2,2,1,0,1,3,1,1,4,3,2,2,1
36466,1,4,1,4,5,15,1,1,4,1,2,8,2,2,1,0,5,4,1,1,3,2,2,7,3
7574,0,9,4,4,1,18,10,2,10,4,10,1,2,2,1,0,2,1,1,3,2,3,2,3,1
15571,0,6,7,4,1,21,1,2,7,1,7,1,2,2,1,0,1,1,1,1,2,5,2,4,1
15378,0,8,4,3,1,16,13,1,7,4,1,1,2,2,1,0,8,1,1,1,2,3,2,2,1
29464,0,3,6,2,5,21,1,3,8,1,9,8,2,2,1,0,1,4,1,1,5,3,2,2,1
2217,0,6,4,4,1,3,13,3,7,1,9,8,2,3,6,0,2,2,1,2,3,3,2,2,1
3312,1,8,3,4,1,11,13,1,7,3,6,8,2,2,1,0,3,1,2,1,2,3,2,2,1
10035,1,9,7,4,4,10,13,1,7,1,4,1,2,3,4,0,1,1,1,1,2,3,2,3,1
4713,1,4,6,4,1,24,8,2,10,5,6,1,2,2,1,0,1,1,1,1,2,5,2,3,1
7703,0,3,6,4,1,18,13,1,2,3,9,1,2,2,1,0,1,1,1,1,2,3,2,2,1
9698,1,4,7,4,1,16,13,1,8,3,3,8,3,2,1,0,1,1,1,1,3,3,2,2,1
5438,0,5,4,4,1,12,15,1,2,1,4,1,3,3,4,0,1,2,1,1,2,5,2,2,1
28157,0,7,1,2,5,11,1,1,7,1,4,2,2,2,1,0,1,2,1,1,2,7,2,4,1
2007,0,8,4,4,1,19,13,1,2,4,6,8,2,2,1,0,2,3,1,3,5,3,2,2,1
24,0,4,5,4,1,7,13,1,4,4,5,1,2,2,1,0,8,1,1,1,2,3,2,2,1
13905,1,3,1,4,1,1,13,2,7,4,5,1,2,2,1,0,2,3,1,2,2,3,2,3,1
6429,1,3,4,4,1,20,13,3,8,4,8,1,2,2,1,0,2,1,1,2,2,3,2,2,1
15164,1,9,7,4,1,16,18,1,7,4,3,1,3,2,1,0,2,3,1,2,2,4,2,3,1
18991,1,11,3,3,5,12,1,1,7,1,8,8,2,2,1,0,1,3,1,1,3,3,2,2,1
33950,0,6,2,4,1,17,13,1,11,3,7,1,2,2,1,0,8,4,1,1,2,3,2,2,1
15657,1,10,3,1,5,14,1,1,10,1,9,8,2,2,1,0,1,3,1,1,2,3,2,2,1
2524,1,4,6,4,1,18,13,1,7,4,5,1,2,2,1,0,2,1,1,3,2,3,2,2,1
32778,0,8,7,3,1,10,3,1,7,6,6,1,2,2,1,0,2,1,1,2,2,3,3,2,1
10395,1,4,7,3,1,11,15,1,10,1,2,1,2,3,4,0,1,2,1,1,2,3,2,2,1
28900,0,3,6,4,5,21,13,2,10,1,11,8,2,3,4,0,1,1,1,1,4,3,2,2,1
22200,0,3,5,3,1,20,13,5,8,2,7,1,3,2,1,0,1,1,1,1,2,3,3,2,1
7734,0,6,4,4,1,11,13,1,2,4,7,1,3,2,1,0,2,1,1,2,2,3,2,2,1
7394,1,7,1,4,1,13,13,1,4,2,7,1,2,2,1,0,3,2,1,1,2,3,2,2,1
30646,0,8,6,4,1,13,13,1,7,4,9,1,2,2,1,0,2,1,1,2,2,3,2,4,1
19427,0,8,6,2,1,21,13,2,7,4,8,1,2,2,1,0,1,1,1,1,2,3,2,2,1
13611,0,7,6,3,5,12,1,1,7,1,6,1,2,2,1,0,1,1,1,1,2,3,2,4,1
34627,0,3,5,4,1,16,13,1,4,4,4,1,2,2,1,0,2,3,1,2,2,5,2,4,1
17422,0,8,7,2,2,18,1,1,7,1,8,1,2,2,1,0,1,2,1,1,2,3,3,2,1