id,Severity,age_classes,day_week,DEFORMED_classes,m_harm_classes,hour,impact1_classes,lgt_cond,make,man_coll,month,p_crash1,pcrash4,pcrash5,rel_road,reljct1,reljct2,rest_use,sex,typ_int,valign,vnum_lan,vsurcond,vtrafway,weather_classes
8657,0,3,6,4,1,22,12,2,2,1,5,1,2,3,4,0,1,2,1,1,2,3,2,2,1
10384,1,5,2,4,1,18,13,3,4,4,1,1,2,2,1,0,8,2,1,1,2,5,2,5,1
8344,1,4,4,3,5,16,1,1,2,1,7,8,2,2,1,0,1,3,1,1,3,3,9,2,1
6982,0,6,5,4,1,8,13,1,3,4,8,1,3,2,1,0,2,3,1,2,2,6,2,4,1
26643,0,6,3,4,5,17,1,1,2,1,8,1,3,2,1,0,1,3,1,1,2,3,3,2,1
36154,0,4,6,3,1,9,13,1,4,3,1,2,2,2,1,0,2,1,1,3,2,3,2,2,1
27063,0,5,3,4,1,6,13,1,4,2,6,3,2,2,1,0,1,1,1,1,2,4,2,4,1
6545,0,9,5,4,5,22,11,2,7,1,6,8,2,3,5,0,1,1,1,1,3,3,2,2,1
23259,0,5,1,4,5,23,1,3,10,1,7,1,3,2,1,0,1,2,2,1,2,5,2,4,1
17359,0,7,1,4,1,21,13,3,7,2,4,1,2,2,1,0,1,1,1,1,2,5,2,5,1
12991,0,13,5,4,5,20,12,1,10,1,6,1,2,2,1,0,1,1,1,1,2,3,2,2,1
5718,1,9,7,4,1,12,13,1,7,4,10,1,2,2,1,0,2,2,1,2,2,3,2,2,1
24439,0,4,7,2,1,18,13,3,4,4,12,1,2,2,1,0,2,3,1,3,2,3,2,2,1
12707,0,7,4,4,1,14,13,1,7,2,8,1,2,2,1,0,2,1,1,2,2,3,2,2,1
33509,1,7,1,4,1,11,13,1,3,3,9,8,2,2,1,0,1,3,1,1,3,3,2,2,1
20962,0,3,3,2,1,15,7,1,10,2,6,2,2,2,1,0,3,1,1,4,2,2,2,3,1
18010,1,9,4,4,1,15,13,1,9,3,7,1,2,2,1,0,1,1,1,1,2,3,2,2,1
17901,0,6,5,4,5,20,1,5,4,1,6,8,2,3,4,0,1,3,1,1,3,3,2,2,1
22323,0,5,6,4,1,15,13,1,2,4,5,5,2,2,1,0,3,3,1,2,2,3,2,4,1
34460,1,9,7,4,1,16,13,1,7,3,6,1,2,2,1,0,4,3,1,1,2,5,2,2,1
13455,1,8,7,4,1,15,2,1,7,1,9,8,2,3,4,0,1,3,1,1,4,3,2,2,1
16552,1,13,7,4,5,16,1,1,2,1,6,8,2,3,4,0,1,1,1,1,3,3,2,2,1
7716,0,4,1,4,1,16,13,1,7,4,2,1,3,2,1,0,2,1,1,3,2,4,2,3,1
18147,1,7,7,3,5,14,1,1,8,1,4,8,2,2,1,0,1,1,1,1,3,3,2,2,1
35931,0,4,7,3,1,9,2,1,8,5,6,1,2,2,1,0,2,3,1,3,2,3,2,2,1
11406,0,6,7,4,5,3,1,3,4,1,11,8,2,2,1,1,5,1,1,1,4,3,2,7,1
4080,1,8,5,4,1,17,10,1,8,5,9,1,2,2,1,0,2,1,1,2,2,3,2,3,1
31922,1,8,7,4,3,20,13,2,7,1,8,8,2,3,4,0,5,1,1,1,4,4,3,7,1
14007,0,4,7,4,1,12,13,1,4,1,3,1,2,3,4,0,1,1,1,1,2,3,2,2,1
29425,0,7,1,3,1,14,13,1,8,4,6,8,2,2,1,0,5,4,2,1,2,3,2,2,1
17573,0,3,3,4,5,17,1,1,4,1,7,1,2,3,6,0,1,1,1,1,2,3,2,2,1
26540,0,5,6,4,5,24,1,2,10,1,9,1,2,3,4,0,1,3,1,1,2,3,2,2,1
4010,0,7,4,4,1,21,13,3,7,4,5,1,2,2,1,0,2,1,1,2,2,7,2,2,1
6961,1,6,3,4,1,14,13,1,10,1,5,8,2,3,4,0,1,3,2,1,3,3,2,2,1
1103,1,6,3,4,5,23,1,3,7,2,3,1,2,2,1,0,1,3,1,1,2,5,2,3,1
1430,0,4,3,4,1,23,13,3,2,2,12,1,2,2,1,0,3,1,1,4,2,3,2,4,1
18013,1,7,5,4,1,17,13,1,7,4,7,1,2,2,1,0,2,1,1,2,2,5,2,2,1
6499,1,6,1,4,1,18,7,3,7,2,1,2,2,2,1,0,3,1,1,3,2,3,2,2,1
14915,0,7,7,3,1,16,18,1,7,1,4,8,2,2,4,0,1,2,2,1,4,3,2,2,1
25607,0,6,7,4,1,16,1,1,10,1,9,8,3,3,1,1,5,2,1,1,3,2,2,7,1
11287,1,3,1,4,1,13,13,1,8,4,8,1,2,2,1,0,2,1,1,3,2,3,2,3,1
20799,0,4,7,2,1,20,13,3,2,4,9,1,2,2,1,0,2,2,1,2,2,3,2,6,1
25292,1,6,3,4,1,14,19,1,8,5,7,1,2,2,1,0,1,3,1,1,2,4,2,3,1
17378,1,3,4,4,2,18,13,1,4,1,6,1,2,3,4,0,1,2,1,1,2,3,2,2,1
23384,0,7,4,4,5,14,1,1,2,1,9,1,3,2,1,0,2,2,1,3,2,2,2,4,1
26484,0,4,7,2,5,19,1,3,10,1,12,1,2,3,4,0,1,2,1,1,2,3,2,2,1
6396,1,5,5,4,1,20,13,3,2,4,8,1,2,2,1,0,2,3,1,2,2,5,3,5,1
16806,1,4,7,4,1,23,13,3,7,4,8,1,2,2,1,0,2,3,1,2,2,3,2,2,1
10186,0,10,7,3,1,15,13,1,7,1,5,8,2,3,4,0,1,3,1,1,4,4,2,2,1
5406,0,5,7,3,1,2,13,2,7,2,3,1,2,2,1,0,1,2,1,1,2,5,2,4,1
17282,1,8,4,4,1,15,13,1,7,4,5,1,3,2,1,0,2,1,1,2,2,5,2,2,1
35003,0,4,4,2,1,13,21,1,10,5,4,7,2,2,1,0,1,4,1,1,2,6,2,4,1
16139,1,8,6,4,1,14,13,1,7,4,2,1,2,2,1,0,2,3,1,2,2,3,2,3,1
9757,0,8,4,4,1,13,11,1,10,5,8,1,2,2,1,1,12,1,1,1,2,6,2,4,1
3230,1,11,1,4,5,19,1,2,10,1,10,8,2,3,4,0,1,1,1,1,4,3,2,2,1
1180,0,11,6,4,1,16,13,1,7,4,6,1,2,2,1,0,2,3,1,2,2,3,2,2,1
3085,0,4,1,4,1,13,13,1,4,2,9,1,2,2,1,0,1,1,1,1,2,4,2,4,1
22002,0,7,2,4,4,13,11,1,8,1,7,8,2,3,4,0,1,2,1,1,4,3,2,2,1
23596,0,4,3,2,1,7,13,1,2,2,6,1,2,2,1,0,1,3,1,1,2,3,2,4,1
17534,0,3,1,4,1,20,12,2,4,4,3,1,2,2,1,0,2,1,1,2,2,3,2,3,1
19812,0,3,1,4,1,15,13,1,10,4,11,1,2,2,1,0,8,1,1,1,2,7,2,3,1
7189,0,8,6,3,1,16,18,1,7,5,7,6,2,6,1,1,5,1,2,1,2,2,2,7,1
26588,1,5,1,3,1,12,1,1,10,1,3,1,2,3,4,0,1,3,1,1,4,3,2,2,1
13365,1,7,7,3,5,17,1,1,7,1,7,8,3,3,5,0,1,3,1,1,5,3,2,2,1
21793,0,7,1,4,1,12,13,1,7,2,7,1,2,2,1,0,1,2,1,1,2,3,2,2,1
4089,1,6,7,4,4,18,4,2,2,1,10,8,2,3,4,0,1,2,1,1,4,3,2,2,1
10133,1,3,5,4,1,14,13,1,8,4,1,1,2,2,1,0,2,1,1,2,2,5,2,5,1
3563,0,8,7,4,5,17,1,1,7,3,12,1,2,2,1,0,1,3,1,1,2,3,2,2,1
30529,0,10,3,4,1,6,13,3,7,4,9,1,2,2,1,0,2,4,1,2,2,5,2,5,1
26350,0,10,5,2,5,15,1,1,7,1,6,8,2,2,1,0,1,2,1,1,3,3,2,2,1
1264,0,7,7,4,1,11,13,1,2,4,7,1,2,2,1,0,1,1,1,1,2,4,2,3,1
3869,1,8,7,4,5,13,1,1,7,1,4,1,2,3,3,0,1,1,1,1,2,3,2,3,1
18768,1,8,7,2,5,13,1,1,2,1,7,8,2,2,1,0,1,3,1,1,4,3,2,2,1
12717,1,4,7,4,1,16,13,1,4,4,7,1,2,2,1,0,2,1,1,2,2,3,2,2,1
19755,1,8,1,4,1,11,13,1,7,3,7,8,2,2,1,0,1,1,1,1,3,4,2,2,1
350,0,8,4,3,1,16,13,1,7,4,1,1,2,2,1,0,8,1,1,1,2,3,2,2,1
6707,0,6,7,4,1,16,13,1,2,4,5,1,2,2,1,0,2,3,1,3,2,5,3,2,1
24739,0,3,6,3,5,15,1,1,8,1,1,1,2,2,1,0,2,2,1,3,2,3,2,2,1
10372,0,11,1,4,1,11,18,1,9,6,1,8,2,2,1,0,1,2,1,1,3,3,2,2,1
17715,1,10,6,4,1,18,13,1,7,4,8,1,2,2,1,0,2,3,1,3,2,3,2,2,1
16996,0,3,7,4,5,24,1,2,7,1,8,1,2,3,8,1,5,3,1,1,2,2,2,7,1
6135,0,4,1,4,1,2,7,3,7,2,5,5,2,2,1,0,2,3,1,2,2,3,2,5,1
8911,1,7,7,2,1,17,13,1,3,3,4,1,2,2,1,0,8,3,1,1,2,3,2,2,1
22503,0,7,1,4,1,8,22,2,7,5,5,8,2,2,1,0,2,3,1,2,2,3,2,2,1
10032,0,8,6,4,1,14,13,1,7,3,3,8,3,2,1,0,1,1,1,1,3,3,2,2,1
5072,1,6,4,4,5,13,1,1,2,1,8,8,2,3,4,0,5,2,1,1,3,4,2,7,1
34210,0,7,6,2,1,20,13,3,7,4,9,1,2,2,1,0,2,3,1,2,2,2,2,6,1
19854,0,3,5,4,2,23,7,3,4,1,7,8,2,3,4,0,8,1,1,1,4,3,2,2,1
14822,1,6,7,4,1,10,13,1,6,4,4,1,2,2,1,0,2,1,1,2,2,5,2,5,1
11539,1,5,6,4,1,6,13,2,4,1,5,8,2,2,1,0,1,1,1,1,3,3,2,2,1
24561,0,5,4,2,1,23,7,2,2,2,9,1,2,2,1,0,1,1,1,1,2,5,2,5,1
10170,0,9,1,4,1,13,13,1,7,3,4,8,2,2,1,0,1,3,1,1,3,3,2,2,1
19378,0,4,1,2,1,13,13,1,4,4,7,1,2,2,1,0,1,3,1,1,2,3,2,2,1
18764,1,8,1,4,3,2,1,2,7,1,7,8,3,2,1,0,1,3,1,1,3,3,2,2,1
18346,1,7,4,4,1,19,13,1,7,3,5,1,2,2,1,0,2,3,1,2,2,5,2,2,1
17775,0,3,1,4,1,16,13,1,4,4,7,1,2,2,1,0,2,3,1,3,2,3,2,2,1
17704,1,8,4,4,1,2,13,3,7,2,3,1,2,2,1,0,1,1,1,1,2,3,2,2,1
843,0,9,6,4,1,16,21,1,10,4,7,8,2,2,1,1,2,1,2,2,2,4,2,3,1
13308,1,11,1,4,1,16,13,1,7,3,5,1,2,2,1,0,1,3,1,1,2,3,2,2,1
20393,0,3,3,2,4,17,13,1,2,1,7,8,3,3,4,0,1,2,2,1,3,3,2,2,1
22474,0,4,6,2,1,16,13,1,2,2,9,8,2,2,1,0,1,2,1,1,4,3,2,2,1
1903,1,7,7,4,1,22,13,2,7,3,8,1,2,2,1,0,1,3,1,1,2,3,2,2,1
70,1,7,5,4,1,16,13,1,7,2,9,1,2,2,1,0,3,2,1,3,2,3,2,2,1
7017,1,4,7,4,1,23,13,3,8,3,6,1,2,2,1,0,2,2,1,3,2,3,2,2,1
3953,0,5,4,4,1,19,13,2,8,2,12,1,2,2,1,0,1,3,1,1,2,3,2,2,1
13066,1,14,1,4,1,12,13,1,7,2,9,1,2,2,1,0,1,1,1,1,2,5,2,2,1
24713,1,8,6,4,1,17,13,1,1,2,9,1,2,2,1,0,5,3,1,1,2,3,2,7,1
31660,0,7,6,2,1,13,21,1,2,5,5,7,2,2,1,0,1,2,1,1,2,3,2,3,1
14881,0,4,6,4,1,23,13,2,2,1,10,1,2,3,5,0,1,1,1,1,2,3,2,2,1
31049,1,9,1,1,2,9,1,1,7,1,1,1,2,2,1,0,1,4,1,1,2,7,2,4,1
2214,1,6,1,4,5,12,4,1,3,1,8,1,2,2,1,0,1,3,1,1,2,3,2,2,1
11132,1,12,4,4,1,15,13,1,7,2,3,1,2,2,1,0,3,3,1,3,2,3,2,3,1
28903,0,9,4,3,1,22,2,3,2,7,11,1,3,2,1,0,2,3,1,2,2,4,2,5,1
18787,0,6,7,3,1,22,13,2,7,1,8,8,2,3,5,0,1,3,1,1,3,3,2,2,1
23649,1,10,2,2,1,16,1,1,3,1,10,8,2,6,1,0,8,2,1,1,1,1,1,1,1
32009,0,6,5,3,1,11,13,1,2,1,3,1,3,2,1,0,1,4,1,1,2,3,2,2,1
17846,1,7,1,2,5,20,1,3,8,1,8,1,3,2,1,1,11,1,1,1,2,6,3,4,1
5753,1,6,3,3,1,15,1,1,4,1,11,1,3,2,1,0,8,1,1,1,2,3,2,2,1
2685,0,8,7,4,5,15,1,1,7,1,7,1,3,3,3,0,1,1,1,1,2,5,2,4,1
2059,1,8,1,2,5,10,1,1,8,1,6,1,2,2,1,0,1,1,1,1,2,3,2,2,1
87,0,4,1,4,1,20,13,2,4,4,10,1,2,2,1,0,8,1,1,1,2,3,2,3,1
4908,1,10,5,4,1,16,11,1,10,4,5,1,2,2,1,0,2,3,1,2,2,3,2,2,1
14773,1,8,3,4,1,16,13,1,7,4,8,1,2,2,1,0,2,1,1,3,2,3,2,2,1
16872,1,5,7,4,1,16,4,1,7,4,4,1,2,2,1,0,2,3,1,2,2,4,2,2,1
17512,0,6,6,4,1,17,13,1,2,4,9,7,2,2,1,0,8,2,1,1,2,3,2,2,1
13070,1,2,4,4,1,14,13,1,10,4,9,1,2,2,1,0,8,3,1,1,2,3,2,2,1
15658,0,8,6,4,1,16,18,1,7,5,9,8,2,2,1,1,5,2,1,1,3,2,2,7,1
3095,1,4,1,4,1,2,13,3,8,2,11,1,2,2,1,0,1,1,1,1,2,4,2,4,1
12888,1,10,4,4,2,16,13,1,7,1,8,1,2,2,1,0,1,3,1,1,2,3,2,3,1
4960,0,7,6,4,5,21,1,2,7,1,8,8,3,2,1,0,3,3,1,3,4,3,2,2,1
16543,0,5,1,4,1,22,7,2,8,2,5,5,2,2,1,1,12,1,1,1,2,3,3,3,1
26429,0,7,1,4,5,19,1,1,7,1,4,7,3,3,4,0,1,3,1,1,5,3,2,4,1
2525,0,4,7,4,1,18,13,1,8,3,4,8,2,2,1,0,1,1,1,1,3,3,2,2,1
20965,0,4,4,4,1,10,13,1,8,4,6,1,2,2,1,0,2,1,1,2,2,4,2,3,1
28604,0,3,6,3,5,12,1,1,7,1,10,8,2,3,4,0,5,1,2,1,4,2,3,7,1
4038,1,7,4,4,1,9,13,1,3,4,8,8,2,2,1,0,1,1,1,1,3,3,2,2,1
8357,1,7,7,3,5,17,1,1,7,1,7,8,3,3,5,0,1,3,1,1,5,3,2,2,1
33085,0,8,5,4,1,15,13,1,7,4,5,1,2,2,1,0,2,2,1,2,2,3,2,3,1
7642,1,4,2,4,5,8,1,1,8,1,9,1,2,2,1,0,2,1,1,2,2,3,2,5,1
4090,1,11,7,4,4,13,13,1,8,1,11,8,2,3,4,0,1,1,1,1,4,3,2,2,1
7663,0,7,5,4,3,24,2,3,7,1,8,8,2,3,4,0,1,1,1,1,4,3,2,2,1
19951,1,5,5,2,2,20,1,3,4,1,6,1,2,2,1,0,1,3,1,1,2,3,8,2,7
12035,1,4,2,4,1,24,2,2,7,1,8,1,2,2,1,0,1,3,1,1,2,3,2,2,1
5554,0,3,2,4,1,17,1,1,3,1,7,8,2,2,1,0,2,1,1,2,4,5,2,3,1
16059,0,8,1,4,1,16,13,1,8,4,4,1,2,2,1,0,2,1,1,3,2,3,2,3,1
33827,1,4,6,4,1,7,13,1,1,4,5,1,2,2,1,0,8,4,1,1,2,3,2,3,1
20506,0,3,7,2,1,14,12,1,4,5,1,7,2,2,1,0,1,1,2,1,2,4,2,4,1
25,1,6,5,4,1,21,13,3,4,4,5,1,2,2,1,0,3,1,1,3,2,3,2,2,1
7202,1,4,5,4,1,15,13,1,2,4,10,1,2,2,1,0,2,2,1,2,2,5,2,5,1
28151,1,7,1,4,1,20,2,3,4,6,4,1,2,2,1,0,2,2,1,2,2,5,2,2,1
18729,1,6,6,4,1,22,11,3,8,4,6,8,2,2,1,0,2,3,1,3,2,3,2,2,1
12815,0,8,7,4,1,14,10,1,7,6,5,8,2,2,1,0,1,1,1,1,4,3,3,2,1
12555,1,12,2,4,1,11,2,1,1,4,6,1,2,2,1,0,2,1,1,3,2,3,2,3,1
16674,0,4,5,4,1,22,13,3,8,4,11,1,2,2,1,0,2,3,1,2,2,3,2,4,1
25158,1,8,7,4,1,1,13,6,7,4,5,1,2,2,1,0,2,1,1,7,2,4,2,2,1
17444,0,10,1,4,1,12,13,1,7,2,8,1,2,2,1,0,3,2,1,3,2,3,2,2,1
1766,1,6,7,4,1,14,13,1,4,4,8,7,2,2,1,0,8,3,1,1,2,3,2,2,1
2523,0,6,5,4,1,19,13,1,2,4,4,1,2,2,1,0,2,1,1,3,2,5,2,3,1
30882,0,5,4,3,5,13,1,1,10,1,3,1,2,2,1,0,3,3,1,2,2,3,2,2,1
9818,0,5,2,4,1,16,13,1,10,2,5,1,2,2,1,0,1,1,1,1,2,3,2,4,1
7961,1,5,4,4,1,21,13,3,10,4,6,1,2,2,1,0,2,1,1,2,2,3,2,4,1
7748,1,5,2,4,1,20,13,3,7,3,10,1,2,2,1,0,2,2,1,2,2,5,2,3,1
21130,1,7,6,4,1,9,21,1,8,4,9,8,2,2,1,0,2,2,1,2,2,4,2,4,1
16640,1,10,6,4,1,15,7,1,7,2,12,1,2,2,1,0,1,1,1,1,2,3,2,3,1
13832,0,8,6,2,1,17,7,1,7,1,11,2,2,2,1,0,1,3,1,1,2,3,2,2,1
6769,1,6,1,4,5,1,13,2,7,1,7,1,2,3,3,0,1,3,1,1,2,5,2,4,1
9736,1,6,1,4,1,11,13,1,10,3,7,8,2,2,1,0,1,1,1,1,4,4,2,2,1
876,0,8,3,4,5,11,1,1,2,1,8,8,3,2,1,0,1,1,1,1,3,4,2,4,1
28090,0,3,7,2,1,17,13,1,10,1,3,1,2,2,4,0,1,1,1,1,2,3,2,2,1
18462,1,6,3,4,1,10,13,1,7,4,10,1,2,2,1,0,2,1,1,2,2,3,2,2,1
9512,1,9,7,2,1,21,13,2,2,4,10,7,2,2,1,0,2,3,1,2,2,3,2,2,1
10968,0,6,3,4,1,21,13,2,8,4,7,3,2,2,1,0,2,1,1,2,2,5,2,3,1
4093,0,8,6,4,5,24,1,2,7,1,11,1,3,5,1,0,1,2,1,1,2,3,2,2,1
7928,1,7,2,4,1,13,13,1,4,4,4,1,2,2,1,0,2,1,1,3,2,7,2,4,1
14018,1,6,5,3,1,21,13,2,2,1,4,8,2,3,4,0,1,1,1,1,3,3,2,2,1
22194,1,8,6,3,1,21,13,3,7,4,7,8,2,2,1,0,3,3,1,3,2,3,2,3,1
29627,0,4,5,3,1,20,21,3,2,5,11,7,2,2,1,0,2,1,1,2,2,4,3,4,1
11262,0,5,3,4,1,6,13,4,4,4,8,8,2,2,1,0,2,2,1,2,4,3,2,3,1
31172,1,5,6,2,1,6,18,3,8,5,10,7,3,2,1,0,1,1,1,1,2,5,2,4,1
12599,0,9,7,4,1,12,13,1,7,4,4,7,2,2,1,0,8,1,1,1,2,3,2,2,1
23005,0,6,1,2,1,16,13,1,10,2,9,2,2,2,1,0,3,3,1,3,2,3,2,2,1
7782,1,4,7,4,1,18,13,1,4,4,5,1,2,2,1,0,2,2,1,2,2,3,8,2,1
17377,0,3,2,4,5,24,1,2,7,1,6,1,2,3,4,0,1,2,1,1,3,3,2,2,1
1126,0,4,1,4,1,2,7,3,7,2,5,5,2,2,1,0,2,3,1,2,2,3,2,5,1
12194,1,4,1,3,1,11,13,1,8,4,11,1,2,2,1,0,2,1,1,2,2,3,2,3,1
12396,1,6,6,4,1,24,4,2,2,1,7,8,2,3,4,0,1,3,1,1,4,3,2,2,1
10871,1,3,3,4,1,21,13,3,4,2,7,1,2,2,1,1,12,3,1,1,2,5,2,5,1
18979,0,5,4,4,1,19,13,2,8,2,12,1,2,2,1,0,1,3,1,1,2,3,2,2,1
6017,0,7,7,4,5,2,1,2,3,1,2,1,2,2,1,0,1,3,1,1,2,3,2,2,1
22080,1,4,1,4,1,19,13,3,8,4,10,8,3,2,1,0,8,1,2,1,4,3,2,3,1
34580,0,10,6,2,5,16,1,5,7,1,11,8,2,2,1,0,3,3,1,2,2,3,2,2,1
13664,1,2,3,4,1,19,7,1,10,7,5,1,3,2,1,0,2,1,1,2,2,3,2,2,1
16256,1,3,2,4,1,14,13,1,2,2,7,7,2,2,1,0,1,3,1,1,2,4,2,3,1
3419,0,9,2,4,5,22,1,2,7,1,10,8,2,3,4,1,5,3,1,1,4,4,2,4,1
22797,1,5,5,3,5,19,1,5,2,1,4,1,2,2,1,0,3,2,1,2,2,3,2,2,1
11964,0,4,6,4,1,15,13,1,2,4,4,1,2,2,1,0,2,1,1,2,2,3,2,2,1
13722,0,6,5,4,2,23,13,2,7,1,7,8,2,3,4,0,1,3,1,1,4,3,2,2,1
2557,0,8,5,4,4,22,13,2,10,1,9,8,2,3,6,0,1,1,1,1,5,3,2,2,1
29281,0,4,7,4,1,14,13,1,8,4,6,1,2,2,1,0,2,4,1,3,2,3,2,2,1
32523,1,11,1,2,5,16,1,1,7,1,5,8,3,3,4,0,1,4,1,1,4,3,2,3,1
7511,0,7,5,4,1,18,7,2,2,2,1,1,2,2,1,0,2,1,1,3,2,3,2,2,1
3573,0,9,6,2,5,16,1,1,8,1,3,1,2,3,3,0,1,1,1,1,2,3,3,3,1
6183,0,9,4,4,1,15,13,1,7,4,3,7,2,2,1,0,4,3,1,1,2,3,2,2,1
15868,1,8,7,4,5,10,1,1,8,1,6,1,2,2,1,0,1,3,1,1,2,3,2,4,1
8159,1,7,3,4,5,1,13,3,7,1,6,8,2,3,4,0,2,1,1,4,2,3,2,2,1
26482,0,9,3,2,5,8,1,1,7,1,9,1,2,2,1,0,1,3,1,1,2,3,2,2,1
16734,1,7,7,4,1,20,13,1,7,1,6,1,3,2,1,0,1,3,1,1,2,3,2,2,1
17711,0,8,7,4,5,15,1,1,7,1,7,1,3,3,3,0,1,1,1,1,2,5,2,4,1
29637,0,5,3,3,1,22,18,3,7,4,8,8,2,2,1,0,8,4,1,1,2,5,2,5,1
19897,0,7,5,4,1,22,3,3,3,1,4,8,2,3,4,0,1,1,1,1,4,3,2,2,1
17169,0,9,7,3,5,22,1,2,4,1,4,8,2,3,8,1,5,1,1,1,3,2,2,7,1
4025,1,6,4,4,1,12,13,1,2,2,6,2,3,2,1,0,2,1,1,3,2,3,2,2,1
25586,0,6,4,3,1,13,22,1,7,4,6,1,2,2,1,0,2,1,1,2,2,3,2,4,1
19526,1,11,2,2,1,10,10,1,10,4,9,8,2,2,1,0,2,3,1,2,2,5,2,3,1
28409,0,10,1,4,1,22,13,2,2,2,3,1,2,2,1,0,2,1,1,2,2,3,2,2,1
16714,1,10,6,4,1,17,10,1,7,4,5,1,2,2,1,0,2,2,1,2,2,3,2,2,1
6919,0,5,4,4,1,9,13,1,7,2,9,1,2,2,1,0,1,3,1,1,2,3,2,2,1
12799,1,6,6,4,1,24,13,3,10,4,5,1,2,2,1,0,2,1,1,2,2,3,3,2,1
22881,0,4,5,3,1,20,13,3,4,4,8,1,2,2,1,0,8,2,1,1,1,1,1,1,1
33761,0,6,2,4,1,8,13,1,4,4,7,1,2,2,1,0,8,4,1,1,2,8,2,5,1
33408,0,7,3,3,1,6,1,1,2,1,6,1,2,2,1,0,1,4,1,1,2,4,2,3,1
26399,0,7,2,2,5,18,1,1,7,1,9,1,3,2,1,0,1,3,2,1,2,3,2,4,1
6263,0,4,6,4,5,23,21,3,4,1,7,8,2,3,4,1,5,3,1,1,4,6,2,7,1
18882,0,5,6,4,1,14,13,1,10,3,3,1,2,2,1,0,8,1,1,1,2,3,2,2,1
1824,0,9,7,4,1,16,13,1,7,1,10,1,2,2,3,0,1,3,1,1,2,5,2,3,1
355,0,6,2,4,1,10,13,1,1,3,1,8,2,2,1,0,3,1,1,4,4,3,3,2,1
12932,0,7,2,4,1,1,7,3,7,2,1,1,2,2,1,0,1,1,1,1,2,5,2,4,1
13810,0,8,2,4,1,14,8,1,2,1,9,8,3,3,3,0,1,1,1,1,3,3,3,4,1
18371,0,4,1,4,4,23,13,2,4,1,7,8,3,3,5,0,1,3,1,1,5,3,2,2,1
17697,1,10,3,4,1,7,13,1,10,4,8,8,2,2,1,0,8,1,1,1,3,3,2,2,1
5258,1,4,6,4,1,13,13,1,4,2,11,7,2,2,1,1,12,1,1,1,2,4,2,6,1
7304,0,7,1,4,1,1,18,2,4,5,6,1,2,2,1,0,1,1,1,1,2,4,2,4,1
733,0,4,7,2,5,21,1,2,10,1,10,1,2,3,6,0,1,3,1,1,4,3,2,2,1
15587,0,3,6,4,1,20,13,5,8,3,8,8,2,2,1,0,1,2,1,1,3,3,2,2,1
937,0,7,4,4,1,20,13,2,7,3,3,6,3,2,1,0,1,3,1,1,2,5,2,2,1
18015,0,8,6,4,1,19,12,1,7,4,7,1,2,2,1,0,1,1,1,1,2,3,2,2,1
4079,0,4,3,4,1,19,13,1,4,1,9,8,2,3,4,0,1,3,1,1,4,3,2,2,1
5461,0,3,1,4,5,13,1,1,4,1,4,8,3,2,1,0,1,2,1,1,4,3,2,2,1
6891,0,5,1,4,1,6,13,2,7,1,7,1,2,3,4,0,3,3,1,2,2,3,3,2,1
8700,1,3,4,4,1,22,13,2,4,2,6,8,2,2,1,0,1,1,1,1,4,3,2,3,1
36790,1,3,4,4,1,10,18,1,2,4,5,1,2,2,1,0,2,1,1,2,2,6,2,2,1
27884,0,3,2,2,1,23,13,2,4,1,5,1,2,2,1,0,1,1,1,1,2,4,3,2,1
10456,0,4,3,4,1,9,1,1,2,1,5,1,3,2,1,0,2,2,1,3,2,3,2,3,1
34087,0,9,4,4,1,14,13,1,8,4,10,1,2,2,1,0,8,3,1,1,2,3,2,2,1
989,0,2,3,4,1,17,13,1,10,4,2,1,2,2,1,0,2,1,1,3,2,4,2,3,1
15668,0,10,4,4,1,7,21,1,7,4,8,1,2,2,1,0,2,2,2,2,2,3,2,2,1
20200,1,6,6,2,1,13,13,1,4,4,6,1,2,2,1,0,2,2,1,2,2,3,2,2,1
1583,0,7,6,4,1,8,13,1,4,3,10,1,2,2,1,0,2,1,1,2,2,3,2,2,1
3295,0,7,7,3,5,2,1,2,8,1,5,8,2,3,5,0,1,3,1,1,3,3,2,2,1
28020,0,5,4,4,2,18,13,2,10,1,2,8,2,3,4,0,1,2,1,1,4,3,2,2,1
7618,1,4,3,4,3,16,13,1,4,1,7,1,2,3,4,0,3,1,1,1,2,5,2,5,1
18309,1,6,1,4,1,16,13,1,10,4,4,1,2,2,1,0,1,3,1,1,2,3,2,2,1
18402,0,8,6,4,1,1,13,3,7,3,7,8,2,2,1,1,12,3,1,1,3,5,2,4,1
29376,0,4,1,1,1,19,13,1,4,4,5,1,2,2,1,0,2,3,1,2,2,2,2,3,3
422,0,7,6,4,5,8,1,1,8,1,4,1,2,2,1,0,1,2,1,1,2,8,2,4,1
8074,0,7,7,4,1,9,13,1,7,4,10,8,2,2,1,0,2,1,1,3,4,3,2,2,1
1195,0,4,1,4,1,3,13,2,10,1,6,8,2,3,4,0,1,1,1,1,3,3,2,2,1
17742,1,7,6,3,1,13,2,1,8,5,5,8,2,2,1,1,12,1,1,1,3,5,2,4,1
7049,0,6,7,4,4,16,13,1,7,1,4,8,2,3,4,0,1,3,1,1,4,3,2,2,1
22178,1,6,7,4,1,7,13,1,8,4,4,1,2,2,1,0,8,1,1,1,2,3,2,4,1
20857,0,3,5,3,1,15,13,1,8,2,5,1,2,2,1,0,2,1,1,3,2,3,2,2,1