id,Severity,age_classes,day_week,DEFORMED_classes,m_harm_classes,hour,impact1_classes,lgt_cond,make,man_coll,month,p_crash1,pcrash4,pcrash5,rel_road,reljct1,reljct2,rest_use,sex,typ_int,valign,vnum_lan,vsurcond,vtrafway,weather_classes
18642,1,8,7,4,1,24,12,6,7,4,3,1,2,2,1,0,2,3,1,2,2,3,2,2,1
6235,0,10,1,4,1,15,13,1,7,4,7,1,2,2,1,1,2,1,1,2,2,3,2,3,1
9673,0,9,4,4,1,19,13,5,2,1,6,8,2,3,4,0,1,1,1,1,4,3,2,2,1
6767,1,4,4,4,1,10,13,1,4,1,7,7,2,3,4,0,1,1,1,1,2,5,2,2,1
8120,0,3,7,4,1,23,13,2,2,2,3,1,2,2,1,0,1,1,1,1,2,5,2,4,1
31744,0,8,1,2,1,18,10,1,7,4,8,8,2,2,1,0,2,3,1,2,2,3,2,2,1
17983,1,4,3,4,1,19,13,5,4,4,6,1,2,2,1,0,2,1,1,2,2,4,2,2,1
15858,1,9,5,4,5,14,1,1,7,1,6,1,3,3,4,0,1,3,1,1,2,3,2,2,1
11266,1,11,7,4,5,7,3,1,10,1,4,8,2,3,4,0,2,1,1,3,4,5,3,2,1
16829,1,3,5,4,1,22,13,3,4,4,8,1,2,2,1,0,2,3,1,3,2,3,2,2,1
12026,1,4,7,4,1,16,13,1,8,4,6,1,2,2,1,0,2,2,1,3,2,3,2,2,1
10152,0,3,1,4,1,12,13,1,2,4,3,1,3,2,1,0,2,1,1,3,2,3,2,3,1
23398,1,10,6,3,1,8,4,1,7,5,11,1,2,2,1,0,1,2,1,1,2,4,2,4,1
3449,0,6,2,4,5,23,13,2,8,1,9,8,2,3,4,0,1,1,1,1,5,3,2,2,1
11782,0,7,2,4,1,11,13,1,2,3,9,1,2,2,1,0,2,3,1,2,2,5,2,3,1
9074,1,11,7,4,1,13,13,1,8,4,10,1,2,2,1,0,8,1,1,1,2,5,2,2,1
5043,1,10,7,4,3,8,9,1,7,1,6,1,2,3,4,0,1,1,2,1,2,3,2,2,1
13100,1,7,1,4,1,21,13,3,2,3,11,1,2,2,1,0,2,1,1,3,2,3,2,5,1
6568,1,3,7,4,2,10,13,1,8,1,8,8,2,3,5,0,1,1,1,1,4,3,2,2,1
19710,0,7,1,4,5,16,1,1,7,1,8,8,3,3,4,0,1,1,1,1,4,3,2,2,1
16283,1,4,3,4,1,14,13,1,10,4,7,1,2,2,1,0,2,1,1,2,2,4,2,3,1
5865,1,8,1,4,5,12,1,1,8,1,7,6,3,5,1,0,1,3,1,1,2,3,2,2,1
12157,0,7,2,3,1,12,7,1,7,7,5,1,3,2,1,0,2,1,1,2,2,3,2,2,1
30466,0,6,6,4,5,8,1,1,7,1,4,7,3,2,1,0,1,4,1,1,2,3,2,2,1
22240,1,4,5,4,1,9,13,1,8,4,2,1,2,2,1,0,2,1,1,3,2,4,2,4,1
2398,1,5,7,4,1,21,13,3,7,3,8,1,2,2,1,0,1,2,1,1,2,3,2,2,1
36396,0,3,5,4,1,19,13,5,4,1,10,1,2,2,1,0,3,3,1,2,2,3,2,3,1
10660,0,5,7,4,5,3,13,2,10,2,9,1,2,2,1,0,1,2,1,1,4,6,2,4,1
20760,0,3,6,2,1,13,13,1,10,4,7,7,2,2,1,0,8,2,1,1,2,5,2,2,1
20401,0,9,1,1,1,20,13,1,7,1,7,1,2,3,7,0,1,1,1,1,2,3,2,2,1
31751,0,8,1,2,5,12,1,1,7,1,9,1,3,3,3,0,1,3,1,1,2,3,2,4,1
33642,1,9,5,4,1,14,13,1,4,4,10,8,2,2,1,0,3,4,1,3,3,3,2,3,1
27874,0,3,2,2,4,18,13,1,4,1,3,8,3,3,4,0,1,1,1,1,4,3,2,2,1
10236,1,7,5,4,5,14,1,1,7,1,9,8,2,3,4,0,1,3,1,1,4,3,2,2,1
3896,1,6,3,4,1,16,13,1,7,4,6,1,2,2,1,0,2,3,1,2,2,3,2,2,1
23808,0,4,6,3,1,23,22,3,10,4,3,8,2,2,1,0,2,1,1,3,4,3,2,2,1
11305,0,10,4,4,1,9,2,1,7,4,9,1,2,2,1,1,2,3,2,2,2,3,2,2,1
2595,1,3,6,4,1,18,13,1,4,4,6,1,2,2,1,0,2,3,1,2,2,5,2,5,1
9755,0,8,7,4,5,19,2,1,2,1,8,8,2,3,4,0,1,1,1,1,4,3,2,2,1
27594,0,5,6,4,1,15,18,1,4,5,5,7,2,2,1,0,1,1,1,1,2,5,2,4,1
16951,0,6,6,3,1,20,1,1,2,1,8,8,2,3,5,0,1,3,1,1,3,3,2,2,1
17853,1,6,2,3,1,20,13,2,2,1,8,7,3,3,1,0,1,1,1,1,3,3,2,3,1
16910,1,8,2,4,5,22,1,2,2,1,7,1,2,2,1,0,2,3,1,3,2,3,2,5,1
31573,0,6,1,2,1,14,18,1,7,6,9,8,2,2,1,0,8,3,1,1,1,1,1,1,1
3823,1,12,1,2,5,16,1,5,4,1,11,1,3,2,1,0,1,1,1,1,2,3,2,2,1
10200,0,5,6,4,1,17,13,1,10,4,6,1,2,2,1,0,2,3,1,3,2,3,2,2,1
20950,0,4,1,2,1,11,7,1,10,2,5,2,2,2,1,0,3,2,1,2,2,5,2,2,1
13965,1,7,7,4,1,21,10,2,10,4,10,1,2,2,1,0,2,1,1,2,2,3,2,3,1
36350,1,12,7,4,1,20,12,5,10,6,8,8,2,2,1,0,1,3,1,1,4,3,2,2,1
3822,1,6,3,4,1,11,13,1,10,2,10,1,3,2,1,0,8,2,1,1,2,3,2,3,1
21082,0,3,3,2,1,17,22,1,8,7,5,1,2,2,1,1,12,2,1,1,2,5,2,4,1
30957,0,5,1,2,1,14,22,1,7,5,1,1,2,2,1,0,1,4,1,1,2,3,2,3,1
3083,1,7,1,4,1,21,13,3,2,3,11,1,2,2,1,0,2,1,1,3,2,3,2,5,1
20370,1,10,1,4,1,20,13,3,7,4,4,1,2,2,1,0,2,2,1,2,2,5,2,5,1
5115,1,10,3,4,1,14,4,1,8,4,8,8,2,2,1,0,2,1,1,2,2,3,2,4,1
19034,1,7,1,4,1,17,13,1,8,1,5,8,3,3,4,0,1,3,1,1,5,3,2,2,1
5338,1,13,1,4,4,15,13,1,7,1,10,8,2,3,4,0,1,1,1,1,3,3,2,2,1
844,1,9,6,4,4,19,1,1,7,1,7,8,3,3,4,0,1,3,1,1,4,3,2,2,1
1575,0,4,1,4,1,10,13,1,2,4,9,8,2,2,1,0,2,1,1,2,4,3,2,2,1
13260,0,6,3,4,1,18,13,1,2,6,10,8,2,2,1,0,1,1,1,1,4,3,2,2,1
14971,1,8,5,1,5,18,1,1,2,1,8,8,3,2,1,0,8,2,2,1,2,3,2,2,1
17142,1,3,5,4,5,6,15,1,4,1,3,8,2,3,4,0,1,1,1,1,3,3,2,6,1
11887,1,11,4,4,1,21,13,2,2,1,6,1,2,2,1,0,1,3,1,1,2,3,2,2,1
661,1,8,2,3,1,18,11,5,7,1,10,1,2,2,1,0,1,2,1,1,2,3,2,2,1
20975,0,4,6,3,1,20,13,3,8,1,8,1,2,2,1,0,1,1,1,1,2,3,2,2,1
9724,1,4,3,4,1,18,13,1,2,4,6,1,2,2,1,0,8,1,1,1,2,3,2,2,1
15545,1,11,4,2,5,18,1,1,2,1,7,1,2,3,2,0,1,1,1,1,2,3,2,2,1
8050,1,10,6,4,2,15,13,1,7,1,9,8,2,3,4,0,1,1,1,1,3,3,2,2,1
16199,1,5,6,4,1,7,13,1,4,4,1,7,2,2,1,0,4,3,1,1,2,3,2,2,1
13961,0,10,4,4,5,19,1,2,10,1,10,1,3,2,1,0,1,3,1,1,2,3,2,2,1
12165,0,7,2,4,1,8,7,1,2,2,5,1,2,2,1,0,1,2,1,1,2,3,2,2,1
17937,0,5,7,4,1,19,13,1,2,1,5,8,2,2,1,0,1,3,1,1,3,3,2,2,1
29994,1,4,7,4,5,9,1,1,10,1,4,7,2,3,4,0,1,4,1,1,4,3,2,2,1
18382,1,8,6,4,1,11,13,1,2,4,8,8,2,2,1,0,4,3,1,1,4,5,2,2,1
18805,1,7,6,4,5,16,1,1,2,3,7,8,2,2,1,0,1,2,1,1,4,3,2,2,1
31675,0,9,5,4,1,5,13,1,7,4,6,1,2,2,1,0,1,4,1,1,2,4,2,4,1
12972,1,4,5,4,1,10,13,1,2,4,5,1,2,2,1,0,2,1,1,3,2,3,2,2,1
20737,1,4,5,3,1,17,13,1,10,1,6,1,3,3,3,0,1,2,1,1,2,4,2,4,1
16411,1,7,7,2,1,18,21,3,7,5,11,1,2,2,1,0,1,1,1,1,2,3,2,3,1
30549,1,7,3,2,1,19,7,2,1,2,11,5,2,2,1,0,3,4,1,2,2,7,2,2,1
36408,0,3,5,4,1,10,7,1,4,2,10,5,2,2,1,1,3,4,1,2,2,5,2,2,1
11095,0,8,6,4,1,12,7,1,4,2,3,1,2,2,1,0,1,3,1,1,2,3,2,2,1
20058,1,5,1,4,5,15,1,1,8,1,7,8,2,3,4,0,1,2,1,1,4,3,2,2,1
2699,0,6,1,4,1,14,12,1,7,4,9,8,2,2,1,0,1,1,2,1,5,3,2,2,1
18360,0,5,7,4,1,18,1,1,8,1,7,1,3,2,1,0,2,3,1,2,2,3,2,3,1
1277,1,4,4,4,1,21,7,2,8,2,8,1,2,2,1,0,2,3,1,2,2,3,2,3,1
10030,0,8,4,4,1,5,4,3,7,4,3,8,2,2,1,0,2,1,1,2,4,3,2,3,1
16854,0,10,7,4,1,17,2,5,7,1,10,8,2,3,5,0,1,3,1,1,3,3,2,2,1
20363,1,6,1,3,1,20,4,3,8,4,11,1,3,2,1,0,2,1,1,4,2,5,2,2,1
19570,1,7,5,3,1,17,7,1,2,2,8,5,2,2,1,0,8,3,1,1,2,5,2,2,1
5697,0,7,7,4,1,14,13,1,2,3,10,8,2,2,1,0,3,1,1,3,4,3,2,2,1
34106,1,8,2,4,5,13,1,1,10,1,4,7,2,2,1,0,3,1,1,3,2,3,3,2,1
18671,1,10,5,4,1,18,13,1,7,4,4,1,3,2,1,0,2,3,1,3,2,3,2,2,1
23708,0,4,1,2,1,13,13,1,4,2,7,5,2,2,1,0,1,1,1,1,2,6,2,4,1
20259,0,7,7,2,1,14,13,1,7,1,9,1,2,2,1,0,1,2,1,1,2,3,2,2,1
24909,0,9,3,3,1,17,13,1,7,1,10,1,2,2,1,0,1,2,1,1,2,5,2,4,1
2844,0,4,3,4,1,1,13,3,8,1,10,8,3,3,4,0,1,1,1,1,3,4,2,4,1
7605,1,3,4,4,1,21,4,2,10,5,6,7,2,2,1,1,5,1,1,1,3,2,2,7,1
1687,1,6,7,4,5,16,1,1,2,1,4,2,3,2,1,0,2,3,1,2,2,5,2,3,1
25688,0,8,5,4,1,14,7,1,7,2,2,1,2,2,1,0,1,3,1,1,2,3,2,4,1
11994,0,5,1,4,1,13,4,1,7,6,8,1,2,2,1,0,1,3,1,1,2,3,3,2,1
30444,0,5,5,2,3,12,13,1,8,1,10,8,2,3,4,0,3,4,1,3,2,5,2,5,1
31494,0,4,1,2,1,11,21,1,2,5,6,1,2,2,1,0,1,3,1,1,2,3,2,3,1
9264,0,4,6,3,1,2,13,3,7,4,5,1,2,2,1,0,2,3,1,3,2,5,2,5,1
959,1,7,2,4,1,17,13,1,2,2,10,1,2,2,1,0,1,1,1,1,2,3,2,6,1
6407,0,3,3,4,1,14,13,1,8,4,7,1,2,2,1,0,2,1,1,3,2,3,2,4,1
15962,1,4,5,4,1,23,1,3,7,1,9,1,3,2,1,0,2,3,1,2,2,3,2,2,1
10679,1,10,4,2,5,10,1,1,8,1,9,1,2,3,4,0,1,1,1,1,2,3,2,2,1
17313,1,6,2,4,1,18,7,2,7,2,11,5,2,2,1,0,3,2,1,3,2,3,2,2,1
14632,1,9,7,4,4,20,6,3,10,1,11,8,2,3,4,0,1,3,1,1,3,3,2,2,1
31906,1,5,7,4,1,23,7,2,8,2,7,1,2,2,1,0,3,1,1,3,2,3,3,3,1
17709,0,8,7,4,1,15,13,1,7,4,6,1,2,2,1,0,1,1,1,1,2,3,2,2,1
11742,1,9,7,4,1,20,13,1,7,4,7,1,2,2,1,0,2,3,1,3,2,3,2,2,1
21253,0,4,7,4,1,18,13,1,2,2,7,1,2,2,1,0,3,3,1,3,2,5,2,2,1
27233,0,7,5,4,1,7,19,1,4,5,4,8,2,2,1,0,1,3,1,1,3,5,2,2,1
19840,0,6,5,4,1,16,13,1,7,4,6,1,2,2,1,0,8,1,1,1,2,3,2,2,1
31578,0,4,7,3,1,14,1,1,4,1,11,8,2,2,1,0,2,4,1,2,2,4,2,3,1
9888,0,9,2,4,1,20,13,1,2,3,6,8,2,2,1,0,1,1,1,1,4,3,2,2,1
18996,0,8,6,2,1,17,7,1,7,2,8,8,2,2,1,0,2,3,1,3,2,3,2,2,1
19986,0,7,6,4,5,21,1,2,7,1,8,8,3,2,1,0,3,3,1,3,4,3,2,2,1
11129,1,8,6,4,1,14,13,1,7,4,2,1,2,2,1,0,2,3,1,2,2,3,2,3,1
2507,0,7,1,4,1,18,13,1,7,3,3,8,2,2,1,0,1,1,1,1,5,3,2,2,1
19292,1,3,2,2,1,20,13,3,10,4,5,8,2,2,1,0,4,1,1,1,3,5,2,3,1
30997,0,5,6,4,1,18,13,1,2,2,6,1,2,2,1,0,1,4,1,1,2,3,2,4,1
5278,0,3,4,4,1,18,13,6,2,3,3,1,2,2,1,0,1,1,1,1,2,3,2,2,1
17658,0,8,2,4,5,14,1,1,10,1,9,8,2,3,4,0,1,1,1,1,4,3,2,2,1
20873,0,4,5,3,1,7,7,1,11,2,6,1,2,2,1,0,1,1,1,1,2,3,2,3,1
14068,1,4,5,4,1,6,13,1,7,4,8,1,2,2,1,0,3,1,1,3,2,3,2,3,1
22835,0,4,1,2,1,19,10,1,4,4,7,1,2,2,1,0,8,3,1,1,2,5,2,2,1
12979,0,10,1,4,1,9,10,1,8,4,6,8,3,2,1,0,1,1,1,1,3,3,3,2,1
13988,0,8,6,2,1,17,7,1,7,2,8,8,2,2,1,0,2,3,1,3,2,3,2,2,1
15644,0,4,5,4,1,12,13,1,2,4,9,1,2,2,1,0,2,2,1,3,2,3,2,3,1
8478,0,3,1,4,1,7,13,4,2,3,3,1,2,2,1,0,1,2,1,1,2,3,2,2,1
13585,0,3,6,4,3,23,13,3,2,1,11,8,2,3,4,0,1,3,1,1,3,3,2,2,1
5464,1,4,1,4,5,13,1,1,2,1,4,8,3,2,1,0,1,2,1,1,4,3,2,2,1
6247,1,7,5,3,1,17,11,1,10,4,6,8,2,2,1,0,8,3,1,1,2,3,2,2,1
24839,0,4,7,2,1,13,13,1,7,2,8,1,2,2,1,0,1,2,1,1,2,3,2,3,1
13654,0,4,2,4,1,12,13,1,2,4,4,7,3,2,1,0,8,2,1,1,2,5,2,2,1
17114,0,5,4,4,1,11,13,1,4,4,8,1,3,2,1,0,2,3,1,2,2,5,2,2,1
1921,0,6,3,4,1,13,13,1,7,4,9,1,2,2,1,0,2,3,1,2,2,3,2,5,1
32627,0,7,5,2,5,16,1,1,7,1,10,1,2,3,4,0,1,4,1,1,2,3,2,2,1
25772,0,9,5,3,1,13,13,1,7,2,6,1,2,2,1,0,3,3,1,2,2,5,2,5,1
31607,0,4,7,4,1,17,13,1,10,4,5,1,2,2,1,0,7,3,1,1,2,4,2,4,1
18742,1,7,7,4,1,18,13,1,7,4,7,1,2,2,1,0,8,3,1,1,2,5,2,2,1
20928,0,5,6,4,5,16,1,1,2,1,10,8,2,3,4,0,1,1,1,1,4,3,2,2,1
23618,0,3,5,4,1,8,13,1,8,4,8,1,2,2,1,0,2,2,1,2,2,3,2,2,1
7826,1,6,2,4,5,22,11,3,4,1,9,8,2,3,3,0,1,2,1,1,3,3,2,4,1
12126,1,3,3,2,1,19,13,2,4,4,10,1,3,2,1,0,2,1,1,3,2,3,2,3,1
10715,0,10,7,4,1,11,13,1,7,1,10,1,2,2,1,0,1,1,1,1,2,3,2,2,1
9009,1,6,5,3,1,21,13,2,2,1,4,8,2,3,4,0,1,1,1,1,3,3,2,2,1
30916,0,5,2,2,1,16,4,1,7,4,8,1,2,6,1,0,8,3,1,1,1,1,1,1,1
30514,0,10,1,4,5,7,1,1,7,1,8,7,2,2,1,0,3,3,1,3,2,3,2,2,1
29792,0,3,7,1,5,12,1,1,2,1,3,8,2,2,1,0,2,3,1,3,2,3,2,2,1
26596,1,3,5,4,1,20,7,2,4,2,4,2,2,2,1,1,12,3,1,1,2,4,2,4,1
17477,0,8,7,3,1,19,13,1,7,4,4,1,2,2,1,0,2,3,1,2,2,3,2,2,1
11111,1,7,7,4,5,6,1,4,10,1,4,8,2,3,4,1,5,1,1,1,3,3,2,7,1
9537,0,7,1,3,1,2,7,3,10,2,10,1,2,2,1,0,1,3,1,1,2,6,2,4,1
2209,1,7,5,4,1,4,13,6,7,1,7,1,2,2,1,0,1,3,1,1,2,3,2,2,1
10613,0,4,4,4,5,21,1,3,6,1,8,1,3,2,1,0,2,2,1,2,2,3,2,4,1
30465,0,8,7,2,5,15,1,1,2,1,3,1,3,2,1,0,1,4,1,1,2,3,2,2,1
16698,1,4,6,4,1,20,4,2,7,1,2,1,2,2,7,0,1,3,1,1,2,3,2,2,1
9829,1,12,7,4,1,18,13,1,5,4,6,1,2,2,1,0,8,1,1,1,2,5,2,5,1
13029,1,3,1,4,1,11,13,1,4,4,7,1,2,2,1,0,2,1,1,2,2,5,2,2,1
11512,0,6,2,4,5,11,1,1,4,1,4,8,2,3,4,0,1,2,1,1,4,3,2,2,1
7261,1,4,1,4,1,17,13,1,4,2,5,1,2,2,1,0,1,2,1,1,2,3,2,2,1
12912,0,8,7,4,1,18,13,1,7,3,5,2,2,2,1,0,1,1,1,1,3,3,2,2,1
2831,1,5,2,4,1,22,13,3,10,4,10,1,2,2,1,0,2,2,1,3,2,3,2,2,1
24051,1,7,1,4,1,18,13,2,7,2,11,1,2,2,1,0,1,2,1,1,2,3,2,4,1
18281,1,8,5,4,5,9,1,1,7,1,12,8,2,2,1,0,1,1,1,1,3,3,3,2,1
20459,0,3,1,2,5,20,1,1,10,1,6,8,3,3,4,1,5,2,2,1,3,2,2,7,1
3012,1,3,1,4,1,11,13,1,4,4,7,1,2,2,1,0,2,1,1,2,2,5,2,2,1
5827,0,8,2,4,2,24,2,3,2,1,4,1,2,3,4,0,1,3,1,1,2,6,2,4,1
3941,1,4,7,4,1,20,13,2,2,3,10,8,2,2,1,0,1,1,1,1,4,3,2,2,1
20412,0,3,2,4,1,18,13,1,10,1,8,1,2,2,1,0,1,2,1,1,2,3,2,2,1
9705,1,10,1,4,1,12,13,1,7,3,4,8,2,2,1,0,1,1,1,1,3,3,2,2,1
29804,0,5,1,2,4,1,13,2,10,1,5,1,2,3,4,0,3,1,1,3,2,3,2,2,1
4144,1,4,6,3,1,1,13,3,7,1,3,8,2,3,4,0,1,3,1,1,5,3,2,2,1
31254,0,6,2,4,1,16,13,1,7,4,8,8,3,2,1,0,1,1,1,1,3,3,2,4,3
17638,1,9,3,4,1,5,13,2,8,1,7,1,3,2,1,0,1,1,1,1,2,3,2,2,1
1591,0,7,5,4,3,2,13,2,7,1,11,8,2,3,3,0,2,2,1,2,4,3,2,4,1
4011,1,9,7,4,1,16,13,1,2,4,5,1,2,2,1,0,2,1,1,2,2,3,2,3,1
18905,1,7,3,4,1,17,13,1,7,4,5,1,2,2,1,0,2,3,1,2,2,3,2,3,1
8909,0,7,7,4,1,21,13,2,2,2,6,1,2,2,1,0,1,3,1,1,2,3,2,3,1
11062,0,7,6,4,1,23,7,3,4,2,4,2,2,2,1,0,1,3,1,1,2,4,2,3,1
17560,1,9,1,4,1,16,13,1,2,4,6,1,2,2,1,0,2,1,1,3,2,3,2,3,1
8328,1,11,3,4,1,14,13,1,7,4,6,1,2,2,1,0,2,3,1,2,2,3,2,2,1
25039,0,4,5,4,5,17,1,1,10,1,6,1,3,2,1,0,8,1,1,1,2,3,2,5,1
5534,1,7,1,3,5,14,15,1,6,1,7,6,2,3,4,0,1,2,1,1,4,3,2,4,1
344,0,7,5,4,1,18,13,3,7,4,1,1,2,2,1,0,2,2,1,3,2,5,2,5,1
14042,1,4,4,4,1,8,13,1,10,4,7,7,2,2,1,0,7,1,1,1,2,3,2,3,1
3598,0,7,6,4,1,18,13,1,7,4,9,8,2,2,1,0,1,1,1,1,3,3,2,2,1
25138,0,5,6,4,1,16,7,1,8,2,2,5,2,2,1,0,1,1,1,1,2,3,2,3,1
13141,1,10,2,4,5,20,1,2,7,1,5,1,2,3,3,0,1,1,1,1,2,3,2,3,1
8826,1,6,3,4,1,7,4,1,8,4,10,1,3,2,1,0,8,2,1,1,2,3,2,2,1
11718,1,7,2,4,1,18,13,1,7,2,6,1,2,2,1,0,1,3,1,1,2,3,2,2,1
32002,0,6,4,2,5,17,1,1,4,1,2,1,3,2,1,0,1,4,1,1,2,3,2,2,1
5447,1,4,2,4,1,21,13,3,10,4,5,1,2,2,1,0,2,2,1,3,2,5,2,5,1
16338,1,7,1,4,1,16,2,1,10,4,9,1,2,2,1,0,2,1,1,2,2,5,2,3,1
18745,0,3,6,4,1,11,2,1,2,4,7,8,3,2,1,0,2,1,1,3,3,3,2,2,1
23948,1,9,5,3,1,6,2,1,7,5,6,1,2,2,1,0,1,2,1,1,2,3,3,2,1
3116,0,5,7,4,1,21,13,2,4,4,4,1,2,2,1,0,2,1,1,3,2,3,2,2,1
4221,1,4,1,3,2,23,13,3,4,1,4,8,2,3,8,1,12,1,1,1,4,4,2,4,1
31591,1,7,4,2,5,13,1,1,10,1,2,1,2,2,1,0,1,1,1,1,2,3,2,4,1
5764,1,7,6,4,5,16,1,1,2,1,12,8,2,5,1,0,1,1,1,1,4,2,2,2,1
34372,1,8,2,4,1,8,13,1,2,4,11,1,2,2,1,0,2,4,1,2,2,3,2,2,1
7515,1,10,7,4,1,15,13,1,8,4,3,1,2,2,1,0,1,1,1,1,2,4,2,3,1
3533,1,8,1,4,5,18,13,1,7,1,9,8,2,3,4,0,1,3,1,1,3,3,2,2,1
159,1,8,1,4,5,18,13,1,7,2,5,7,2,3,2,0,1,1,1,1,2,3,2,2,1
32792,0,4,2,3,5,18,13,1,8,4,9,1,2,2,1,0,2,1,1,3,2,3,2,2,1
15114,0,7,4,4,1,7,13,1,7,4,11,1,2,2,1,0,2,2,1,2,2,3,2,3,1
20634,0,10,5,3,5,17,1,1,2,1,10,7,2,2,1,0,1,3,1,1,2,3,2,3,1
1881,0,8,1,4,4,16,13,1,3,1,7,8,2,3,4,0,1,3,1,1,3,3,2,2,1
7636,1,4,1,4,4,18,13,1,7,1,7,1,2,3,4,0,1,1,1,1,2,3,2,2,1
123,1,9,2,4,1,19,19,3,8,6,3,8,2,2,1,0,1,3,1,1,4,5,2,5,1
5219,0,10,7,4,1,11,18,1,7,6,9,8,2,2,1,0,1,1,1,1,4,3,2,2,1
29404,0,8,7,2,1,17,12,1,8,4,9,1,2,2,1,0,1,3,1,1,2,5,3,2,1
11141,1,10,3,4,1,12,13,1,10,4,4,1,2,2,1,0,2,3,1,2,2,4,2,3,1
21384,1,7,1,4,1,13,18,1,7,3,4,8,2,2,1,0,1,2,2,1,4,3,2,2,1
32337,1,7,4,4,1,15,13,1,7,4,7,1,2,2,1,0,2,3,1,2,2,5,2,2,1
20525,0,10,7,4,1,19,12,3,2,4,2,1,2,2,1,0,8,3,1,1,2,5,2,2,1
19517,1,8,6,2,5,18,1,1,7,1,9,8,2,3,4,0,1,3,1,1,4,3,2,2,1
25075,0,10,4,4,1,15,13,1,8,1,8,1,2,2,1,0,1,1,1,1,2,5,2,3,1
5481,0,3,1,4,1,1,15,3,8,1,5,1,2,3,3,0,3,2,1,2,2,2,2,3,1
8312,0,4,3,4,1,19,13,1,4,3,5,8,2,2,1,0,1,1,1,1,5,3,2,2,1
18138,1,6,5,4,5,11,13,1,8,1,3,8,2,3,4,0,1,1,1,1,4,3,2,2,1
12067,1,7,2,2,1,18,13,1,10,1,5,8,2,3,4,0,1,3,1,1,4,3,2,2,1
22204,0,7,7,4,5,23,1,2,10,1,9,8,2,3,4,0,3,1,1,2,2,3,2,2,1
18526,0,7,7,2,5,13,1,1,2,1,6,1,3,2,1,0,1,3,1,1,2,3,2,2,1
4872,1,3,7,4,5,16,13,1,4,1,5,8,2,3,4,0,1,1,1,1,4,3,2,2,1
1885,0,7,3,4,1,23,13,2,2,2,7,1,2,2,1,0,1,3,1,1,2,3,2,2,1
16616,1,3,6,4,1,22,13,2,7,1,10,8,2,2,1,0,1,1,2,1,3,3,2,2,1
12444,1,9,4,4,1,22,13,2,4,3,6,1,2,2,1,0,8,2,1,1,2,5,2,2,1
23673,1,8,7,4,5,10,1,1,4,1,3,8,3,2,1,0,1,1,1,1,4,3,2,2,1
11084,0,7,7,4,1,3,13,3,7,3,4,1,2,2,1,0,1,3,1,1,2,4,2,3,1
12629,1,9,3,4,1,5,13,2,8,1,7,1,3,2,1,0,1,1,1,1,2,3,2,2,1
15949,0,7,3,4,1,7,13,1,7,4,10,1,2,2,1,0,2,3,1,3,2,3,2,2,1
18802,1,8,6,4,5,16,1,1,7,3,7,8,2,2,1,0,1,2,1,1,4,3,2,2,1
463,1,4,1,4,1,22,13,2,8,2,2,7,2,2,1,0,1,2,1,1,2,5,2,4,1
15068,0,6,1,4,1,3,13,3,4,3,6,1,2,2,1,0,1,1,1,1,2,3,2,4,1
3358,1,4,4,4,1,21,1,2,2,1,8,1,2,2,1,0,1,3,1,1,2,3,2,2,1
15814,0,4,7,4,1,2,13,3,10,4,11,1,2,2,1,0,2,2,1,3,2,3,2,3,1
1141,1,3,1,4,1,22,13,3,4,2,6,1,2,2,1,0,2,1,1,3,2,3,2,3,1
15077,0,8,7,4,5,13,13,1,7,1,7,7,2,3,4,0,1,1,1,1,2,3,2,2,1
14056,1,7,4,4,1,9,13,1,3,4,8,8,2,2,1,0,1,1,1,1,3,3,2,2,1
10174,1,10,6,4,1,16,22,1,7,4,4,1,3,2,1,0,1,1,1,1,2,3,2,3,1
4716,1,4,3,4,1,18,13,1,2,4,6,1,2,2,1,0,8,1,1,1,2,3,2,2,1
259,1,3,7,4,1,12,13,1,4,4,11,1,2,2,1,0,3,1,1,2,2,5,2,5,1
18023,1,4,3,4,5,20,1,1,2,1,7,8,2,2,1,0,1,1,1,1,5,5,2,4,1
20253,1,9,1,3,1,19,13,1,8,4,8,8,2,2,1,0,2,2,1,2,2,3,2,2,1
1230,1,3,1,4,1,1,13,3,10,2,7,1,2,2,1,0,3,1,1,3,2,7,2,5,1
16128,0,7,6,4,1,21,13,3,7,4,4,1,2,2,1,1,2,3,1,2,2,4,2,3,1
12526,1,3,1,4,1,20,13,2,4,4,3,1,2,2,1,0,2,1,1,2,2,3,2,3,1
18999,1,7,6,3,1,14,13,1,7,1,7,1,2,2,1,0,1,3,1,1,2,3,2,6,1
24306,0,4,7,4,5,14,1,1,4,1,3,8,2,2,1,0,1,2,1,1,2,3,3,2,1
1302,1,3,4,4,1,23,13,3,10,2,9,1,2,2,1,0,1,1,1,1,2,4,2,4,1
25516,0,4,5,4,1,19,18,1,2,5,5,1,2,2,1,0,1,3,1,1,2,3,2,2,1
25119,0,4,2,3,4,12,12,1,2,1,10,8,2,3,4,0,1,1,1,1,4,3,2,2,1
3339,1,9,7,4,1,19,13,1,7,1,7,1,2,2,1,0,1,3,1,1,2,3,2,2,1
31004,1,5,7,4,5,22,1,3,10,1,7,7,2,2,1,0,1,3,1,1,2,5,2,2,1
2558,0,7,2,4,1,10,13,1,7,1,9,8,2,3,6,0,1,1,1,1,3,3,2,2,1
3412,0,3,1,4,1,12,13,1,2,4,8,1,2,2,1,1,2,1,2,2,2,5,2,3,1
29373,0,4,1,3,1,18,13,1,1,2,4,1,2,2,1,0,1,4,1,1,2,5,2,4,3