id,Severity,age_classes,day_week,DEFORMED_classes,m_harm_classes,hour,impact1_classes,lgt_cond,make,man_coll,month,p_crash1,pcrash4,pcrash5,rel_road,reljct1,reljct2,rest_use,sex,typ_int,valign,vnum_lan,vsurcond,vtrafway,weather_classes
11844,0,3,1,4,5,19,15,3,4,1,10,1,3,3,3,1,5,3,1,1,2,2,2,7,1
7804,1,4,2,4,1,23,13,3,6,1,7,8,2,4,5,0,1,1,1,1,5,3,2,2,1
10936,1,4,7,4,1,3,15,3,2,1,8,1,2,3,4,0,1,3,1,1,2,3,2,2,1
29977,0,9,4,4,1,18,13,3,7,4,10,1,2,2,1,0,2,3,1,2,2,4,2,4,1
6766,0,9,5,4,1,12,4,1,7,4,7,1,2,2,1,0,2,3,1,2,2,4,2,6,1
28463,0,5,7,4,3,12,13,1,8,1,7,1,3,3,4,0,1,1,1,1,2,3,2,2,1
29747,1,4,3,4,1,19,13,1,4,4,7,7,2,2,1,0,8,1,1,1,2,3,2,2,1
25667,0,4,7,2,1,14,8,1,10,5,6,5,2,2,1,0,3,2,1,3,2,3,2,2,1
18561,1,1,1,4,5,18,1,1,10,1,9,1,3,5,1,0,1,2,2,1,2,3,2,2,1
1960,1,8,2,4,5,17,1,1,7,1,7,8,2,3,4,0,1,3,1,1,3,5,2,4,1
7735,0,6,5,4,5,24,1,2,7,1,7,8,2,3,4,0,1,1,1,1,4,3,2,2,1
2219,0,4,7,4,1,18,13,2,3,3,10,1,2,2,1,0,1,2,1,1,2,3,2,2,1
7685,0,9,7,4,1,15,5,1,8,5,9,7,2,2,1,0,1,3,1,1,3,3,2,3,1
8683,0,6,4,4,1,19,1,1,4,1,6,8,2,3,4,0,1,2,1,1,4,3,2,2,1
14966,1,10,2,2,5,12,1,1,7,1,8,1,2,2,1,0,3,3,1,3,2,3,2,2,1
36149,0,3,4,4,1,18,13,3,2,4,1,1,2,2,1,0,2,3,2,2,2,4,2,4,1
22782,0,9,5,4,5,6,13,3,8,2,3,7,2,2,1,0,1,3,1,1,2,5,2,4,1
13372,1,11,1,2,1,20,2,1,10,6,7,8,2,2,1,0,1,3,1,1,3,3,2,2,1
2562,0,8,7,4,1,21,10,3,4,5,10,1,2,2,1,0,2,3,1,3,2,3,2,2,1
1550,1,10,6,4,1,13,13,1,2,2,8,1,2,2,1,0,2,1,1,2,2,5,2,2,1
5253,1,9,3,4,1,23,13,3,7,1,11,1,2,3,4,0,1,3,1,1,2,5,2,4,1
8402,0,6,6,4,1,23,13,3,4,1,8,8,3,3,5,0,1,3,1,1,5,5,2,2,1
6339,1,3,7,4,1,2,13,2,7,4,4,1,2,2,1,0,2,3,1,2,2,3,2,3,1
9659,0,8,5,4,4,17,13,1,10,1,6,8,2,3,6,0,1,1,1,1,3,3,2,2,1
6071,1,6,6,4,1,23,13,3,7,2,2,1,2,2,1,0,1,3,1,1,2,3,2,4,1
458,0,2,3,4,1,18,18,3,2,4,3,1,2,2,1,0,2,3,1,2,2,3,2,2,1
2641,1,5,7,4,5,18,1,1,7,1,10,8,2,3,3,0,1,2,1,1,3,3,2,3,1
28400,0,6,7,3,1,17,4,1,8,5,3,1,2,2,1,0,1,3,1,1,2,3,2,3,1
23184,0,3,4,2,5,7,1,1,8,1,7,2,2,2,1,0,1,2,1,1,2,6,2,3,1
472,1,6,3,4,1,12,13,1,4,3,5,1,2,2,1,0,2,2,1,2,2,5,2,2,1
25593,0,10,2,3,1,14,13,1,7,4,8,1,2,2,1,0,8,1,1,1,2,3,2,2,1
31994,0,5,3,4,3,1,13,3,2,1,12,1,2,3,3,0,1,3,1,1,2,4,2,4,1
6955,0,3,2,4,4,14,13,1,8,1,3,1,3,3,4,0,1,3,1,1,2,3,2,2,1
561,0,4,7,4,1,18,1,1,10,1,8,8,2,2,1,0,1,2,1,1,3,3,2,2,1
27169,0,3,7,4,1,10,13,1,8,4,11,1,2,2,1,0,2,3,1,2,2,3,2,2,1
23175,0,3,2,4,5,15,1,1,8,1,7,1,3,2,1,0,1,1,1,1,2,3,2,2,1
881,1,4,6,4,1,19,13,3,2,4,9,1,2,2,1,0,2,3,1,2,2,5,2,2,1
17003,0,5,1,4,1,13,4,1,7,6,8,1,2,2,1,0,1,3,1,1,2,3,3,2,1
13113,1,8,7,4,1,24,2,3,8,1,8,8,2,3,4,0,3,1,1,7,4,3,2,2,1
12612,1,3,6,4,1,18,13,1,4,4,6,1,2,2,1,0,2,3,1,2,2,5,2,5,1
13004,1,7,5,4,1,17,13,1,7,4,7,1,2,2,1,0,2,1,1,2,2,5,2,2,1
3902,1,7,7,2,1,17,13,1,3,3,4,1,2,2,1,0,8,3,1,1,2,3,2,2,1
15448,1,7,1,4,5,11,1,1,7,1,3,1,3,2,1,0,1,2,1,1,2,3,2,2,1
17777,0,10,4,4,1,21,13,2,3,4,7,1,2,2,1,0,2,3,1,4,2,3,2,2,1
1966,1,7,2,4,4,10,13,1,2,1,8,1,2,3,4,0,2,3,1,2,2,3,2,2,1
35966,1,7,4,4,1,12,11,1,2,5,8,1,2,2,1,0,1,3,1,1,2,5,2,4,1
14896,0,4,7,4,1,6,3,4,7,6,6,1,2,2,1,0,1,1,1,1,2,3,2,2,1
1674,1,4,7,4,1,16,13,1,7,4,4,7,2,2,1,0,2,3,1,2,2,3,2,2,1
36622,0,3,7,4,1,13,12,1,8,5,9,7,2,2,1,0,1,4,1,1,2,4,2,4,2
6566,1,7,6,4,1,23,13,2,2,4,8,1,2,2,1,0,2,1,1,2,2,3,2,3,1
4809,0,3,3,4,1,20,13,5,4,4,5,7,2,2,1,0,2,1,1,2,2,3,2,2,1
12154,0,8,7,3,5,21,1,2,2,1,5,8,3,3,4,0,1,1,1,1,3,3,2,2,1
31097,1,10,6,3,1,17,7,1,7,2,6,2,2,2,1,0,3,1,1,3,2,3,2,4,1
6738,1,8,3,4,1,16,13,1,7,4,7,8,2,2,1,0,8,2,1,1,2,5,2,2,1
8809,1,9,1,4,1,21,13,3,7,4,9,1,2,2,1,1,2,2,2,7,2,3,2,4,1
3915,1,7,3,4,1,23,7,2,7,2,8,4,2,2,1,0,2,3,1,2,2,3,2,2,1
12839,1,7,4,4,1,16,13,1,10,4,9,7,2,2,1,0,2,1,1,3,2,3,2,4,1
13015,0,4,2,4,1,18,13,1,6,3,7,7,2,2,1,0,1,1,1,1,3,3,2,2,1
10647,1,10,3,1,5,14,1,1,10,1,9,8,2,2,1,0,1,3,1,1,2,3,2,2,1
11237,0,7,1,4,1,7,1,1,2,1,7,8,2,2,1,0,1,1,1,1,3,4,3,4,1
11833,1,8,2,4,1,10,12,1,2,4,9,1,2,2,1,0,2,3,2,2,2,3,2,2,1
20230,0,3,6,2,3,17,3,1,8,1,6,8,3,3,4,0,3,2,1,2,2,5,2,2,1
17912,0,5,6,4,1,10,13,1,7,4,12,7,2,2,1,0,8,3,1,1,2,3,2,2,1
10067,0,8,7,4,5,13,13,1,7,1,7,7,2,3,4,0,1,1,1,1,2,3,2,2,1
22690,0,7,6,4,1,14,13,1,7,4,5,1,2,2,1,0,2,2,1,3,2,5,2,2,1
11820,1,3,5,4,1,22,13,3,4,4,8,1,2,2,1,0,2,3,1,3,2,3,2,2,1
11154,1,4,6,4,1,16,13,1,4,4,1,7,2,2,1,0,2,1,1,2,2,3,2,2,1
31098,1,10,6,4,1,17,7,1,7,2,6,8,2,2,1,0,3,1,1,3,2,3,2,4,1
17373,1,3,2,4,1,12,13,1,3,4,5,1,2,2,1,0,8,2,1,1,2,5,2,5,1
5120,0,7,7,4,4,24,15,2,2,1,1,8,2,3,4,0,1,3,1,1,4,3,2,2,1
21116,0,8,5,2,1,11,19,1,4,5,8,1,2,2,1,0,1,2,1,1,2,4,2,3,1
316,0,9,3,4,1,10,4,1,8,4,9,8,3,2,1,0,1,2,1,1,3,3,2,2,1
28139,0,7,4,3,5,7,1,1,4,1,1,1,2,2,1,0,3,1,1,3,2,3,2,5,1
11297,0,2,5,4,1,24,13,6,4,4,8,1,2,2,1,0,2,1,1,2,2,3,2,5,1
31154,0,9,5,2,1,16,21,1,7,5,9,7,2,2,1,0,1,1,1,1,2,5,2,4,1
10658,0,10,4,4,1,7,21,1,7,4,8,1,2,2,1,0,2,2,2,2,2,3,2,2,1
2379,1,6,6,4,1,24,4,2,2,1,7,8,2,3,4,0,1,3,1,1,4,3,2,2,1
17124,1,6,7,4,1,16,18,1,7,4,8,4,2,2,1,0,2,3,1,2,2,3,2,3,1
12496,0,7,2,3,1,12,2,1,7,1,8,1,2,2,1,0,1,3,1,1,2,3,2,2,1
27304,0,11,4,4,1,19,19,3,2,4,10,1,2,2,1,0,2,2,1,2,2,3,2,2,1
13930,0,12,5,4,1,12,4,1,7,4,8,8,2,2,1,0,2,3,1,2,2,3,2,3,1
3343,0,4,2,4,1,14,1,1,7,1,7,8,2,3,4,0,1,3,1,1,4,3,2,2,1
11983,1,7,2,4,4,10,13,1,2,1,8,1,2,3,4,0,2,3,1,2,2,3,2,2,1
31797,0,3,2,4,1,9,13,1,2,4,1,1,2,2,1,0,2,1,1,3,2,7,2,5,1
1369,1,8,6,3,5,22,1,2,3,1,10,7,2,2,1,0,1,1,1,1,2,3,3,5,1
11321,1,8,6,4,1,20,13,3,7,4,9,1,2,2,1,0,2,3,1,2,2,3,2,3,1
11871,0,4,6,4,1,23,13,2,7,2,5,7,2,2,1,0,1,3,1,1,2,5,2,3,1
12921,1,8,6,4,1,21,13,3,10,2,3,1,2,2,1,0,2,3,1,3,2,4,2,4,1
10860,0,9,6,4,1,16,21,1,10,4,7,8,2,2,1,1,2,1,2,2,2,4,2,3,1
3157,1,7,7,4,1,22,13,2,11,3,6,1,2,2,1,0,8,1,1,1,2,3,2,2,1
12381,1,7,3,4,1,21,13,2,11,3,6,1,2,2,1,0,1,2,1,1,2,3,2,2,1
17671,1,3,6,4,3,1,1,3,8,1,9,7,2,2,1,0,1,1,1,1,4,3,2,2,1
24957,0,4,1,4,5,17,1,5,8,1,2,1,2,2,1,0,1,1,1,1,2,3,2,2,1
11615,1,10,7,3,1,18,13,1,7,4,4,1,2,2,1,0,2,1,1,2,2,3,2,2,1
256,0,3,6,3,5,20,1,2,2,4,11,1,2,2,1,0,8,1,1,1,2,3,2,3,1
1032,0,8,1,4,1,16,13,1,8,4,4,1,2,2,1,0,2,1,1,3,2,3,2,3,1
596,0,4,4,4,5,21,1,3,6,1,8,1,3,2,1,0,2,2,1,2,2,3,2,4,1
13948,0,3,1,4,4,2,13,2,10,1,9,1,2,3,4,0,1,3,1,1,2,3,2,2,1
6567,1,3,1,4,1,1,13,2,2,4,8,1,2,2,1,0,2,1,1,2,2,3,2,4,1
5024,0,8,6,4,1,14,13,1,7,3,3,8,3,2,1,0,1,1,1,1,3,3,2,2,1
1414,0,7,2,4,1,18,13,3,7,4,12,1,2,2,1,0,2,3,1,3,2,5,2,2,1
6241,0,4,1,4,1,13,1,1,2,1,7,1,2,2,1,0,8,3,1,1,2,3,2,2,1
8242,0,10,7,4,1,14,13,1,11,2,10,8,2,2,1,0,1,1,1,1,4,3,2,2,1
740,1,8,6,4,1,15,13,1,8,4,12,1,2,2,1,0,2,2,2,2,2,4,2,3,1
20360,1,12,4,4,1,12,13,1,8,4,9,1,2,2,1,0,2,3,1,2,2,5,2,2,1
6916,0,3,6,4,1,22,13,3,10,3,9,1,2,2,1,0,1,3,1,1,2,4,2,4,1
5146,1,9,7,4,1,16,18,1,7,4,3,1,3,2,1,0,2,3,1,2,2,4,2,3,1
26665,0,3,7,2,1,14,13,1,10,2,10,1,2,2,1,0,1,3,1,1,2,5,2,2,1
1662,1,8,6,3,5,16,1,1,4,1,9,8,2,3,5,0,1,2,1,1,4,3,2,2,1
10058,0,6,1,4,1,3,13,3,4,3,6,1,2,2,1,0,1,1,1,1,2,3,2,4,1
13132,1,10,2,4,5,21,4,2,8,1,4,8,2,3,4,0,1,1,1,1,4,3,2,2,1
6449,1,6,5,4,1,16,13,1,2,4,11,1,2,2,1,0,8,1,1,1,2,3,2,2,1
27854,0,7,4,3,3,16,11,1,11,1,4,1,2,3,3,0,1,1,1,1,2,3,2,3,1
5553,0,6,7,4,1,21,1,2,7,1,7,1,2,2,1,0,1,1,1,1,2,5,2,4,1
13229,0,3,6,4,4,9,7,2,10,1,8,8,2,3,4,0,1,1,1,1,4,3,2,2,1
13330,1,4,6,4,1,15,7,1,4,7,6,8,2,2,1,0,4,1,1,1,5,5,2,2,1
35518,1,4,5,4,1,7,7,1,2,2,7,5,2,2,1,0,1,4,1,1,2,4,2,2,1
15531,1,4,5,4,1,21,13,3,4,4,6,1,2,2,1,0,2,2,1,3,2,3,2,2,1
6540,1,11,3,4,1,20,13,5,7,4,4,1,2,2,1,0,8,3,1,1,2,3,2,4,1
17733,0,4,1,4,1,16,13,1,7,4,2,1,3,2,1,0,2,1,1,3,2,4,2,3,1
12547,0,6,7,4,1,21,7,3,4,2,5,1,2,2,1,0,1,1,1,1,2,3,2,3,1
11093,0,5,2,4,1,17,13,1,8,4,2,1,2,2,1,0,2,1,1,2,2,4,2,3,1
4541,0,7,7,2,1,17,13,1,10,4,10,8,2,2,1,0,2,1,1,3,3,5,2,3,1
3124,1,10,2,4,5,20,1,2,7,1,5,1,2,3,3,0,1,1,1,1,2,3,2,3,1
3389,1,6,7,4,1,24,1,2,2,1,8,8,2,3,4,0,1,3,1,1,4,3,2,2,1
14759,1,7,5,4,4,19,12,1,7,1,7,8,2,3,4,0,1,1,1,1,3,3,2,2,1
3697,0,8,5,4,1,16,7,1,7,2,6,1,2,2,1,0,1,3,1,1,2,3,2,3,1
1062,1,6,6,4,1,23,13,3,7,2,2,1,2,2,1,0,1,3,1,1,2,3,2,4,1
5424,0,6,4,2,5,20,1,2,4,1,3,1,3,2,1,0,8,2,1,1,2,3,2,4,1
25060,1,6,5,3,1,24,13,1,2,2,8,1,2,2,1,0,1,1,1,1,2,5,2,3,1
23139,1,8,5,3,1,8,13,1,7,2,4,1,2,2,1,0,1,2,1,1,2,7,2,4,1
10178,0,9,6,4,1,13,13,1,7,4,5,1,2,2,1,0,2,3,1,2,2,3,2,2,1
18140,1,11,6,4,5,10,1,1,10,1,4,8,2,3,4,0,1,1,1,1,3,3,2,2,1
18548,1,9,2,2,5,13,1,1,10,1,8,8,3,2,1,0,3,3,1,1,3,3,2,2,1
31059,1,6,6,2,1,16,2,1,10,5,3,1,2,2,1,0,1,1,1,1,2,6,2,4,1
4049,1,8,5,4,1,16,13,1,4,4,8,1,2,2,1,0,2,1,1,3,2,3,2,2,1
2013,0,3,7,4,5,22,1,2,2,1,7,8,2,3,4,0,1,3,1,1,4,3,2,2,1
5178,0,10,7,3,1,15,13,1,7,1,5,8,2,3,4,0,1,3,1,1,4,4,2,2,1
7622,0,9,4,4,5,17,13,1,7,1,8,1,2,3,4,0,1,1,1,1,2,3,2,2,1
22686,1,3,3,4,1,7,23,1,10,5,5,7,2,2,1,0,1,2,1,1,2,3,2,3,1
29983,0,10,7,4,5,12,1,1,7,1,2,8,3,3,1,0,1,4,1,1,4,3,2,4,1
17785,0,4,5,4,1,13,13,1,4,1,2,1,3,4,4,0,1,1,1,1,2,4,2,4,1
2364,1,7,3,4,1,21,13,2,11,3,6,1,2,2,1,0,1,2,1,1,2,3,2,2,1
10801,1,7,5,4,1,21,21,3,4,4,2,7,2,2,1,0,1,2,1,1,2,6,2,4,1
18639,0,5,7,4,1,2,13,2,7,1,3,8,2,3,4,0,1,3,1,1,4,3,2,2,1
597,1,9,2,3,1,14,13,1,7,1,7,8,2,3,4,0,1,1,1,1,4,3,2,2,1
211,0,8,7,4,1,1,7,3,2,2,9,1,2,2,1,0,1,3,1,1,2,5,2,5,1
15820,1,6,4,3,1,14,13,1,4,4,8,1,2,2,1,0,2,2,1,3,2,7,2,5,1
24760,0,4,2,4,1,11,13,1,8,4,3,1,2,2,1,0,2,2,1,2,2,3,2,2,1
29524,0,5,3,3,1,16,13,1,7,2,8,1,2,2,1,0,3,3,1,3,2,3,2,3,1
30863,1,6,3,4,5,6,1,1,2,1,9,1,3,2,1,0,1,1,1,1,2,4,2,4,1
24716,0,9,4,2,1,15,23,1,8,4,10,1,2,2,1,0,1,3,1,1,2,3,2,4,1
27035,0,7,2,4,5,1,1,2,7,1,9,1,2,2,1,0,1,2,1,1,2,4,2,4,1
14090,1,10,6,4,1,15,13,1,4,4,8,1,2,2,1,0,3,1,1,1,2,3,2,2,1
1869,0,10,3,4,1,13,4,1,7,4,6,1,2,2,1,0,2,3,1,2,2,3,2,2,1
25315,0,6,6,4,1,16,18,1,7,5,10,7,2,3,2,1,13,2,1,1,2,4,2,4,1
2983,1,3,5,4,5,19,1,1,4,1,5,8,2,3,4,0,5,1,1,1,3,2,3,7,1
23965,0,7,5,4,5,13,1,1,7,1,8,1,3,2,1,0,1,2,1,1,2,6,2,4,1
5561,0,3,5,4,1,2,13,3,2,1,7,1,2,3,3,0,1,3,1,1,2,3,2,3,1
24459,1,8,1,4,1,21,13,1,8,3,3,1,2,2,1,0,2,1,1,2,2,4,2,5,1
16792,0,7,2,4,1,11,13,1,2,3,9,1,2,2,1,0,2,3,1,2,2,5,2,3,1
27,0,8,7,4,1,22,13,3,4,4,5,1,2,2,1,0,2,1,1,2,2,3,2,2,1
20035,0,8,7,4,1,18,7,2,2,2,12,1,2,2,1,0,1,2,1,1,2,3,2,4,1
12658,1,5,7,4,5,18,1,1,7,1,10,8,2,3,3,0,1,2,1,1,3,3,2,3,1
19071,0,8,1,4,2,19,13,5,10,1,7,8,2,3,3,0,1,1,1,1,5,5,2,3,1
12085,0,4,7,4,1,13,13,1,7,4,7,1,2,2,1,0,4,3,1,1,2,5,2,2,1
36804,0,3,4,4,1,17,13,1,8,4,6,1,2,2,1,0,2,4,1,3,2,3,2,2,1
7015,0,9,7,4,5,15,1,1,10,1,6,6,2,3,3,0,1,3,1,1,3,3,2,3,1
14647,1,7,5,2,1,17,1,1,3,2,2,1,2,2,1,0,1,1,1,1,2,5,2,4,1
4911,0,7,7,4,1,13,13,1,7,4,5,1,3,2,1,0,2,3,1,2,2,3,2,2,1
16969,1,12,1,4,1,15,13,1,2,1,10,1,2,2,1,0,3,1,1,3,2,3,2,2,1
16964,1,7,7,4,1,18,13,1,8,1,10,8,2,3,4,0,1,1,1,1,4,3,2,2,1
14393,0,4,6,2,1,17,13,1,4,4,7,1,2,2,1,1,2,1,1,2,2,4,2,3,1
29511,0,10,3,2,1,12,13,1,2,4,7,8,2,2,1,0,8,4,1,1,2,3,2,2,1
369,0,3,1,4,1,10,13,1,10,3,1,8,2,2,1,0,1,2,1,1,3,3,2,2,1
26521,0,6,5,4,1,18,13,1,7,4,4,7,2,2,1,0,2,2,2,3,2,3,2,2,1
18503,0,10,7,4,5,21,1,2,7,1,4,1,3,2,1,0,1,3,1,1,2,5,2,4,1
318,1,11,5,4,1,9,1,1,4,1,9,2,2,2,1,0,2,1,1,3,2,3,2,2,1
2658,0,5,7,4,1,4,13,3,7,4,6,1,2,2,1,0,2,3,1,2,2,3,2,5,1
4902,0,2,2,4,1,15,13,1,4,4,4,7,3,2,1,0,8,2,1,1,2,3,2,2,1
11703,1,8,3,2,1,18,7,1,4,2,5,2,2,2,1,0,2,3,1,2,2,3,2,2,1
17152,0,3,1,3,1,10,13,1,8,3,4,8,2,2,1,0,1,1,2,1,3,3,2,2,1
19671,1,10,7,3,1,18,13,5,7,4,2,1,2,2,1,0,2,1,1,2,2,5,2,5,1
18840,0,7,6,2,1,17,7,1,7,1,11,2,2,2,1,0,1,3,1,1,2,3,2,2,1
15732,1,4,7,4,1,12,13,1,2,4,10,1,3,2,1,0,2,2,1,2,2,3,2,2,1
17736,0,3,7,4,5,19,1,3,2,1,3,1,2,2,1,0,2,1,1,2,2,4,2,3,1
27571,0,3,3,3,1,14,13,1,10,4,3,1,2,2,11,0,1,1,1,1,2,5,2,5,1
12595,0,6,1,4,5,4,13,2,2,1,4,1,3,3,4,0,1,1,1,1,2,5,2,4,1
19776,0,5,5,4,1,23,13,2,7,2,8,1,2,2,1,1,12,1,1,1,2,7,2,4,1
5369,0,3,4,3,5,19,1,2,2,1,1,1,3,2,1,0,1,2,1,1,2,3,3,4,1
34368,1,5,5,4,5,17,1,1,10,1,10,1,2,2,1,0,2,4,1,3,2,3,2,2,1
1582,0,6,1,2,1,23,7,2,4,2,10,1,2,2,1,0,1,1,1,1,2,3,2,2,1
23953,1,8,6,4,1,6,13,1,7,5,7,7,3,2,1,0,1,1,1,1,4,6,2,4,1
18584,1,8,7,4,2,16,13,5,7,1,11,8,2,3,4,0,1,2,1,1,4,3,2,2,1
30138,1,7,7,4,5,17,1,3,10,1,11,1,3,3,4,0,1,3,1,1,2,3,9,2,1
10408,1,3,7,4,1,21,13,3,4,4,1,1,2,2,1,0,2,2,1,3,2,5,2,5,1
8416,1,5,6,4,1,23,13,3,4,4,9,1,2,2,1,0,2,3,1,2,2,5,2,2,1
30201,0,5,6,4,1,12,7,1,8,2,3,2,2,2,1,1,14,4,1,1,3,2,2,7,1
3504,1,8,2,4,1,21,13,5,4,4,7,1,2,2,1,0,8,2,1,1,2,5,2,2,1
10993,0,6,3,4,1,1,13,2,7,3,2,8,2,2,1,0,1,3,1,1,3,3,2,2,1
16701,0,10,2,4,1,16,13,1,7,4,3,1,3,2,1,0,2,3,1,3,2,3,2,2,1
4888,0,7,4,4,1,18,13,1,7,4,8,1,2,2,1,0,8,1,1,1,2,3,2,2,1
26442,0,4,6,2,5,17,1,1,11,1,4,1,3,2,1,0,8,2,1,1,2,6,2,2,1
30476,1,7,6,4,1,6,13,3,7,4,5,4,2,2,1,0,2,4,1,2,2,3,2,2,1
2580,0,5,7,4,1,1,13,3,4,1,4,8,2,3,2,1,5,1,1,1,3,3,2,7,1
6283,0,3,6,4,1,1,13,2,8,2,6,1,2,2,1,0,1,1,1,1,2,3,2,2,1
15032,1,7,2,4,1,15,13,1,10,4,2,1,2,2,1,0,2,1,1,2,2,3,2,2,1
4959,0,9,4,4,1,15,13,1,2,3,8,8,2,2,1,0,1,3,1,1,4,3,2,2,1
12679,1,9,6,4,1,13,12,1,2,6,7,8,2,2,1,0,1,3,1,1,3,3,2,2,1
29806,1,4,2,2,1,13,8,1,4,5,5,7,2,2,1,0,1,3,1,1,2,2,2,3,1
10317,1,9,7,4,1,20,13,3,7,3,7,8,2,2,1,0,1,3,1,1,4,3,2,2,1
14239,1,4,1,3,2,23,13,3,4,1,4,8,2,3,8,1,12,1,1,1,4,4,2,4,1
20266,1,7,2,3,1,11,13,1,2,3,9,1,2,2,1,0,8,1,1,1,2,6,2,2,1
5376,1,5,2,4,1,18,13,3,4,4,1,1,2,2,1,0,8,2,1,1,2,5,2,5,1
28340,1,7,4,4,1,19,13,5,7,1,7,8,2,2,1,0,1,1,1,1,3,3,2,2,1
26929,0,8,4,4,5,15,1,1,7,1,5,1,2,2,1,0,1,1,1,1,2,5,2,4,1
25193,0,8,1,2,5,12,1,1,7,1,9,8,2,3,4,0,1,1,1,1,4,3,2,2,1
18567,1,7,6,4,2,16,13,1,10,1,10,8,2,3,4,0,1,3,1,1,4,3,2,2,1
20639,0,4,1,4,3,14,13,1,10,1,11,1,2,3,4,0,1,1,1,1,2,3,3,6,1
13914,1,6,3,4,1,16,13,1,7,4,6,1,2,2,1,0,2,3,1,2,2,3,2,2,1
22860,0,8,2,3,1,17,8,1,10,4,8,8,2,2,1,0,2,2,1,2,2,3,2,2,1
4047,1,8,5,4,1,10,13,1,2,1,8,1,2,2,1,0,1,1,1,1,2,3,2,2,1
17906,0,5,1,4,3,20,13,3,7,1,6,1,2,3,4,0,5,3,1,1,2,4,2,7,1
3356,1,8,6,4,1,11,13,1,2,4,8,8,2,2,1,0,4,3,1,1,4,5,2,2,1
32200,0,6,6,3,1,12,13,1,2,4,7,8,2,2,1,0,8,3,1,1,1,1,1,1,1
31964,0,6,6,2,1,19,13,3,7,4,11,7,2,2,1,0,8,3,1,1,2,3,2,2,1
5635,1,7,1,4,1,15,13,1,4,4,8,1,3,2,1,0,8,2,1,1,2,5,2,5,1
10876,1,8,6,4,5,15,2,1,7,4,8,1,2,2,1,1,2,3,1,2,2,3,2,2,1
5426,0,3,5,4,1,13,13,1,4,4,3,1,2,2,1,0,2,2,1,2,2,4,2,2,1
12196,0,7,3,4,5,18,13,2,4,1,12,8,2,3,4,0,1,1,1,1,3,3,2,2,1
34091,0,4,7,2,4,12,2,1,10,1,9,8,2,3,4,0,1,4,1,1,4,3,2,2,1
29356,1,5,7,2,1,13,13,1,4,4,7,8,2,6,1,0,3,1,1,3,1,1,1,1,1
2342,1,4,6,4,1,2,13,2,4,2,5,8,2,2,1,0,3,2,1,1,2,3,2,2,1
22812,1,7,6,3,1,12,13,1,4,4,5,8,2,2,1,0,2,2,1,2,2,3,2,4,1
23845,0,4,3,3,1,19,13,1,10,2,6,1,2,2,1,0,1,2,1,1,2,3,2,2,1
13717,0,9,1,4,1,15,11,1,7,6,6,8,2,2,1,0,3,3,1,4,3,3,2,2,1
12692,1,3,6,4,1,14,13,1,4,4,9,1,2,2,1,0,2,3,1,2,2,6,2,5,1
12902,1,6,6,4,1,14,3,1,2,4,11,1,2,2,1,0,2,3,1,3,2,3,2,2,1
2362,0,4,1,4,1,17,13,1,10,3,6,1,2,2,1,0,8,2,1,1,2,3,2,2,1
9916,1,10,5,4,1,16,11,1,10,4,5,1,2,2,1,0,2,3,1,2,2,3,2,2,1
969,1,8,2,4,1,19,12,3,4,4,1,1,2,2,1,0,2,1,1,2,2,3,2,2,1
24557,1,5,1,1,4,22,13,2,7,1,9,8,3,3,4,0,1,1,1,1,5,3,2,2,1
15729,0,4,5,2,2,22,13,2,10,1,10,1,2,2,1,0,1,2,1,1,2,5,2,4,1
14036,1,5,7,4,1,13,7,1,7,2,5,2,2,2,1,0,1,1,1,1,2,3,2,4,1
7807,0,8,7,4,1,14,10,1,7,6,5,8,2,2,1,0,1,1,1,1,4,3,3,2,1
35218,0,7,1,4,5,11,1,1,7,1,3,8,2,3,4,0,1,4,2,1,4,3,2,2,1
14651,1,7,2,2,5,6,1,4,2,6,8,1,2,2,1,0,1,1,1,1,2,3,2,2,1
15534,0,8,6,4,1,23,7,2,7,2,6,1,2,2,1,0,1,2,1,1,2,4,2,4,1
5594,1,5,3,4,1,5,4,4,2,4,7,1,2,2,1,0,2,1,1,3,2,3,2,2,1
8439,1,8,4,4,1,21,13,2,2,4,10,1,2,2,1,0,2,3,1,3,2,3,2,2,1
3352,1,3,5,4,1,11,13,1,4,3,7,8,2,2,1,0,1,3,1,1,3,3,2,2,1
22740,0,7,6,4,1,16,13,1,8,1,9,1,2,2,1,0,1,2,1,1,2,3,2,2,1
7913,1,8,6,4,1,21,13,3,10,2,3,1,2,2,1,0,2,3,1,3,2,4,2,4,1
18590,0,5,7,4,1,17,13,1,2,3,12,1,2,2,1,0,1,3,1,1,2,3,2,2,1
16100,1,9,1,4,1,9,13,1,7,4,1,1,2,2,1,0,2,3,1,3,2,3,2,3,1
4637,1,11,4,3,5,15,1,1,1,1,2,8,2,3,4,0,1,1,1,1,4,7,2,3,1
18099,1,8,3,4,1,15,13,1,4,4,10,1,3,2,1,0,8,1,1,1,2,3,2,2,1
1995,0,4,1,4,4,14,13,1,8,1,4,8,2,3,4,0,1,2,1,1,3,3,2,2,1
6218,0,7,1,4,1,22,7,3,7,2,7,5,2,2,1,0,3,3,1,2,2,5,2,3,1
18968,0,10,7,4,5,6,13,2,7,1,10,1,2,3,4,0,1,3,1,1,2,3,2,2,1
21513,0,4,4,4,3,3,15,2,2,1,5,1,2,3,3,0,1,3,1,1,2,3,2,3,1