id,Severity,age_classes,day_week,DEFORMED_classes,m_harm_classes,hour,impact1_classes,lgt_cond,make,man_coll,month,p_crash1,pcrash4,pcrash5,rel_road,reljct1,reljct2,rest_use,sex,typ_int,valign,vnum_lan,vsurcond,vtrafway,weather_classes
979,0,6,5,4,1,17,2,3,8,1,1,1,2,3,4,0,1,3,1,1,2,3,2,3,1
5235,1,4,2,4,1,16,13,1,7,4,10,1,2,2,1,0,2,3,2,2,2,4,2,4,1
22131,0,4,2,4,5,19,1,1,2,1,9,1,3,3,4,0,1,2,1,1,2,3,2,2,1
19050,1,4,4,4,1,8,13,1,10,4,7,7,2,2,1,0,7,1,1,1,2,3,2,3,1
8392,0,5,7,4,1,23,3,2,4,5,6,7,3,2,1,0,1,1,1,1,5,3,2,3,1
20235,0,7,4,2,1,17,13,1,7,4,6,8,2,2,1,0,2,2,1,2,2,3,2,2,1
30543,1,8,7,4,5,4,1,2,10,1,11,8,2,3,4,0,1,4,1,1,3,3,2,2,1
19906,0,9,2,4,1,20,13,1,2,3,6,8,2,2,1,0,1,1,1,1,4,3,2,2,1
13399,1,4,7,4,1,23,11,2,4,5,6,7,3,2,1,0,1,1,1,1,5,3,2,3,1
7156,0,12,1,3,5,10,1,1,10,1,5,8,2,3,4,0,1,1,1,1,4,3,2,2,1
78,0,5,7,4,1,12,3,1,2,4,10,1,2,2,1,0,8,2,1,1,2,3,2,2,1
36514,1,5,6,4,1,17,13,1,4,4,5,3,2,2,1,0,8,4,1,1,2,3,2,2,3
14989,1,8,7,4,1,15,13,1,7,2,8,2,3,2,1,0,1,3,1,1,2,2,2,2,1
35478,0,7,5,3,5,18,1,1,7,1,7,8,3,2,1,0,2,4,1,2,2,3,2,2,1
8170,0,4,6,4,5,21,13,2,4,1,6,8,2,3,4,0,1,1,1,1,4,3,2,2,1
8138,1,3,3,4,1,11,13,1,2,4,5,1,2,2,1,0,2,1,1,3,2,3,2,2,1
14724,1,6,6,4,5,12,13,1,4,1,5,8,2,3,4,0,1,1,1,1,4,7,2,3,1
8224,1,9,7,4,1,18,13,1,7,3,8,8,2,2,1,0,1,2,1,1,3,3,2,2,1
12936,1,7,2,4,1,13,13,1,4,4,4,1,2,2,1,0,2,1,1,3,2,7,2,4,1
30371,0,8,1,2,1,16,18,1,2,5,8,7,2,2,1,1,12,3,1,1,2,3,2,3,1
19060,1,9,1,4,1,24,7,3,7,2,6,1,2,2,1,0,2,1,1,3,2,3,2,2,1
12373,0,7,1,4,5,19,1,1,10,1,6,1,2,3,3,0,1,2,1,1,2,3,2,3,1
5192,0,5,6,4,1,17,13,1,10,4,6,1,2,2,1,0,2,3,1,3,2,3,2,2,1
3536,1,6,6,3,5,20,1,2,7,1,10,1,2,3,4,0,1,3,1,1,4,3,2,2,1
8256,1,8,7,4,1,14,4,1,7,5,10,1,2,2,1,0,1,1,1,1,2,3,2,2,1
16525,1,8,3,4,1,19,13,1,7,1,4,7,2,3,5,0,1,1,1,1,2,3,2,2,1
13145,0,6,3,4,4,13,13,1,2,1,5,8,2,3,4,0,1,1,1,1,3,3,2,2,1
8314,0,13,7,4,1,13,13,1,8,2,6,1,2,2,1,0,1,1,1,1,2,3,2,2,1
13661,0,8,6,3,5,21,15,2,3,1,5,8,2,3,4,0,1,3,1,1,4,3,2,2,1
34686,0,6,7,4,5,22,1,3,2,1,4,1,2,2,1,0,2,4,1,3,2,4,2,4,1
8021,1,3,1,4,1,11,13,1,4,4,7,1,2,2,1,0,2,1,1,2,2,5,2,2,1
1396,1,3,1,4,1,21,13,3,2,4,11,1,2,2,1,0,2,1,1,2,2,4,2,3,1
18018,1,6,7,4,1,15,12,1,4,7,7,1,2,2,1,0,3,1,1,3,2,3,2,4,1
19314,0,3,7,4,1,24,13,2,4,1,6,8,2,3,4,0,1,2,1,1,4,3,2,5,1
31581,0,5,6,3,1,14,11,1,2,5,1,7,2,2,1,0,1,1,1,1,2,4,2,4,1
17063,0,8,2,4,1,15,13,1,7,1,2,1,3,3,4,0,1,3,1,1,2,3,2,2,1
13750,0,10,5,4,5,20,1,5,7,1,7,8,3,3,2,0,1,3,1,1,4,3,2,2,1
23170,0,4,4,2,1,8,18,1,2,5,5,7,2,2,1,0,1,2,1,1,2,5,2,4,1
2834,1,3,7,4,1,23,13,3,8,2,7,1,2,2,1,0,2,2,1,3,2,3,2,3,1
17032,0,9,7,4,5,15,1,1,10,1,6,6,2,3,3,0,1,3,1,1,3,3,2,3,1
16387,0,5,1,4,1,20,13,3,8,4,10,1,2,2,1,0,2,1,1,3,2,4,2,3,1
32644,0,4,6,3,5,18,1,1,10,1,5,1,2,2,1,0,8,4,1,1,2,4,2,5,1
21065,0,6,3,2,5,15,1,1,8,1,3,1,3,3,3,0,1,3,1,1,2,6,2,4,1
11563,1,6,7,4,1,16,13,1,7,4,7,1,2,2,1,0,2,1,1,2,2,3,2,2,1
1588,1,6,7,4,1,19,13,2,7,1,10,1,2,2,1,0,1,2,1,1,2,3,2,2,1
4880,0,9,2,4,1,20,13,1,2,3,6,8,2,2,1,0,1,1,1,1,4,3,2,2,1
6616,1,7,5,4,1,20,13,2,8,1,11,1,2,2,1,0,1,1,1,1,2,5,2,3,1
22088,1,4,7,2,1,13,13,1,2,4,11,1,2,2,1,0,2,1,1,2,2,3,2,2,1
8111,0,3,7,4,5,18,1,1,2,1,2,1,2,3,4,0,1,1,1,1,2,3,2,2,1
18097,0,9,1,2,1,15,19,1,10,5,10,8,2,2,1,0,8,1,1,1,2,3,2,2,1
23187,0,8,4,2,1,8,13,1,2,2,8,2,2,2,1,0,1,2,1,1,2,6,2,4,1
10562,0,3,2,4,1,17,1,1,3,1,7,8,2,2,1,0,2,1,1,2,4,5,2,3,1
19212,0,4,7,3,1,11,1,1,2,1,3,7,3,2,1,0,2,3,1,3,2,5,2,5,1
11121,0,11,3,4,1,23,13,3,7,2,3,1,2,2,1,0,1,3,1,1,2,5,2,3,1
10507,0,4,6,4,1,18,15,1,4,1,5,8,2,3,4,0,1,2,1,1,4,3,2,3,1
2137,0,8,7,3,5,21,1,2,2,1,5,8,3,3,4,0,1,1,1,1,3,3,2,2,1
3679,1,8,7,4,1,20,13,2,7,1,6,1,3,2,1,0,1,3,1,1,2,4,2,3,1
260,1,10,3,4,1,17,13,5,10,2,11,1,2,2,1,0,1,1,1,1,2,5,2,4,1
18074,0,6,7,4,4,6,13,4,7,1,9,8,2,3,4,0,1,2,1,1,5,3,2,2,1
30994,0,3,1,4,1,15,1,1,8,1,6,8,3,3,4,0,1,3,1,1,4,3,2,2,1
16847,1,4,6,4,1,7,13,1,4,4,9,1,2,2,1,0,2,3,2,2,2,5,2,3,1
17066,0,6,7,4,4,16,13,1,7,1,4,8,2,3,4,0,1,3,1,1,4,3,2,2,1
1081,1,6,4,4,1,22,13,3,4,2,5,1,2,2,1,0,1,1,1,1,2,6,2,4,1
40,0,6,1,4,1,3,13,3,4,3,6,1,2,2,1,0,1,1,1,1,2,3,2,4,1
11025,0,7,7,4,5,2,1,2,3,1,2,1,2,2,1,0,1,3,1,1,2,3,2,2,1
23750,0,3,4,4,1,16,18,1,3,5,12,7,2,2,1,0,3,2,1,2,2,3,2,2,1
4861,1,4,7,2,5,11,1,1,2,1,10,8,2,3,5,0,1,1,1,1,4,3,2,2,1
972,0,2,7,4,1,11,13,1,4,4,2,1,2,2,1,0,2,1,1,3,2,3,2,2,1
8433,1,5,7,4,1,13,13,1,7,4,10,8,2,2,1,0,1,3,2,1,3,3,2,2,1
33793,0,3,5,4,5,18,1,3,2,1,10,1,3,2,1,0,2,4,1,2,2,5,2,2,1
16982,1,7,6,4,1,18,4,1,7,4,6,1,2,2,1,0,2,3,1,2,2,5,2,4,1
2708,1,9,4,3,5,19,1,2,7,1,3,1,3,2,1,0,1,3,1,1,2,5,2,5,1
8418,0,6,7,4,1,17,13,1,4,3,8,8,2,2,1,0,1,3,1,1,3,3,2,2,1
24015,1,3,3,3,1,18,4,1,7,4,5,8,2,2,1,0,8,1,1,1,2,3,2,4,1
12931,1,9,3,4,1,15,13,1,7,4,3,1,2,2,1,0,2,1,1,3,2,3,2,2,1
25196,0,3,1,2,1,12,13,1,7,2,9,2,2,2,1,0,3,1,1,2,2,3,2,2,1
34247,0,3,5,2,1,18,19,1,10,5,7,1,2,2,1,0,1,4,1,1,2,3,2,6,1
6201,0,5,4,4,1,7,13,1,4,4,6,1,2,2,1,0,2,1,1,2,2,3,2,2,1
23072,0,5,7,3,1,11,13,1,10,4,5,8,2,2,1,0,2,3,1,3,2,3,2,2,1
11040,1,7,7,4,5,19,13,2,7,2,3,1,2,2,1,0,1,3,1,1,2,3,2,2,1
35216,0,4,1,2,1,15,19,1,4,4,2,1,2,2,1,0,2,1,1,2,2,4,2,4,1
8934,1,6,6,4,1,14,7,1,11,2,9,2,2,2,1,0,8,1,1,1,2,3,2,3,1
12360,0,4,6,4,1,2,7,2,4,2,5,8,2,2,1,0,3,2,1,1,2,3,2,2,1
5410,1,5,6,4,1,10,13,1,4,1,3,7,2,3,4,0,1,2,1,1,2,5,2,2,1
420,1,7,1,4,5,11,1,1,7,1,3,1,3,2,1,0,1,2,1,1,2,3,2,2,1
29509,1,8,6,4,1,7,18,1,8,5,7,1,2,2,1,0,1,2,1,1,2,4,2,4,1
31868,0,11,1,2,1,17,13,1,7,2,5,1,2,2,1,0,1,3,1,1,2,3,8,2,1
518,1,11,4,2,5,18,1,1,2,1,7,1,2,3,2,0,1,1,1,1,2,3,2,2,1
10226,1,9,7,4,1,11,18,1,7,6,9,8,2,2,1,0,1,1,1,1,3,3,2,2,1
10619,1,7,6,4,1,17,13,1,10,4,7,1,2,2,1,0,1,2,1,1,2,5,2,5,1
16547,1,3,2,4,1,21,7,3,10,2,5,5,2,2,1,0,1,1,1,1,2,5,2,2,1
8837,0,9,3,4,1,14,13,1,7,4,11,8,2,2,1,0,2,2,1,2,3,5,2,5,1
28194,0,9,6,4,1,8,13,1,10,2,9,1,2,2,1,0,1,1,1,1,2,6,2,4,1
688,0,7,7,4,1,14,13,1,2,3,10,8,2,2,1,0,3,1,1,3,4,3,2,2,1
20194,1,7,6,4,1,4,13,3,10,4,8,8,2,2,1,0,2,2,2,3,2,3,2,2,1
12928,0,5,7,4,1,19,13,1,2,1,5,8,2,2,1,0,1,3,1,1,3,3,2,2,1
20681,0,4,1,2,1,14,7,1,4,2,4,1,2,2,1,0,1,2,1,1,2,3,2,3,1
10370,1,9,6,4,5,15,13,1,7,1,1,8,2,3,4,0,1,1,1,1,4,3,2,2,1
11635,1,8,5,4,5,13,13,1,8,1,12,8,2,3,4,0,1,1,1,1,4,3,2,2,1
5998,0,2,3,4,1,17,13,1,10,4,2,1,2,2,1,0,2,1,1,3,2,4,2,3,1
13300,1,6,1,4,1,16,13,1,10,4,4,1,2,2,1,0,1,3,1,1,2,3,2,2,1
3606,1,8,5,3,1,23,13,3,7,4,10,1,2,2,1,0,2,1,1,2,2,3,2,2,1
12170,0,9,6,3,1,7,13,1,2,4,6,8,2,2,1,0,2,1,1,3,4,3,2,3,1
2726,0,6,5,4,5,24,1,2,7,1,7,8,2,3,4,0,1,1,1,1,4,3,2,2,1
1420,1,3,4,4,1,20,13,3,8,4,8,1,2,2,1,0,2,1,1,2,2,3,2,2,1
22776,0,11,7,3,5,15,1,1,2,1,1,8,2,2,1,0,2,3,1,2,2,3,2,2,1
1025,1,10,6,4,1,12,13,1,7,4,3,8,2,2,1,0,2,1,1,3,2,3,2,4,1
1622,0,7,5,4,1,11,13,1,7,4,6,1,3,2,1,0,2,1,1,2,2,5,2,2,1
7934,1,4,3,4,1,17,13,1,4,4,4,1,2,2,1,0,2,1,1,3,2,3,2,2,1
6217,1,7,4,4,1,10,22,1,7,5,5,1,2,2,1,0,2,3,1,3,2,4,2,3,1
10141,1,9,2,4,1,19,19,3,8,6,3,8,2,2,1,0,1,3,1,1,4,5,2,5,1
8047,0,6,3,4,1,17,13,1,2,4,8,8,2,2,1,0,2,1,1,4,4,3,2,2,1
27575,1,4,4,2,1,20,18,3,2,6,3,1,2,2,1,0,2,1,1,2,2,5,2,2,1
1218,1,5,6,4,1,16,13,1,4,1,5,1,2,3,5,0,2,1,1,3,2,3,2,2,1
23004,0,6,1,2,1,16,13,1,10,2,9,1,3,2,1,0,3,3,1,3,2,3,2,2,1
7731,1,9,2,3,5,17,13,1,7,1,6,8,2,3,4,0,1,1,1,1,4,3,2,2,1
17979,1,4,2,4,1,23,13,2,10,2,6,7,2,2,1,0,1,1,1,1,2,5,2,4,1
13121,0,8,1,4,2,16,13,1,10,1,2,8,2,3,4,0,1,1,1,1,3,3,2,2,1
6494,0,13,1,4,2,10,13,1,7,1,3,1,2,2,1,0,1,1,1,1,2,4,2,4,1
19657,1,8,4,2,5,12,1,1,2,1,4,1,2,3,4,0,1,3,1,1,2,5,2,5,1
29717,0,4,4,2,5,20,1,1,7,1,6,1,2,2,1,0,3,4,1,3,2,3,2,3,1
24952,1,7,2,3,1,11,23,1,7,4,1,1,2,2,1,0,2,1,1,2,2,3,2,2,1
12101,1,7,6,2,4,17,13,1,2,1,8,7,2,3,4,0,1,3,1,1,2,3,2,2,1
22773,0,4,7,3,1,18,13,2,8,4,1,8,2,2,1,0,8,2,1,1,2,3,2,2,1
36043,0,7,7,3,1,22,12,2,2,1,6,1,3,3,7,0,1,4,1,1,2,3,2,2,1
2843,0,5,1,4,1,13,1,1,4,1,10,7,2,2,1,0,1,1,1,1,2,4,2,4,1
762,1,6,1,4,1,17,13,3,8,2,12,1,2,2,1,0,1,1,1,1,2,3,2,3,1
17574,0,7,4,4,1,17,13,1,2,4,7,1,2,2,1,0,2,1,1,2,2,3,2,2,1
3620,1,2,7,4,1,18,2,1,4,4,3,1,3,2,1,0,2,2,1,2,2,3,2,3,1
1585,1,9,5,4,4,14,2,1,7,1,10,1,2,3,5,0,1,1,1,1,2,3,2,2,1
35441,1,7,1,4,1,17,13,5,7,4,12,8,2,2,1,0,3,4,1,3,2,4,2,7,1
17429,1,7,6,3,5,17,1,1,7,1,8,1,2,3,4,0,1,2,1,1,2,3,2,2,1
28667,0,5,7,2,1,14,13,1,7,2,6,1,2,2,1,0,1,1,1,1,2,3,2,2,1
18362,1,7,6,4,1,18,13,1,2,4,6,1,2,2,1,0,2,3,1,2,2,5,2,2,1
17884,1,7,7,4,1,15,13,1,7,4,2,1,2,2,1,0,2,3,1,2,2,3,2,2,1
34281,0,7,3,4,1,7,13,1,7,4,12,1,2,2,1,0,2,3,1,3,2,6,2,5,1
3174,1,5,6,4,1,16,10,1,8,6,7,1,2,2,1,0,1,1,1,1,2,5,2,2,1
30408,0,3,7,4,5,16,1,1,2,1,5,1,3,2,1,0,2,4,1,3,2,5,2,2,1
29599,0,7,2,3,1,12,13,1,2,4,5,1,2,2,1,0,8,3,1,1,2,3,2,2,1
30023,0,6,7,4,2,17,13,1,7,1,9,1,2,2,1,0,1,3,1,1,2,3,2,2,1
24024,1,11,7,4,1,10,4,1,7,4,7,7,2,2,1,0,2,1,1,3,2,3,2,2,1
15016,0,7,3,4,5,8,1,1,7,1,7,1,3,2,1,0,8,3,1,1,2,3,2,2,1
16171,1,4,4,4,1,20,13,3,2,1,5,8,2,3,3,0,1,3,1,1,4,3,2,3,1
4308,0,4,1,4,1,2,7,3,10,2,6,6,2,6,1,0,1,3,1,1,2,6,2,4,1
17920,0,8,7,4,1,18,7,1,7,3,5,2,2,2,1,0,1,1,1,1,3,3,2,2,1
34690,0,8,5,2,1,18,23,1,2,5,5,1,2,2,1,0,3,3,1,2,2,6,2,4,1
16207,0,11,6,4,1,16,13,1,7,4,6,1,2,2,1,0,2,3,1,2,2,3,2,2,1
16349,0,3,1,4,1,4,13,2,4,2,10,1,2,2,1,0,1,3,1,1,2,5,2,2,1
25671,0,9,6,4,1,21,13,2,7,1,7,1,3,2,1,0,1,3,1,1,2,4,2,2,1
7110,1,6,5,3,4,20,21,2,7,1,9,8,2,3,4,0,1,3,1,1,3,4,2,2,1
14439,0,6,5,3,1,22,10,3,7,4,8,1,2,2,1,0,2,3,1,3,2,5,2,5,1
2122,1,7,4,3,4,8,13,1,7,1,4,8,2,3,4,0,1,1,1,1,3,3,2,2,1
31854,0,9,7,3,5,11,1,1,4,1,4,1,2,2,1,0,3,1,1,2,2,3,2,2,1
31499,1,4,3,2,1,18,13,1,2,4,9,1,2,2,1,0,2,4,1,2,2,4,2,4,1
20511,1,10,4,3,1,14,21,1,7,4,2,8,2,2,1,0,2,3,1,2,2,3,2,2,1
18374,1,7,7,3,5,17,1,1,7,1,7,8,3,3,5,0,1,3,1,1,5,3,2,2,1
9803,1,8,7,4,1,16,13,1,7,3,2,1,2,2,1,0,1,1,1,1,2,3,2,2,1
33482,0,4,1,4,1,8,19,1,10,6,7,8,2,2,1,0,1,4,1,1,3,3,2,2,1
5019,1,9,4,4,1,10,13,1,2,4,3,1,2,2,1,0,2,2,1,2,2,3,2,2,1
21287,1,7,1,4,5,13,1,1,7,1,11,1,2,3,4,1,5,2,1,1,4,4,2,7,1
1316,1,4,7,4,1,20,13,3,4,4,7,1,2,2,1,0,2,1,1,2,2,3,2,2,1
19200,0,3,3,3,1,19,13,3,10,4,1,3,2,2,1,0,2,1,1,2,2,3,2,3,1
14039,1,7,7,4,3,18,1,1,7,1,5,8,2,3,4,0,2,1,1,3,4,3,2,5,1
31670,1,5,7,2,1,12,13,1,7,4,5,4,2,2,1,0,8,2,1,1,1,1,1,1,1
20596,0,5,6,2,1,24,6,3,7,4,8,1,2,2,1,0,2,3,1,2,2,5,2,4,1
19985,0,9,4,4,1,15,13,1,2,3,8,8,2,2,1,0,1,3,1,1,4,3,2,2,1
18379,1,7,2,4,5,12,2,1,8,1,8,1,2,3,8,1,12,3,1,1,2,7,2,4,1
11135,0,9,4,4,1,13,13,1,7,4,3,1,2,2,1,0,1,3,1,1,2,3,2,3,1
14906,0,7,4,4,1,18,13,1,7,4,8,1,2,2,1,0,8,1,1,1,2,3,2,2,1
18256,1,11,1,4,5,19,1,2,10,1,10,8,2,3,4,0,1,1,1,1,4,3,2,2,1
15615,1,9,6,4,1,17,13,1,7,4,7,1,2,2,1,0,2,1,1,3,2,3,2,2,1
7971,0,10,1,4,1,9,10,1,8,4,6,8,3,2,1,0,1,1,1,1,3,3,3,2,1
13309,0,10,7,4,1,22,13,2,10,4,4,1,2,2,1,0,2,1,2,2,2,3,2,3,1
4614,1,9,7,4,4,20,6,3,10,1,11,8,2,3,4,0,1,3,1,1,3,3,2,2,1
6432,1,5,4,4,1,18,13,2,8,2,12,7,2,2,1,0,1,3,1,1,2,3,2,4,1
18601,0,6,5,4,1,12,13,1,4,3,4,1,2,2,1,0,2,1,1,3,2,3,2,2,1
12437,0,8,7,4,5,13,1,1,7,1,9,8,2,2,1,1,12,1,1,1,3,4,3,3,1
16840,1,3,3,4,5,20,15,2,4,1,10,8,3,3,5,0,1,1,1,1,3,3,2,2,1
23925,1,6,7,4,1,15,1,1,4,1,12,8,2,2,1,0,8,2,1,1,2,5,2,2,1
27267,0,4,5,4,1,18,13,1,2,2,7,1,2,2,1,0,8,2,1,1,2,4,2,3,1
23326,0,3,3,3,2,21,1,2,8,1,5,1,2,2,1,0,1,2,1,1,2,3,2,4,1
19703,1,7,1,4,1,20,13,3,7,3,9,1,2,2,1,0,2,3,1,3,2,5,2,5,1
1914,0,4,6,4,1,2,13,2,4,2,9,1,2,2,1,0,1,3,1,1,2,3,2,4,1
19851,1,9,7,4,1,13,13,1,7,4,7,7,2,2,1,0,2,1,1,3,2,3,2,2,1
19632,0,6,7,4,1,11,13,1,8,4,11,1,2,2,1,0,8,3,1,1,2,5,2,5,1
32497,0,8,3,2,5,24,1,2,7,1,8,8,2,2,1,0,1,1,1,1,4,3,2,2,3
24310,1,5,1,4,1,15,5,1,8,1,5,1,3,3,4,0,1,1,1,1,2,5,2,2,3
2361,0,8,7,4,1,18,13,1,2,2,6,1,2,2,1,0,8,2,1,1,2,3,2,2,1
29682,1,11,6,3,1,17,13,1,2,4,2,1,2,2,1,0,1,4,1,1,2,3,2,2,1
5668,0,10,6,4,5,18,13,5,7,2,10,1,2,2,1,0,1,2,1,1,2,5,2,2,1
10159,0,8,7,4,5,16,1,1,7,4,4,1,2,2,1,1,12,3,1,1,2,5,2,4,1
14931,1,7,1,4,1,11,13,1,7,4,5,1,2,2,1,0,2,3,1,2,2,3,2,2,1
17837,1,4,6,4,1,10,13,1,7,2,7,1,3,2,1,0,2,1,1,2,2,3,2,4,1
11987,0,3,7,4,5,24,1,2,7,1,8,1,2,3,8,1,5,3,1,1,2,2,2,7,1
12694,1,10,2,4,1,12,4,1,8,4,3,1,2,2,1,0,2,1,1,2,2,3,2,2,1
17743,1,8,7,4,1,8,13,1,7,4,5,1,3,2,1,0,2,1,1,2,2,5,2,4,1
10136,1,10,1,4,5,15,13,1,7,1,2,1,2,2,1,0,1,3,1,1,2,3,2,2,1
10135,1,10,6,4,5,15,1,1,4,1,2,1,2,2,1,0,1,1,1,1,2,3,2,2,1
2272,1,8,7,4,5,10,1,1,7,1,10,2,3,2,1,0,1,2,1,1,2,3,2,2,1
13544,1,9,1,4,5,20,1,2,2,1,9,1,2,3,4,0,1,3,1,1,4,3,2,2,1
16704,1,3,4,4,1,17,13,1,4,4,4,1,2,2,1,0,8,2,1,1,2,3,2,2,1
29094,0,10,7,2,1,12,7,1,7,2,11,5,2,2,1,1,3,2,1,3,2,2,2,7,1
7764,0,8,1,4,1,17,13,5,2,1,10,8,2,3,4,0,1,3,1,1,4,3,2,2,1
10342,1,8,3,4,1,6,13,4,7,1,10,1,2,2,1,0,1,2,1,1,2,3,2,2,1
5974,0,4,6,4,1,1,13,3,8,2,1,1,2,2,1,0,1,1,1,1,2,5,2,4,1
17390,1,7,3,4,1,21,13,2,11,3,6,1,2,2,1,0,1,2,1,1,2,3,2,2,1
30998,0,5,6,3,1,18,13,1,2,2,6,2,2,2,1,0,1,4,1,1,2,3,2,4,1
8002,1,7,4,4,1,7,10,1,7,4,5,1,2,2,1,0,2,1,1,2,2,3,3,4,1
17330,1,4,6,4,1,12,13,1,2,4,10,1,2,2,1,0,5,1,1,1,2,3,2,2,1
26435,0,8,7,3,5,13,1,1,7,1,4,1,3,3,4,0,1,3,1,1,2,3,2,4,1
2677,1,10,2,4,1,12,4,1,8,4,3,1,2,2,1,0,2,1,1,2,2,3,2,2,1
13080,1,6,5,4,1,13,13,1,7,2,10,1,2,2,1,0,3,1,2,3,2,5,2,2,1
5202,0,9,6,4,1,8,13,1,2,4,8,1,3,2,1,0,8,1,1,1,2,3,2,2,1
1371,1,9,7,4,1,13,13,1,7,4,11,1,2,2,1,0,2,1,1,3,2,4,2,3,1
18229,1,6,7,4,4,16,13,1,4,1,7,8,2,3,3,0,1,1,1,1,4,3,2,2,1
33470,1,9,7,4,5,16,1,1,7,1,5,1,2,3,5,0,1,2,1,1,4,3,2,2,1
7586,0,3,4,4,1,13,13,1,8,2,4,1,2,2,1,0,1,1,1,1,2,3,2,2,1
9039,0,7,7,4,1,3,13,2,7,4,6,8,2,2,1,1,5,1,1,1,4,2,2,7,1
16762,1,3,7,4,5,15,7,1,2,2,7,8,2,2,1,0,1,3,1,1,2,3,2,2,1
29654,0,3,4,2,1,18,4,1,1,4,9,8,2,2,1,0,2,4,1,3,2,3,2,2,1
10453,0,11,3,4,5,14,1,1,7,1,4,8,2,3,4,0,1,1,1,1,4,3,2,2,1
23570,0,5,6,3,1,20,13,1,6,4,4,8,2,6,1,0,8,2,1,1,1,1,1,1,1
1560,1,4,7,4,1,3,13,2,10,3,8,1,2,2,1,0,3,1,1,3,2,3,2,2,1
3907,1,7,5,2,1,22,13,3,7,1,7,1,2,3,3,0,1,1,1,1,2,3,2,4,1
1874,0,7,2,4,1,14,13,1,7,1,7,1,2,2,1,0,1,3,1,1,2,3,2,2,1
20136,0,6,7,4,1,14,13,1,4,2,7,2,2,2,1,0,1,2,1,1,2,3,2,4,1
18377,0,3,5,4,1,8,1,1,2,1,7,1,2,3,4,0,1,1,1,1,2,3,2,2,1
34196,0,7,4,4,1,19,13,1,7,1,9,1,2,2,1,0,1,3,1,1,2,3,2,2,1
22809,1,3,6,3,1,15,10,1,4,4,4,8,2,2,1,0,2,2,1,2,2,5,2,2,1
13620,0,6,7,4,1,14,13,1,7,3,10,8,2,2,1,0,1,1,1,1,3,3,2,2,1
27355,1,4,4,4,1,15,13,1,7,4,7,1,2,2,1,0,1,3,1,1,2,4,2,4,1
15348,1,8,6,4,1,20,13,3,7,4,10,1,2,2,1,0,2,3,1,2,2,5,2,2,1
13347,1,6,6,4,5,22,13,2,7,1,7,1,2,3,4,0,1,3,1,1,2,3,2,2,1
5707,0,10,7,4,1,11,13,1,7,1,10,1,2,2,1,0,1,1,1,1,2,3,2,2,1
2577,0,3,4,4,1,13,13,1,8,2,4,1,2,2,1,0,1,1,1,1,2,3,2,2,1
22139,0,4,5,2,1,6,18,4,2,6,10,8,2,2,1,0,1,2,1,1,3,3,2,2,1
26108,0,11,4,3,1,16,21,1,2,4,3,8,2,2,1,0,8,2,2,1,2,5,2,2,1
8606,1,10,2,4,1,19,13,5,1,3,8,1,2,2,1,0,1,1,1,1,2,3,2,2,1
29629,0,8,5,3,5,16,1,1,7,1,12,1,3,2,1,0,3,3,1,2,2,3,2,2,1
23535,0,6,5,2,1,18,13,3,4,4,12,8,2,6,1,0,8,3,1,1,1,1,1,1,1
5322,0,7,6,4,1,6,4,1,11,4,9,8,2,2,1,0,1,3,1,1,3,3,2,3,1
30410,1,4,5,2,1,16,13,1,8,4,5,4,2,2,1,0,2,3,1,2,2,3,2,2,1
13329,1,8,3,4,1,11,13,1,7,3,6,8,2,2,1,0,3,1,2,1,2,3,2,2,1
560,0,3,6,4,1,20,13,5,8,3,8,8,2,2,1,0,1,2,1,1,3,3,2,2,1
25106,0,7,7,3,1,11,5,1,7,5,10,2,2,2,1,0,1,1,1,1,2,3,2,3,1
30662,0,5,7,2,5,16,1,1,7,1,8,1,3,2,1,0,1,3,1,1,2,3,2,2,1
20201,1,6,6,4,1,13,13,1,4,4,6,1,2,2,1,0,2,2,1,2,2,3,2,3,1
24824,0,4,1,3,1,24,7,2,2,2,7,5,2,2,1,0,2,2,1,2,2,3,2,2,1
28901,0,9,3,3,5,17,1,5,4,1,12,1,3,2,1,0,2,1,1,3,2,7,2,3,1
2709,0,7,7,3,5,2,1,3,7,1,3,8,3,2,1,0,3,1,1,1,2,3,2,2,1
32757,1,4,1,4,1,1,13,3,10,4,5,1,2,2,1,0,2,3,1,2,2,3,2,2,1
18290,1,5,2,4,1,18,13,1,8,3,8,1,2,2,1,0,8,1,1,1,2,3,2,2,1
20782,0,8,1,2,1,16,13,1,7,2,8,5,2,2,1,0,3,2,2,2,2,3,2,3,1
11409,1,8,2,4,1,14,13,1,2,3,11,1,2,2,1,0,2,1,1,3,2,3,2,2,1
31566,1,5,3,4,1,11,13,1,7,1,8,8,2,3,5,0,1,3,1,1,5,4,2,4,1
10947,1,8,4,4,1,13,13,1,7,3,5,8,2,2,1,0,1,3,1,1,3,3,2,2,1
17748,1,9,2,3,5,17,13,1,7,1,6,8,2,3,4,0,1,1,1,1,4,3,2,2,1
33243,0,4,3,4,1,11,13,1,2,4,5,1,2,2,1,0,2,4,1,2,2,3,2,2,1
10288,0,7,6,3,1,17,2,1,7,5,3,1,3,2,1,0,1,2,1,1,2,5,2,2,1
13127,1,4,3,4,1,18,13,1,4,1,3,1,2,3,4,0,1,1,1,1,2,3,2,2,1
7571,0,8,7,4,1,21,10,3,4,5,10,1,2,2,1,0,2,3,1,3,2,3,2,2,1