id,Severity,age_classes,day_week,DEFORMED_classes,m_harm_classes,hour,impact1_classes,lgt_cond,make,man_coll,month,p_crash1,pcrash4,pcrash5,rel_road,reljct1,reljct2,rest_use,sex,typ_int,valign,vnum_lan,vsurcond,vtrafway,weather_classes
3077,1,3,5,4,1,8,13,1,8,3,9,1,2,2,1,0,2,2,1,3,2,3,2,2,1
17100,1,10,3,4,5,11,1,1,1,1,7,8,3,2,1,0,1,1,1,1,4,3,2,2,1
13827,0,10,7,4,1,16,10,1,7,4,10,1,3,2,1,0,1,1,1,1,2,3,2,2,1
17643,1,8,4,4,5,20,1,1,7,1,7,7,2,3,3,0,1,1,1,1,3,3,2,4,1
20204,0,9,1,3,1,15,3,1,7,4,4,1,2,2,1,0,1,2,1,1,2,3,2,2,1
15867,1,4,1,4,1,20,13,5,6,4,6,1,2,2,1,0,8,1,1,1,2,6,2,5,1
22213,0,10,1,4,1,13,7,1,7,2,10,2,2,2,1,0,8,3,1,1,2,3,2,2,1
34161,0,7,7,3,1,13,7,1,7,2,7,2,2,2,1,0,1,4,1,1,2,3,2,4,1
4707,0,4,7,4,2,15,13,1,2,1,5,1,2,3,4,0,1,1,1,1,2,3,2,2,1
8607,0,7,6,4,1,18,13,1,7,4,9,8,2,2,1,0,1,1,1,1,3,3,2,2,1
4384,1,7,4,2,1,5,7,2,7,2,7,2,2,2,1,0,8,2,1,1,2,5,2,5,1
26121,0,4,2,3,5,15,1,1,10,1,1,1,2,2,1,0,1,1,1,1,2,3,2,4,1
1086,0,3,1,4,1,7,13,1,8,4,4,1,2,2,1,0,8,1,1,1,2,3,2,2,1
19642,1,4,7,2,1,16,13,1,4,3,12,8,3,2,1,0,1,3,1,1,4,3,2,2,1
26756,0,11,4,4,5,12,1,1,7,1,8,8,2,2,1,0,1,3,1,1,4,3,2,2,1
17771,0,10,3,4,1,13,13,1,4,4,5,1,3,2,1,0,8,3,1,1,2,3,2,2,1
18705,1,8,7,4,1,20,13,2,7,1,6,1,3,2,1,0,1,3,1,1,2,4,2,3,1
11912,0,3,6,4,5,23,1,2,10,1,8,8,2,3,4,0,1,3,1,1,3,3,2,2,1
13775,0,6,2,2,1,23,1,2,7,1,8,8,3,2,5,0,1,3,1,1,4,3,2,2,1
26889,0,4,4,4,1,19,19,3,8,5,10,1,2,2,1,0,1,2,1,1,2,3,2,3,1
13840,1,12,1,2,5,16,1,5,4,1,11,1,3,2,1,0,1,1,1,1,2,3,2,2,1
16358,1,4,7,4,4,8,13,1,2,1,10,8,2,3,5,0,1,1,1,1,4,3,3,2,1
18804,0,8,6,4,1,16,13,1,7,3,7,8,2,2,1,0,1,2,1,1,4,3,2,2,1
27470,0,8,2,4,1,8,13,1,7,4,8,1,3,2,1,1,12,2,2,1,2,4,2,4,1
36519,1,8,5,4,1,16,7,1,7,2,5,2,2,2,1,0,2,4,1,3,2,3,2,4,2
30582,1,7,1,4,1,19,7,1,7,2,7,1,2,2,1,1,5,3,1,1,2,2,2,7,1
15977,1,8,4,4,1,21,13,2,4,2,6,1,3,2,1,0,1,3,1,1,2,7,2,4,1
24339,0,7,1,3,5,18,1,1,8,1,9,1,3,2,1,0,3,2,1,2,2,3,2,2,1
8264,1,8,5,4,5,9,1,1,7,1,12,8,2,2,1,0,1,1,1,1,3,3,3,2,1
19775,0,8,4,4,1,13,11,1,10,5,8,1,2,2,1,1,12,1,1,1,2,6,2,4,1
2930,1,5,5,4,1,14,4,1,7,4,5,1,2,2,1,0,2,1,1,3,2,5,2,2,1
7066,1,6,4,4,2,18,13,1,2,1,6,1,3,3,5,0,1,1,1,1,2,3,2,2,1
2634,1,9,7,4,1,10,1,1,10,1,8,1,2,2,1,0,3,1,1,1,2,5,2,2,1
1388,0,8,5,4,5,20,1,3,7,1,11,8,2,3,4,0,1,1,1,1,3,3,2,2,1
2269,0,4,1,4,1,23,13,2,10,2,8,7,2,2,1,0,1,2,1,1,2,4,2,4,1
9630,1,10,3,2,5,16,1,1,7,1,11,1,3,2,1,0,1,3,1,1,2,3,2,2,1
5207,1,4,1,4,5,7,1,1,10,1,8,8,2,2,1,0,1,3,1,1,3,3,2,2,1
5387,1,4,7,3,1,11,15,1,10,1,2,1,2,3,4,0,1,2,1,1,2,3,2,2,1
31745,0,8,1,4,1,18,10,1,7,4,8,1,2,2,1,0,2,3,1,2,2,5,2,5,1
11741,1,8,1,4,5,1,13,3,4,1,6,1,3,3,4,0,1,3,1,1,2,5,3,5,1
18423,1,8,5,4,1,7,13,1,2,4,9,1,2,2,1,0,2,1,1,2,2,3,2,2,1
11696,1,5,7,4,1,14,13,1,7,4,4,1,2,2,1,0,2,2,1,2,2,5,2,2,1
824,0,8,2,4,1,17,13,1,2,2,5,1,2,2,1,0,3,3,1,3,2,3,2,2,1
701,1,8,1,4,1,7,13,4,10,3,10,8,2,2,1,0,1,1,1,1,4,3,2,2,1
32554,0,9,7,4,1,18,13,1,7,2,9,1,2,2,1,0,3,4,1,3,2,3,2,2,1
3114,1,11,6,4,5,10,1,1,10,1,4,8,2,3,4,0,1,1,1,1,3,3,2,2,1
10265,0,6,4,3,1,18,13,3,8,4,11,1,3,2,1,0,8,1,1,1,2,3,2,3,1
19078,1,6,4,4,1,6,13,4,7,3,8,1,2,2,1,0,1,1,1,1,2,3,2,2,1
12006,1,9,1,4,1,20,13,3,7,4,3,1,2,2,1,0,4,3,1,1,2,3,2,3,1
15356,1,13,1,4,4,15,13,1,7,1,10,8,2,3,4,0,1,1,1,1,3,3,2,2,1
22296,1,7,6,4,1,11,13,1,7,4,3,8,3,2,1,0,2,3,1,3,3,7,2,3,1
28850,1,9,7,4,3,20,13,2,7,1,10,8,2,3,3,0,3,2,1,3,4,3,2,3,1
22120,0,6,5,2,1,22,13,2,7,2,8,5,2,2,1,0,1,3,1,1,2,3,2,2,1
1840,0,9,4,4,3,19,13,3,7,1,3,8,2,3,5,0,1,3,1,1,3,3,3,2,1
28590,1,3,1,4,1,12,13,1,10,4,9,1,2,2,1,0,3,3,1,3,2,3,2,2,1
8840,0,4,1,4,1,18,11,3,8,4,3,1,2,2,1,0,2,2,1,3,2,4,2,5,1
30621,0,6,6,1,1,15,13,1,4,2,5,8,2,2,1,0,3,4,1,2,3,2,2,3,1
31817,0,12,7,3,1,15,10,1,7,6,3,1,2,2,1,0,1,1,1,1,2,3,2,2,1
13092,1,7,4,4,1,19,13,3,10,3,10,7,2,2,1,0,2,1,1,3,2,5,2,2,1
17839,0,4,3,4,1,1,13,3,10,4,6,7,2,2,1,0,2,1,1,3,2,3,2,2,1
15624,1,9,2,3,1,14,13,1,7,1,7,8,2,3,4,0,1,1,1,1,4,3,2,2,1
14076,1,10,3,4,1,11,13,1,7,4,8,1,2,2,1,0,1,1,1,1,2,3,2,5,1
16048,1,4,7,4,1,22,7,2,8,1,3,1,2,2,1,0,2,1,1,3,2,3,2,3,1
9863,0,4,7,4,1,9,13,1,4,2,9,1,2,2,1,0,1,1,1,1,2,3,2,2,1
8880,1,2,5,4,1,1,13,2,2,1,4,1,2,3,4,0,1,3,1,1,2,3,2,2,1
354,0,11,1,4,1,11,18,1,9,6,1,8,2,2,1,0,1,2,1,1,3,3,2,2,1
8107,1,7,6,4,1,17,13,5,2,4,1,1,2,2,1,0,2,1,1,2,2,4,2,3,1
18571,0,3,1,2,1,8,13,1,2,1,10,1,2,3,4,0,1,3,1,1,2,3,2,2,1
33100,1,10,5,4,1,12,13,1,10,4,6,1,2,2,1,0,2,1,1,3,2,6,2,5,1
14047,0,8,7,4,1,3,23,2,7,4,6,7,2,2,1,1,5,1,1,1,4,2,2,7,1
8394,0,7,7,3,5,20,1,1,8,1,7,1,2,2,1,0,1,3,1,1,2,3,2,2,1
21381,0,9,1,4,1,13,13,1,7,3,4,8,2,2,1,0,1,3,1,1,4,3,2,2,1
11188,0,8,7,4,1,24,13,2,7,1,6,1,2,2,1,0,1,3,1,1,2,3,2,3,1
30456,0,7,7,4,4,22,13,2,8,1,1,8,2,3,6,0,1,3,1,1,4,3,2,2,1
19674,1,7,5,3,5,12,1,1,8,1,9,7,2,2,1,0,1,3,1,1,2,3,2,4,1
11616,1,9,6,4,5,16,1,1,7,1,6,8,2,2,1,0,1,2,2,1,3,3,2,2,1
6085,0,5,2,4,1,17,13,1,8,4,2,1,2,2,1,0,2,1,1,2,2,4,2,3,1
19774,0,5,6,4,1,16,13,1,8,3,8,8,2,2,1,0,1,1,2,1,3,3,2,2,1
612,1,4,7,4,1,23,13,3,2,4,8,1,2,2,1,0,2,2,1,3,2,5,2,2,1
30911,0,4,4,4,1,22,18,2,8,4,9,8,2,2,1,0,8,4,1,1,5,4,2,3,1
23025,0,7,7,2,1,17,1,1,2,1,10,5,2,2,1,0,3,2,1,6,2,3,2,2,1
28497,0,7,3,3,1,15,7,1,10,2,8,5,2,2,1,0,3,1,1,3,2,3,2,2,1
24050,1,11,4,4,4,16,15,1,8,1,11,8,2,3,4,0,2,1,1,4,3,3,2,2,1
34969,0,4,2,4,1,18,13,5,2,4,9,1,2,2,1,0,2,3,1,2,2,4,2,4,1
19052,1,5,4,4,1,21,13,3,2,4,6,1,2,2,1,0,8,1,1,1,2,3,2,5,1
34717,0,10,4,2,1,20,22,1,7,4,6,1,2,2,1,0,2,1,1,3,2,3,2,2,1
10050,0,6,6,4,1,5,13,4,10,1,6,8,2,3,4,0,1,3,1,1,3,3,2,2,1
13430,0,6,3,4,1,1,13,2,7,4,9,1,2,2,1,0,2,3,1,2,2,3,2,2,1
8398,1,6,7,4,1,24,1,2,2,1,8,8,2,3,4,0,1,3,1,1,4,3,2,2,1
17752,0,6,5,4,5,24,1,2,7,1,7,8,2,3,4,0,1,1,1,1,4,3,2,2,1
357,0,3,1,4,5,17,1,5,10,1,1,1,3,2,1,0,2,2,2,2,2,4,2,3,1
15454,1,7,2,4,1,16,13,1,10,4,4,1,3,2,1,0,2,2,1,3,2,3,2,3,1
5441,1,7,1,4,1,18,1,3,2,1,1,8,2,2,1,0,1,1,1,1,3,3,2,2,1
11607,1,3,6,4,1,22,13,2,7,1,10,8,2,2,1,0,1,1,2,1,3,3,2,2,1
3261,0,10,5,4,1,11,13,1,7,3,7,1,2,2,1,0,2,1,1,2,2,3,2,2,1
8104,1,4,1,4,1,2,13,3,8,2,11,1,2,2,1,0,1,1,1,1,2,4,2,4,1
18645,0,5,7,4,1,11,13,1,4,4,3,1,3,2,1,0,2,1,1,2,2,3,2,3,1
3266,0,11,3,4,1,12,13,1,2,2,8,1,2,2,1,0,3,1,1,2,2,3,2,4,1
7179,0,10,7,3,4,12,13,1,8,1,10,8,2,3,4,0,1,3,1,1,4,3,2,2,1
8101,1,6,6,4,1,22,13,3,10,1,12,1,2,3,4,0,1,2,1,1,2,3,2,2,1
16269,0,9,2,4,1,11,7,1,7,2,7,1,2,2,1,0,1,3,1,1,2,3,2,2,1
15443,1,3,7,4,5,14,15,1,10,1,3,8,2,3,4,1,5,2,1,1,3,3,2,7,1
3765,1,8,4,3,5,10,1,1,10,1,8,1,3,3,2,0,1,2,1,1,2,3,3,3,1
21076,0,7,7,3,1,21,13,3,7,4,5,8,2,2,1,0,2,3,1,2,2,3,2,4,1
12683,1,4,4,4,5,21,1,5,10,1,7,8,2,3,4,0,1,1,1,1,4,5,2,4,1
35231,0,8,4,4,1,9,13,1,7,2,2,1,2,2,1,0,1,1,1,1,2,6,2,4,1
6893,1,8,2,4,5,22,1,2,2,1,7,1,2,2,1,0,2,3,1,3,2,3,2,5,1
15640,1,4,1,4,1,21,13,3,4,1,8,1,2,3,5,0,1,2,1,1,2,5,2,5,1
12542,0,4,7,4,1,18,13,1,8,3,4,8,2,2,1,0,1,1,1,1,3,3,2,2,1
11612,1,13,5,2,1,15,22,1,8,4,4,1,2,2,1,0,2,1,1,2,2,3,2,2,1
6089,0,5,1,4,1,4,13,2,7,1,5,8,2,3,4,0,1,3,1,1,4,3,2,2,1
28461,0,10,4,3,1,5,19,3,7,1,6,1,2,2,1,0,1,1,1,1,2,3,2,2,1
16641,0,10,3,4,1,17,11,1,2,4,12,8,2,2,1,0,2,1,1,2,2,3,2,2,1
186,1,9,6,4,5,20,15,2,7,1,7,1,2,3,3,0,1,1,1,1,2,3,2,3,1
5036,0,4,5,4,1,14,13,1,4,1,6,1,2,2,1,0,6,3,1,1,2,3,2,2,1
12843,1,4,2,4,5,20,1,2,8,1,8,7,3,2,1,0,1,1,1,1,3,3,2,3,1
5052,0,9,2,4,2,21,13,3,7,1,6,8,2,3,4,0,1,1,1,1,3,3,2,3,1
30938,1,4,4,4,1,23,13,3,7,2,6,1,3,2,1,0,1,3,1,1,2,3,2,4,1
7903,0,8,7,4,1,18,7,1,7,3,5,2,2,2,1,0,1,1,1,1,3,3,2,2,1
9697,0,6,6,4,5,23,1,2,4,1,3,8,2,3,4,0,1,1,1,1,4,3,2,2,1
17990,0,5,1,4,1,9,20,1,7,4,6,8,3,2,1,0,1,1,1,1,3,3,3,2,1
5111,0,7,6,4,1,17,13,1,2,1,7,8,2,2,4,0,1,1,1,1,5,3,2,2,1
13280,1,4,2,4,1,17,13,1,7,4,8,1,2,2,1,0,8,3,1,1,2,5,2,2,1
27475,0,11,1,4,1,10,13,1,7,4,8,1,2,2,1,0,2,2,1,2,2,3,2,4,1
10785,1,13,6,2,1,15,6,1,10,4,11,1,2,2,1,0,3,1,1,2,2,5,2,5,1
10671,1,7,2,3,5,12,13,1,7,2,9,7,2,2,1,1,12,2,1,1,2,4,2,4,1
11571,1,7,6,4,5,15,1,1,7,1,8,1,3,2,1,0,1,1,1,1,2,3,2,4,1
10079,0,7,3,4,4,16,13,1,1,1,8,8,2,3,4,0,1,1,1,1,3,3,2,2,1
29546,0,5,2,2,1,14,13,1,7,2,9,2,2,2,1,0,1,4,1,1,2,4,2,4,1
30795,0,10,6,2,1,17,13,1,7,2,10,1,2,2,1,0,1,1,1,1,2,6,2,4,1
27919,0,5,3,3,5,23,1,3,8,1,3,1,2,2,1,0,2,1,1,2,2,3,2,4,1
1725,1,9,7,4,1,20,13,1,7,4,7,1,2,2,1,0,2,3,1,3,2,3,2,2,1
2504,1,14,7,4,4,14,3,1,7,1,1,1,2,3,6,0,1,1,1,1,2,3,2,2,1
2825,0,5,3,4,5,1,1,3,7,1,8,8,2,2,1,0,1,2,1,1,3,3,2,2,1
26341,0,6,4,4,5,8,1,1,3,1,5,8,3,3,4,1,5,2,1,1,4,2,2,7,1
3341,0,9,1,3,5,19,10,1,2,1,7,8,3,3,4,0,1,3,1,1,5,3,2,2,1
23742,0,3,4,4,1,19,13,3,1,4,11,1,2,2,1,0,8,2,1,1,2,3,2,2,1
4389,1,8,7,2,1,11,1,1,7,1,4,1,3,2,1,0,1,1,1,1,2,5,2,2,1
1468,1,7,4,4,1,6,13,4,2,3,12,1,2,2,1,0,2,3,1,2,2,5,2,2,1
675,0,8,1,4,1,12,13,1,7,3,9,8,2,2,1,0,1,1,1,1,4,3,2,2,1
5124,1,10,7,4,1,11,21,1,7,1,1,1,2,2,4,0,1,3,1,1,2,5,2,4,1
1670,1,3,5,4,1,18,13,3,10,4,2,1,2,2,1,0,2,2,1,7,2,3,2,4,1
22278,0,5,5,3,5,20,1,3,4,1,4,2,3,2,1,0,3,1,1,7,2,3,2,4,1
20264,0,3,7,2,5,14,1,1,8,1,9,1,2,2,1,0,1,2,1,1,2,3,2,2,1
5017,1,7,5,1,5,20,1,3,7,1,3,8,2,3,4,0,8,1,1,1,2,3,2,2,1
8089,0,3,2,4,1,15,13,1,10,4,11,1,2,2,1,0,2,1,1,2,2,3,2,4,1
2902,1,9,5,4,1,6,13,1,2,1,5,8,3,3,4,1,5,3,1,1,3,2,2,7,1
16292,0,3,6,4,1,10,13,1,10,1,8,1,3,3,4,0,1,1,1,1,2,3,2,2,1
33317,0,6,6,4,1,16,13,1,7,4,3,8,2,6,1,0,8,4,1,1,1,1,1,1,1
34275,0,6,1,4,1,15,13,1,2,4,11,1,2,2,1,0,8,3,1,1,2,4,2,2,1
7091,0,8,5,4,1,18,13,1,10,4,8,8,2,2,1,0,1,1,1,1,5,3,2,2,1
26634,1,10,7,4,5,15,1,1,2,1,7,1,2,2,1,0,1,3,1,1,2,3,2,3,1
15133,1,10,3,4,1,14,4,1,8,4,8,8,2,2,1,0,2,1,1,2,2,3,2,4,1
24577,0,9,3,3,1,18,7,3,7,2,1,1,2,2,1,0,1,3,1,1,2,4,2,4,1
16999,0,6,5,4,1,8,13,1,3,4,8,1,3,2,1,0,2,3,1,2,2,6,2,4,1
9785,0,8,7,4,1,11,13,1,7,3,10,8,2,2,1,0,1,1,1,1,3,3,2,2,1
21074,1,5,5,2,1,16,21,1,2,4,5,8,2,2,1,0,2,2,1,2,2,4,2,3,1
5890,1,4,6,4,1,19,13,3,2,4,9,1,2,2,1,0,2,3,1,2,2,5,2,2,1
21500,0,9,1,4,1,10,10,1,7,2,4,1,2,2,1,0,1,2,1,1,2,2,2,3,1
3965,1,11,3,3,5,12,1,1,7,1,8,8,2,2,1,0,1,3,1,1,3,3,2,2,1
23738,0,6,5,4,1,13,13,1,3,2,10,1,2,2,1,0,1,1,1,1,2,4,2,3,1
22261,0,7,1,3,1,13,13,1,4,4,1,8,2,2,1,0,2,1,1,3,2,5,2,4,1
7806,0,7,7,4,1,14,13,1,7,6,5,8,2,2,1,0,1,1,2,1,4,3,3,2,1
6807,0,4,6,4,5,21,1,2,7,2,9,1,2,2,1,0,1,3,1,1,2,3,2,4,1
18319,1,7,2,3,5,12,1,1,7,1,5,6,3,2,1,1,5,3,1,1,2,2,2,7,1
23659,0,3,2,3,1,17,22,5,10,4,3,1,2,2,1,0,2,1,1,3,2,5,2,2,1
34090,0,5,1,2,1,15,13,1,7,1,9,1,2,2,1,0,2,3,1,2,2,3,2,2,1
35825,1,5,3,4,3,1,13,2,7,1,10,1,2,3,4,1,13,3,1,1,2,5,2,6,1
25210,0,9,2,4,1,7,7,1,7,2,10,2,3,2,1,0,1,2,1,1,2,4,2,4,1
20981,1,11,5,2,5,18,1,5,2,1,9,8,2,2,1,0,8,1,1,1,2,3,2,2,1
23746,0,2,4,2,1,7,13,1,8,2,12,8,2,2,1,0,1,1,1,1,3,7,2,4,1
22452,0,7,2,2,1,7,13,1,7,4,5,8,2,3,1,0,8,2,1,1,2,3,2,2,1
1743,0,4,1,4,1,19,10,1,4,4,7,1,3,2,1,0,8,2,1,1,2,5,2,2,1
20028,1,7,5,4,1,14,2,1,7,4,8,1,2,2,1,0,2,3,1,3,2,3,2,2,1
6016,1,5,7,4,5,13,1,1,7,1,2,8,2,3,3,0,1,1,1,1,3,3,2,3,1
32839,1,9,2,4,5,19,1,2,10,1,1,8,3,3,4,0,1,4,1,1,4,3,2,2,1
14955,0,11,5,4,1,21,13,5,7,2,7,1,2,2,1,0,1,3,1,1,2,3,2,2,1
17199,1,7,1,3,1,19,4,3,7,4,10,8,2,2,1,0,2,1,1,3,2,5,2,2,1
1645,1,7,1,4,3,16,13,5,7,1,10,1,2,3,4,0,1,3,1,1,2,3,2,2,1
17365,0,9,6,4,1,14,1,1,2,1,5,8,2,3,4,0,1,2,1,1,4,3,2,2,1
36147,0,4,6,4,1,19,13,3,8,2,1,1,2,2,1,0,1,1,1,1,2,4,2,4,1
101,0,7,6,4,1,17,13,1,2,1,7,8,2,2,4,0,1,1,1,1,5,3,2,2,1
18951,1,6,6,4,1,14,7,1,11,2,9,2,2,2,1,0,8,1,1,1,2,3,2,3,1
20152,1,4,5,4,1,18,13,1,4,4,6,1,2,2,1,0,4,1,1,1,2,3,2,2,1
3850,1,11,2,4,1,9,13,1,7,4,2,1,2,2,1,0,2,1,1,2,2,3,2,3,1
26362,0,4,4,2,5,22,1,2,4,1,6,8,3,2,1,0,1,3,1,1,4,3,2,2,1
11362,1,9,2,4,1,14,13,1,7,4,10,7,2,2,1,0,2,3,1,3,2,3,2,2,1
30797,0,7,7,4,5,16,1,1,2,1,9,1,2,2,1,0,1,1,1,1,2,5,2,4,1
28646,1,2,7,4,1,10,13,1,2,4,3,1,2,2,1,0,2,1,1,3,2,3,2,2,1
3263,1,4,2,4,1,17,13,1,7,4,8,1,2,2,1,0,8,3,1,1,2,5,2,2,1
13475,0,6,7,4,5,13,13,1,7,1,10,8,2,3,4,0,1,3,1,1,3,5,2,2,1
4022,0,4,7,4,2,20,13,5,2,1,6,8,2,3,3,0,1,1,1,1,3,5,2,3,1
8320,0,7,6,3,4,20,13,1,7,1,6,8,2,3,4,0,1,3,1,1,4,3,2,2,1
12321,1,4,6,4,1,12,13,1,2,4,10,1,2,2,1,0,5,1,1,1,2,3,2,2,1
12615,1,4,4,4,1,21,10,2,2,5,6,6,2,2,1,1,5,1,1,1,3,2,2,7,1
32204,1,5,5,4,1,8,13,1,4,2,8,1,2,2,1,0,2,1,1,2,2,4,2,3,1
26344,0,4,6,2,5,16,1,1,4,1,6,1,3,3,4,0,1,3,1,1,2,5,2,2,1
22674,1,3,7,4,1,18,13,3,2,2,2,7,2,2,1,0,1,3,1,1,2,5,2,4,1
31253,0,10,7,4,5,9,1,1,7,1,7,1,3,3,4,0,1,1,1,1,2,3,2,2,3
1884,1,8,2,4,5,22,1,2,2,1,7,1,2,2,1,0,2,3,1,3,2,3,2,5,1
13821,1,4,1,3,5,17,1,1,7,1,10,1,3,2,1,0,1,3,1,1,2,4,2,4,1
31963,0,4,3,4,5,3,13,3,4,1,11,1,2,3,4,0,1,1,1,1,2,4,2,4,1
6987,0,5,1,4,5,20,1,2,7,1,9,8,2,3,4,0,2,3,1,3,3,3,2,2,1
19075,1,8,5,4,1,16,13,1,4,4,8,1,2,2,1,0,2,1,1,3,2,3,2,2,1
32729,0,5,1,2,5,15,1,1,8,1,2,1,3,2,1,0,2,1,1,3,2,4,2,4,1
6492,1,9,7,4,1,9,13,1,2,3,3,1,3,2,1,0,2,1,1,2,2,5,2,5,1
23271,1,4,2,4,3,17,13,1,7,1,9,8,3,3,4,0,1,3,1,1,4,3,2,2,1
16819,0,8,1,4,1,15,13,1,7,3,9,1,2,2,1,0,1,3,1,1,2,3,2,2,1
3039,1,7,4,4,1,14,13,1,7,4,8,1,2,2,1,0,2,1,1,3,2,5,2,2,1
19652,0,3,4,1,1,2,13,3,4,2,12,1,2,2,1,0,1,1,1,1,2,4,3,4,1
5364,0,11,1,4,1,11,18,1,9,6,1,8,2,2,1,0,1,2,1,1,3,3,2,2,1
25417,0,8,1,4,5,14,1,1,10,1,8,1,2,3,4,0,1,3,1,1,2,4,2,4,1
35720,1,3,5,4,1,18,12,1,10,4,8,1,2,2,1,0,2,1,1,2,2,8,2,2,1
25578,1,5,4,4,1,18,10,3,8,4,10,1,2,2,1,0,8,3,1,1,2,3,2,2,1
30546,0,8,2,4,1,18,13,5,7,3,10,8,2,2,1,0,1,3,1,1,4,3,2,2,1
5015,1,7,4,4,5,17,13,3,4,1,3,8,2,3,4,0,1,2,1,1,4,3,2,2,1
17706,0,7,5,4,1,2,13,3,7,1,5,8,2,3,4,0,1,1,1,1,4,5,2,4,1
7433,1,11,1,4,1,12,7,1,7,2,9,1,2,2,1,0,1,2,1,1,2,5,2,3,1
36427,1,8,6,3,5,23,1,3,2,1,11,8,2,3,4,0,1,3,1,1,4,3,2,2,1
25176,0,5,7,4,1,9,2,1,7,5,7,1,2,2,1,0,2,1,1,2,2,4,2,6,1
29721,0,7,2,2,3,23,18,2,8,1,6,1,2,3,4,0,1,4,1,1,2,3,2,2,1
1191,1,4,4,4,1,11,13,1,10,4,4,1,2,2,1,0,2,1,2,2,2,5,2,2,1
17525,1,7,4,4,5,19,13,2,7,1,9,8,2,2,1,0,1,3,1,1,4,3,2,2,1
8787,0,8,6,4,1,16,13,1,7,3,7,8,2,2,1,0,1,2,1,1,4,3,2,2,1
24466,0,6,4,3,1,13,13,1,7,4,9,1,2,2,1,0,8,3,1,1,2,5,2,2,1
7068,1,8,1,2,5,10,1,1,8,1,6,1,2,2,1,0,1,1,1,1,2,3,2,2,1
12304,1,6,2,4,1,18,7,2,7,2,11,5,2,2,1,0,3,2,1,3,2,3,2,2,1
31835,0,7,4,3,1,22,13,2,7,2,4,5,2,2,1,0,2,3,1,2,2,5,3,4,1
31435,0,4,7,4,1,15,23,1,4,5,6,1,2,2,1,0,1,4,1,1,2,6,2,4,1
18778,1,7,1,4,1,2,7,3,7,2,7,1,2,2,1,0,1,3,1,1,2,5,2,5,1
15467,1,9,6,4,1,10,13,1,7,4,4,1,2,2,1,0,2,2,2,2,2,3,2,2,1
31383,1,3,3,4,1,15,13,1,2,2,9,1,2,2,1,0,1,4,1,1,2,4,2,4,1
19129,0,5,2,4,1,6,11,4,4,1,1,1,2,3,3,0,1,3,1,1,2,3,3,4,1
16893,0,8,7,4,4,15,15,1,7,1,6,8,2,3,4,0,1,1,1,1,3,3,2,2,1
30999,0,5,4,3,5,12,1,1,2,1,6,1,2,3,3,0,1,3,1,1,3,2,2,3,1
4509,0,9,5,2,1,21,13,2,7,2,10,1,2,2,1,0,1,3,1,1,2,5,2,2,1
7339,1,8,4,4,1,23,13,2,10,1,6,8,2,3,5,0,8,1,1,1,3,3,3,2,4
1092,1,4,2,4,1,15,13,1,2,4,4,1,2,2,1,0,2,1,1,2,2,5,2,5,1
768,1,13,6,2,1,15,6,1,10,4,11,1,2,2,1,0,3,1,1,2,2,5,2,5,1
10117,1,8,7,4,1,22,13,3,7,4,4,1,2,2,1,0,2,3,1,3,2,3,2,2,1
32018,0,2,7,3,5,22,1,2,4,1,5,8,3,3,4,0,1,4,1,1,3,3,2,2,1
30413,1,4,6,2,1,20,13,1,4,3,5,8,2,2,1,0,2,3,1,2,2,5,2,2,1
11649,0,4,4,4,1,19,4,1,8,1,6,8,2,2,1,0,1,2,1,1,3,3,2,2,1
8304,0,7,7,3,5,2,1,2,8,1,5,8,2,3,5,0,1,3,1,1,3,3,2,2,1
413,1,5,5,4,1,13,13,1,2,2,3,1,2,2,1,0,1,2,1,1,2,7,2,4,1
16393,1,10,4,4,5,16,22,1,8,6,10,1,2,2,1,0,8,3,1,1,2,3,2,2,1
6262,1,4,6,4,1,16,13,1,4,4,5,1,2,2,1,0,8,3,1,1,2,5,2,2,1
15890,0,8,5,2,5,16,10,1,2,3,8,8,2,2,1,0,1,1,1,1,4,3,2,2,1
1280,0,2,5,4,1,24,13,6,4,4,8,1,2,2,1,0,2,1,1,2,2,3,2,5,1
3035,1,5,6,4,1,20,13,3,7,4,8,1,2,2,1,0,2,1,1,2,2,5,2,2,1
22239,1,4,5,3,1,9,13,1,8,4,2,8,2,2,1,0,2,1,1,3,2,4,2,4,1
13944,0,6,6,4,1,9,13,1,2,3,9,1,2,2,1,0,1,1,1,1,2,3,2,2,1
23843,1,8,4,4,5,16,1,1,7,1,6,8,3,3,8,1,5,2,1,1,3,2,2,7,1
3029,1,7,4,4,1,3,13,2,2,1,8,1,2,2,1,0,1,1,1,1,2,3,2,3,1
3394,0,5,3,4,1,14,7,1,10,2,8,1,2,2,1,0,1,3,1,1,2,5,2,4,1
43,0,5,4,4,1,20,2,3,2,6,6,1,2,2,1,0,1,2,1,1,2,3,2,2,1
3624,0,8,7,4,1,18,10,1,10,1,4,8,3,3,4,0,1,1,1,1,4,3,2,2,1
32447,0,6,1,4,5,14,1,1,10,1,6,1,3,2,1,0,1,3,1,1,2,3,2,2,1
22584,0,5,2,1,1,18,7,1,10,2,4,1,2,2,1,0,3,3,1,2,2,5,2,2,1
19825,0,5,1,4,1,6,13,2,4,1,4,8,2,3,5,0,2,1,1,3,4,3,2,2,1
17738,1,4,6,4,1,22,13,3,4,4,3,1,2,2,1,0,2,1,1,3,2,7,2,5,1