id,Severity,age_classes,day_week,DEFORMED_classes,m_harm_classes,hour,impact1_classes,lgt_cond,make,man_coll,month,p_crash1,pcrash4,pcrash5,rel_road,reljct1,reljct2,rest_use,sex,typ_int,valign,vnum_lan,vsurcond,vtrafway,weather_classes
12833,1,3,2,3,1,10,13,1,8,4,8,1,3,2,1,0,4,1,1,1,2,5,2,2,1
8195,0,4,7,3,2,3,13,2,10,1,7,8,2,3,4,0,1,1,1,1,4,3,2,2,1
29656,0,10,2,2,5,9,1,1,7,1,9,1,3,2,1,0,3,4,1,2,2,3,3,4,1
8233,0,6,1,4,1,22,13,3,2,4,9,1,2,2,1,0,8,1,1,1,2,5,2,2,1
31180,1,8,1,4,5,17,13,5,2,1,10,8,2,2,1,0,1,1,1,1,3,3,2,2,1
1245,0,5,3,4,1,6,13,4,4,4,8,8,2,2,1,0,2,2,1,2,4,3,2,3,1
29488,0,7,2,2,1,19,13,1,4,4,4,8,2,2,1,0,2,2,1,2,2,3,2,2,1
1384,1,7,7,2,1,18,21,3,7,5,11,1,2,2,1,0,1,1,1,1,2,3,2,3,1
36176,0,8,1,2,5,14,1,1,7,1,2,1,2,2,1,0,1,3,2,1,2,4,2,4,1
8197,1,9,5,4,1,18,13,1,8,2,7,1,2,2,1,0,1,1,1,1,2,3,2,2,1
34153,1,7,7,4,1,13,13,1,7,2,7,1,2,2,1,0,1,4,2,1,2,3,2,4,1
1476,1,6,7,3,1,19,13,2,2,4,1,1,2,2,1,0,2,1,1,2,2,3,2,3,1
14111,0,8,6,4,5,24,1,2,7,1,11,1,3,5,1,0,1,2,1,1,2,3,2,2,1
25038,0,4,5,4,1,17,1,1,10,1,6,1,3,2,1,0,8,1,1,1,2,3,2,5,1
15537,1,4,2,4,1,15,13,1,10,4,6,1,2,2,1,0,2,2,1,2,2,5,2,2,1
3879,1,7,3,4,1,17,13,1,7,4,5,1,2,2,1,0,2,3,1,2,2,3,2,3,1
30435,1,4,4,4,5,18,1,1,7,1,7,8,2,3,4,0,1,3,1,1,4,3,2,2,1
12878,1,4,1,4,1,18,10,1,7,4,3,4,2,2,1,0,3,3,1,2,2,3,2,2,1
16631,0,10,4,4,1,15,13,1,2,1,8,8,2,3,4,0,1,1,1,1,4,3,2,2,1
712,0,11,7,4,5,16,1,1,7,1,10,1,3,2,1,0,1,2,1,1,2,3,2,2,1
17514,0,7,6,4,1,14,13,1,10,2,9,1,2,2,1,0,3,2,1,2,2,3,2,3,1
2747,0,7,3,4,1,15,13,1,7,3,6,7,2,2,1,0,2,3,1,2,2,3,2,2,1
25181,0,10,4,2,1,14,7,1,1,2,7,5,2,2,1,0,3,3,1,2,2,3,2,2,1
30427,0,7,1,2,1,14,7,1,7,2,6,5,2,2,1,0,3,3,1,3,2,5,2,2,1
15083,0,5,1,4,4,16,13,1,10,1,7,1,2,3,4,0,1,3,1,1,2,3,2,2,1
2283,0,7,6,4,1,19,13,3,7,1,11,1,2,2,1,0,1,1,1,1,2,3,2,3,1
16300,0,5,2,4,1,20,13,2,4,4,9,1,2,2,1,1,3,1,1,3,2,3,2,3,1
22824,0,4,6,4,3,12,12,1,7,1,7,8,2,3,8,1,5,3,1,1,3,2,2,7,1
26731,0,6,5,4,1,18,13,1,2,4,6,1,2,2,1,0,2,2,1,2,2,3,2,3,1
17155,0,4,1,3,1,24,13,3,4,1,4,8,2,3,4,1,5,1,1,1,4,2,2,7,1
3645,1,10,5,4,1,18,13,1,7,4,4,1,3,2,1,0,2,3,1,3,2,3,2,2,1
16832,1,12,6,4,1,12,13,1,1,4,9,1,2,2,1,0,2,2,1,3,2,3,2,2,1
398,0,3,7,4,3,7,15,1,8,1,3,1,2,3,3,0,1,2,1,1,2,4,2,3,1
24997,0,9,2,4,1,14,13,1,2,4,4,1,2,2,1,0,2,1,1,2,2,3,2,3,1
6641,0,4,4,4,1,19,4,1,8,1,6,8,2,2,1,0,1,2,1,1,3,3,2,2,1
2817,1,6,2,4,5,22,11,3,4,1,9,8,2,3,3,0,1,2,1,1,3,3,2,4,1
26515,1,4,7,4,5,13,1,1,2,1,4,1,3,2,1,0,1,2,1,1,2,3,2,4,1
7089,0,6,7,4,4,21,13,2,7,1,8,8,2,3,4,0,1,3,2,1,4,3,2,2,1
35786,0,5,1,3,1,13,12,1,2,6,6,8,2,2,1,0,1,4,1,1,3,3,2,2,1
3129,1,3,3,4,1,11,13,1,2,4,5,1,2,2,1,0,2,1,1,3,2,3,2,2,1
22778,0,6,3,2,1,16,13,1,7,4,2,1,2,2,11,0,8,3,1,1,2,5,2,5,1
8339,1,6,6,4,5,22,13,2,7,1,7,1,2,3,4,0,1,3,1,1,2,3,2,2,1
36268,0,10,5,4,5,17,1,1,2,1,6,1,2,2,1,0,2,1,1,2,2,4,2,4,1
11010,0,8,7,2,5,11,7,1,7,2,3,2,2,2,1,0,3,3,2,1,2,3,2,3,1
3207,1,8,3,4,1,18,13,1,7,4,8,1,2,2,1,0,2,1,1,2,2,3,2,3,1
18597,1,10,4,3,5,22,1,3,7,1,2,8,3,2,1,0,2,1,1,3,3,6,2,2,1
22866,1,6,2,4,1,9,13,1,6,2,8,1,2,2,1,0,1,3,1,1,2,5,2,4,1
12368,0,3,2,4,5,24,1,2,7,1,6,1,2,3,4,0,1,2,1,1,3,3,2,2,1
7361,1,3,4,4,2,18,13,1,4,1,6,1,2,3,4,0,1,2,1,1,2,3,2,2,1
4976,0,8,7,4,1,2,13,2,7,3,9,8,2,2,1,0,6,3,1,1,3,3,2,2,1
29462,0,4,6,2,1,20,13,3,2,2,8,1,2,2,1,0,3,4,1,3,2,3,2,2,1
13512,1,5,5,4,1,17,13,1,10,4,4,7,2,2,1,0,2,3,1,3,2,5,2,3,1
5407,0,6,7,4,1,2,7,2,2,2,3,1,2,2,1,0,1,2,1,1,2,3,2,4,1
34170,0,6,6,4,5,15,1,1,3,1,7,1,3,2,1,0,8,4,1,1,2,6,2,5,1
11213,0,7,1,4,1,1,13,3,8,1,1,8,2,3,4,0,1,1,1,1,3,3,3,3,1
17880,1,4,7,4,5,14,1,1,8,1,11,1,3,2,1,0,1,2,1,1,2,5,2,4,1
29431,0,9,2,2,5,12,1,1,7,1,7,1,2,2,1,0,8,4,1,1,2,5,3,2,1
5710,1,8,1,4,1,7,13,4,10,3,10,8,2,2,1,0,1,1,1,1,4,3,2,2,1
12145,0,4,7,4,4,17,13,1,8,3,4,8,3,3,1,0,1,1,1,1,3,3,2,2,1
31838,0,8,3,3,3,11,13,1,10,1,4,8,2,3,4,0,8,3,2,1,2,5,2,5,1
22868,1,4,5,1,1,22,13,3,8,2,8,8,2,2,1,1,11,3,1,1,2,5,2,4,1
12391,1,8,2,4,1,15,13,1,2,4,7,1,2,2,1,0,2,2,2,2,2,5,2,2,1
22846,1,6,6,4,1,8,13,1,10,2,8,2,2,2,1,0,1,3,2,1,2,4,2,4,1
1887,0,7,5,4,5,11,1,1,8,1,7,1,2,2,1,0,1,3,1,1,2,3,2,2,1
15480,0,10,1,4,5,13,1,1,7,1,4,8,3,2,1,0,1,2,1,1,4,3,2,2,1
22476,0,7,3,3,1,8,7,1,10,2,8,5,2,2,1,0,3,3,1,2,4,4,2,2,1
1124,1,10,3,4,1,12,13,1,10,4,4,1,2,2,1,0,2,3,1,2,2,4,2,3,1
32537,0,3,6,2,1,8,13,1,10,4,11,1,2,2,1,0,2,4,1,2,2,4,2,5,1
21634,0,4,6,4,1,17,23,1,10,5,8,1,2,2,1,0,3,2,1,2,2,4,2,6,1
32510,1,5,2,4,1,17,13,3,8,3,12,8,2,3,2,0,1,4,1,1,3,3,2,2,1
2521,0,4,6,4,1,21,13,2,4,2,4,1,2,2,1,0,1,1,1,1,2,3,2,3,1
11042,1,10,6,4,1,12,13,1,7,4,3,8,2,2,1,0,2,1,1,3,2,3,2,4,1
20733,0,6,1,2,1,19,21,1,7,4,7,7,2,2,1,0,2,2,1,2,2,5,2,6,1
14981,1,10,5,4,1,18,2,1,4,4,8,1,2,2,1,0,2,3,1,3,2,3,2,2,1
6438,1,13,2,4,1,14,13,1,7,4,12,8,2,2,1,0,8,1,1,1,2,3,2,3,1
9372,1,10,2,2,1,7,13,1,7,2,7,1,2,2,1,0,2,1,1,3,2,4,2,2,1
11920,1,7,7,4,1,22,13,2,7,3,8,1,2,2,1,0,1,3,1,1,2,3,2,2,1
15395,1,5,3,4,1,5,13,2,10,2,2,1,2,2,1,0,1,1,1,1,2,4,2,4,1
18482,1,10,7,3,5,12,1,1,7,1,10,1,2,3,5,0,1,3,1,1,2,3,2,2,1
19898,1,3,7,4,5,16,13,1,4,1,5,8,2,3,4,0,1,1,1,1,4,3,2,2,1
7713,0,6,5,3,1,17,13,1,2,4,1,1,3,2,1,0,8,1,1,1,2,3,2,2,1
10583,1,8,1,4,1,18,13,1,2,4,6,1,2,2,1,0,2,3,1,2,2,5,2,2,1
30490,1,9,7,4,1,22,7,2,8,2,5,1,2,2,1,0,1,4,1,1,2,3,2,2,1
13394,1,8,4,3,1,14,13,1,2,4,7,1,2,2,1,0,2,3,1,3,2,5,3,2,1
7158,1,7,3,2,5,20,15,3,7,1,5,1,3,3,3,0,3,1,1,2,2,2,2,3,1
14935,0,4,2,4,1,22,13,2,10,3,6,1,2,2,1,0,1,2,1,1,2,3,2,2,1
33597,0,9,4,4,5,8,1,1,2,1,6,8,3,3,4,0,1,3,1,1,3,3,2,2,1
30327,0,8,1,4,5,19,1,5,7,1,10,1,2,3,4,0,1,4,1,1,2,3,2,2,1
12834,1,6,2,4,5,22,11,3,4,1,9,8,2,3,3,0,1,2,1,1,3,3,2,4,1
18203,0,9,7,4,1,14,13,1,7,2,7,1,2,2,1,0,1,1,1,1,2,5,2,4,1
6030,1,4,7,4,1,22,7,2,8,1,3,1,2,2,1,0,2,1,1,3,2,3,2,3,1
20824,0,5,3,3,1,18,13,3,2,4,2,8,2,6,1,0,8,1,1,1,1,1,1,1,1
17427,0,7,1,4,1,20,13,1,2,3,8,1,2,2,1,0,2,2,1,3,2,3,2,2,1
24668,1,6,4,4,1,8,13,1,6,5,8,7,2,2,1,0,1,1,1,1,2,6,2,4,1
11569,1,6,3,2,1,21,13,3,10,4,8,1,2,2,1,0,2,1,1,2,2,3,2,2,1
31235,1,3,6,3,1,20,13,3,10,4,5,8,2,2,1,0,2,3,1,2,2,3,2,2,1
34187,1,8,2,4,1,6,13,4,10,4,8,1,2,2,1,0,8,3,1,1,2,6,2,2,1
20869,1,3,6,2,1,20,13,1,2,2,6,8,2,2,1,0,2,1,1,3,2,3,2,2,1
13393,0,8,6,4,1,1,13,3,7,3,7,8,2,2,1,1,12,3,1,1,3,5,2,4,1
10975,1,4,3,4,1,7,13,1,4,2,5,1,2,2,1,0,1,1,1,1,2,5,2,2,1
35886,0,3,1,3,1,19,4,5,2,5,3,1,2,2,1,0,1,1,1,1,2,4,2,4,1
27680,0,7,5,2,1,18,11,1,2,5,3,7,2,2,1,0,1,1,1,1,2,5,2,4,1
13182,1,10,1,4,1,13,13,1,7,2,4,1,2,2,1,0,1,1,1,1,2,3,2,2,1
22646,0,2,7,2,5,20,1,3,4,1,10,1,3,2,1,0,3,2,1,2,2,5,2,2,1
16787,1,6,1,4,5,1,13,2,7,1,7,1,2,3,3,0,1,3,1,1,2,5,2,4,1
22133,0,9,1,2,1,13,18,1,7,5,9,5,2,2,1,0,2,2,1,3,5,3,2,2,1
12390,0,7,3,4,2,6,13,2,2,1,7,1,2,2,1,0,1,2,1,1,2,3,2,2,1
22406,1,4,2,4,1,12,2,1,2,4,12,1,2,2,1,1,8,1,1,1,2,4,2,3,1
6556,0,4,2,4,1,19,13,1,8,1,8,8,3,3,4,0,1,3,1,1,4,3,2,2,1
12582,0,9,4,4,1,18,10,2,10,4,10,1,2,2,1,0,2,1,1,3,2,3,2,3,1
9638,1,8,1,2,5,6,1,2,4,1,3,1,2,3,2,0,1,1,1,1,2,5,3,3,1
29800,0,6,7,2,1,13,13,1,2,3,4,8,2,2,1,0,2,4,1,2,2,3,2,2,1
9742,1,8,7,4,1,19,13,1,7,4,7,1,3,2,1,0,2,1,1,2,2,6,2,3,1
15307,0,9,5,4,1,20,13,6,7,3,4,8,2,2,1,0,1,3,1,1,3,3,3,2,1
8171,0,4,6,4,1,3,13,2,7,2,6,1,2,2,1,0,1,1,1,1,2,3,2,3,1
14012,0,10,5,4,4,14,13,1,2,1,4,1,2,3,4,0,1,1,1,1,2,3,2,2,1
23341,0,10,4,4,5,11,1,1,4,1,5,1,3,2,1,0,2,2,1,2,2,3,2,2,1
4039,1,4,7,4,1,11,13,1,4,4,7,1,2,2,1,0,2,1,1,3,2,3,2,3,1
573,1,10,7,4,5,15,1,1,7,1,6,1,3,2,1,0,3,1,1,2,2,3,2,3,1
35350,0,5,4,2,1,17,12,1,10,5,7,1,2,2,1,0,1,4,1,1,2,5,2,4,1
20736,0,3,4,2,1,17,3,1,2,4,7,1,2,2,1,0,2,2,1,2,2,3,2,2,1
6144,1,7,4,4,1,19,5,1,2,1,5,8,2,3,4,1,5,3,1,1,4,3,2,7,1
11434,0,4,7,4,1,18,13,3,8,4,11,1,2,2,1,0,2,1,1,2,2,5,2,3,1
16882,1,6,3,4,1,18,21,1,7,4,5,1,2,2,1,0,2,3,1,2,2,3,2,2,1
19270,0,4,1,2,1,10,13,1,10,4,5,8,2,2,1,0,1,1,1,1,3,3,2,2,1
27281,0,6,2,4,5,13,1,1,4,1,8,8,2,3,3,0,1,3,1,1,3,4,2,3,1
16984,0,7,1,3,4,24,13,2,7,1,6,8,3,3,4,0,1,3,1,1,3,3,2,2,1
15665,0,5,5,4,5,13,15,1,4,1,8,8,2,3,4,0,1,2,1,1,4,3,2,2,1
29409,0,5,4,3,1,20,13,3,2,3,10,1,2,2,1,0,1,3,1,1,2,3,2,2,3
28870,1,10,5,4,1,13,13,1,7,4,10,1,2,2,1,0,2,1,1,2,2,3,2,4,1
3370,0,3,6,3,1,11,10,1,10,6,8,7,3,2,1,0,1,1,1,1,5,3,2,2,1
2437,0,7,7,4,1,17,13,1,7,3,10,1,2,2,1,0,1,2,1,1,2,3,2,2,1
8462,1,6,2,3,1,15,12,1,2,1,11,1,2,3,5,0,1,3,1,1,2,3,3,2,1
8822,1,8,2,4,1,7,13,1,7,4,10,1,2,2,1,0,2,3,1,3,2,3,3,2,3
25519,1,5,5,4,1,19,22,1,7,5,5,1,2,2,1,0,1,3,1,1,2,3,2,2,1
17774,1,8,2,4,1,9,13,1,7,3,7,1,2,2,1,0,1,3,1,1,2,3,2,2,1
5168,0,10,1,4,5,12,1,1,7,1,5,1,2,3,4,0,1,3,1,1,2,3,2,2,1
9808,1,4,4,4,1,21,13,3,4,4,4,1,2,2,1,0,2,1,1,2,2,5,2,2,1
35411,1,9,3,4,1,5,13,1,7,2,9,1,2,2,1,0,1,4,1,1,2,4,2,4,1
3614,1,12,7,4,1,12,13,1,7,2,3,1,3,2,1,0,8,1,1,1,2,3,2,2,1
7319,1,4,7,4,1,16,13,1,4,4,3,7,3,2,1,0,1,1,1,1,2,3,2,2,1
24008,0,7,7,2,1,19,13,3,7,4,12,1,2,2,1,0,2,3,2,5,2,3,2,2,1
18829,1,8,1,4,1,19,13,5,4,3,9,8,2,2,1,0,1,1,1,1,4,3,2,2,1
13713,0,4,6,4,1,23,13,2,7,1,6,8,2,3,4,0,1,3,1,1,4,3,2,2,1
19575,1,11,4,3,1,11,13,1,2,3,10,1,2,2,1,1,2,2,1,2,2,3,2,3,1
6440,1,4,3,3,1,23,7,3,4,2,12,2,2,2,1,0,3,1,1,4,2,3,2,4,1
3675,1,4,5,4,1,20,13,3,2,4,5,1,3,2,1,0,2,1,1,2,2,5,2,5,1
13046,1,7,4,4,1,3,13,2,2,1,8,1,2,2,1,0,1,1,1,1,2,3,2,3,1
29521,0,4,1,2,1,12,13,1,7,4,8,8,2,2,1,0,2,3,1,2,2,3,2,2,1
7661,1,7,7,4,1,23,13,3,7,1,11,1,2,2,1,0,1,1,1,1,2,5,2,5,1
2533,0,4,2,4,4,16,13,1,2,1,5,8,2,3,6,0,2,3,1,3,2,3,2,2,1
511,1,4,3,4,1,11,13,1,4,4,6,1,3,2,1,0,2,2,1,2,2,5,2,5,1
11047,1,9,6,4,1,19,13,2,7,4,4,1,2,2,1,0,2,3,1,2,2,3,2,2,1
18182,1,5,4,4,1,6,13,4,4,4,6,1,2,2,1,0,8,1,1,1,2,3,2,2,1
18278,1,5,1,4,5,13,1,1,2,1,11,8,2,3,4,0,1,1,1,1,4,3,2,2,1
5127,1,10,6,4,5,15,1,1,4,1,2,1,2,2,1,0,1,1,1,1,2,3,2,2,1
11467,1,8,1,4,1,19,13,3,2,2,12,1,2,2,1,0,3,3,1,2,2,4,2,3,1
17375,0,9,6,4,1,13,13,1,4,4,5,1,2,2,1,0,2,2,1,2,2,3,2,2,1
11970,0,4,4,4,1,22,4,2,7,4,6,1,2,2,1,0,2,3,1,2,2,3,2,2,1
22813,1,7,6,4,1,12,13,1,4,4,5,1,2,2,1,0,2,2,1,2,2,3,2,4,1
19447,0,6,5,3,1,22,10,3,7,4,8,1,2,2,1,0,2,3,1,3,2,5,2,5,1
8269,0,8,2,4,3,13,13,1,7,1,6,8,3,3,4,0,1,3,1,1,4,3,2,2,1
35362,0,3,3,2,5,17,1,1,8,1,8,7,3,2,1,0,1,1,1,1,2,4,2,4,1
36446,1,4,4,3,1,20,12,3,4,5,12,1,2,2,1,0,3,1,1,2,2,5,2,4,1
34523,1,7,6,4,1,10,4,1,7,4,12,1,2,2,1,0,2,4,2,2,2,3,2,4,1
15072,1,7,4,4,1,11,4,1,7,4,6,1,2,2,1,0,8,1,1,1,2,3,2,2,1
8322,1,4,6,4,1,15,7,1,4,7,6,8,2,2,1,0,4,1,1,1,5,5,2,2,1
30800,0,5,5,2,1,8,18,1,4,5,10,7,2,2,1,0,1,1,1,1,2,6,2,4,1
8185,0,6,7,4,1,14,10,1,7,2,7,1,2,2,1,0,1,1,2,1,2,5,2,4,1
349,1,13,7,4,1,7,18,1,7,1,1,8,2,3,3,0,1,2,1,1,2,6,2,4,1
22879,1,10,3,4,1,19,13,1,7,4,8,1,2,2,1,0,2,3,1,2,2,5,2,2,1
31014,0,5,7,2,1,11,13,1,8,2,9,2,2,2,1,0,3,3,1,2,2,3,2,3,1
4071,0,6,7,4,1,2,13,2,7,2,10,1,2,2,1,0,1,1,1,1,2,3,2,3,1
7175,1,10,3,4,1,22,13,3,7,4,8,1,2,2,1,0,2,1,1,2,2,5,2,5,1
30761,1,4,4,3,1,7,13,1,4,2,3,1,2,2,1,0,1,1,1,1,2,5,2,4,1
31983,0,10,2,3,1,12,13,1,7,4,12,8,2,2,1,0,2,1,1,3,2,5,2,4,1
19567,0,7,7,2,1,17,13,1,10,4,10,8,2,2,1,0,2,1,1,3,3,5,2,3,1
11985,1,5,7,4,5,22,1,3,2,1,8,1,3,2,1,0,2,3,1,4,2,5,2,4,1
7835,1,4,2,4,5,20,1,2,8,1,8,7,3,2,1,0,1,1,1,1,3,3,2,3,1
33362,0,7,5,4,5,24,1,3,11,1,10,1,2,3,4,0,1,3,1,1,2,3,2,2,1
15560,0,3,3,4,1,16,13,1,10,1,8,1,2,3,4,0,3,1,1,2,2,5,2,2,1
19662,1,3,1,3,5,2,1,2,10,1,10,8,2,2,1,0,1,3,1,1,4,3,2,2,1
25846,0,3,6,4,5,12,1,1,4,1,8,8,2,3,4,0,1,2,1,1,4,3,2,2,1
24350,0,4,1,4,1,13,13,1,4,2,11,1,2,2,1,0,1,2,1,1,2,5,2,4,1
29799,1,5,2,4,5,20,1,2,2,1,1,7,3,2,1,0,1,1,1,1,2,3,2,2,1
6700,1,6,3,4,1,15,13,1,4,4,5,7,2,2,1,0,7,2,1,1,2,5,2,3,1
8641,1,8,7,4,5,11,1,1,3,1,5,1,2,2,1,0,1,2,1,1,2,3,2,3,1
18338,1,8,3,4,1,11,13,1,7,3,6,8,2,2,1,0,3,1,2,1,2,3,2,2,1
2040,0,6,7,4,4,16,13,1,7,1,4,8,2,3,4,0,1,3,1,1,4,3,2,2,1
32489,0,3,1,4,1,8,13,5,10,1,7,1,2,2,1,0,1,4,2,1,2,5,8,4,1
14707,0,6,6,4,5,23,1,2,4,1,3,8,2,3,4,0,1,1,1,1,4,3,2,2,1
66,1,8,6,4,5,23,1,3,7,1,8,1,2,3,4,0,1,2,1,1,2,3,2,2,1
7430,0,9,1,4,1,9,4,1,10,4,9,8,2,2,1,0,2,2,1,2,4,5,2,2,1
9296,0,3,7,4,1,24,13,2,4,1,6,8,2,3,4,0,1,2,1,1,4,3,2,5,1
16123,0,4,6,4,5,23,4,3,10,1,5,8,2,3,4,0,1,1,1,1,4,3,2,4,1
24232,0,1,3,4,1,15,13,1,2,4,3,1,2,6,1,0,2,3,1,3,2,3,2,2,1
12033,0,7,6,4,1,15,13,1,8,4,8,7,2,2,1,0,4,3,1,1,2,3,2,2,1
25235,1,8,1,4,1,18,22,1,7,4,4,1,2,2,1,0,2,3,1,2,2,6,2,6,1
5136,1,8,7,4,1,9,18,1,7,5,3,1,2,2,1,0,1,3,1,1,2,3,2,2,1
1108,1,4,1,4,1,21,13,3,4,4,5,1,2,2,1,0,2,1,1,2,2,4,2,3,1
3998,1,11,1,4,1,12,13,1,7,4,4,1,2,2,1,0,8,1,1,1,2,3,2,2,1
3558,1,8,7,4,2,16,13,5,7,1,11,8,2,3,4,0,1,2,1,1,4,3,2,2,1
16218,1,4,4,4,1,11,13,1,10,4,4,1,2,2,1,0,2,1,2,2,2,5,2,2,1
24772,0,5,1,3,5,17,1,1,10,1,4,1,2,2,1,0,3,2,1,2,2,3,2,2,1
30591,0,9,5,2,1,7,12,1,2,5,9,1,2,2,1,0,1,3,1,1,2,4,2,4,1
2295,0,7,1,4,1,1,18,2,4,5,6,1,2,2,1,0,1,1,1,1,2,4,2,4,1
86,0,7,4,4,1,7,13,1,7,4,11,1,2,2,1,0,2,2,1,2,2,3,2,3,1
2499,1,7,4,4,5,19,13,2,7,1,9,8,2,2,1,0,1,3,1,1,4,3,2,2,1
4447,1,9,1,3,3,1,13,3,3,1,7,8,2,3,10,0,1,2,1,1,5,4,2,6,1
15883,1,8,1,4,5,12,1,1,8,1,7,6,3,5,1,0,1,3,1,1,2,3,2,2,1
161,0,6,7,4,1,21,13,2,7,1,5,1,2,2,1,0,1,3,1,1,2,4,2,4,1
30499,1,5,5,2,1,11,22,1,10,5,6,1,3,2,1,0,1,4,1,1,2,4,2,6,1
25861,0,7,6,4,5,16,1,1,7,1,9,1,3,2,1,0,1,2,1,1,2,5,2,5,1
33465,1,6,7,4,5,12,1,1,8,1,4,1,2,3,4,0,1,4,2,1,4,4,2,2,1
4822,0,6,7,4,1,17,13,1,10,3,6,1,2,2,1,0,2,1,1,3,2,3,2,5,1
21988,0,7,1,4,1,16,7,1,4,2,6,5,2,2,1,0,3,2,1,2,2,3,2,4,1
11555,0,4,5,4,1,13,13,1,2,4,7,1,2,2,1,0,2,2,1,2,2,3,2,2,1
34465,1,4,4,3,1,7,7,1,2,7,6,8,2,2,1,0,2,3,1,3,2,2,3,3,1
1924,1,5,4,4,1,17,13,1,4,4,8,1,2,2,1,0,8,3,1,1,2,4,2,3,1
13281,1,5,2,4,1,18,13,1,8,3,8,1,2,2,1,0,8,1,1,1,2,3,2,2,1
5858,0,8,7,4,5,20,1,5,7,1,7,8,3,3,4,0,1,3,1,1,3,3,3,2,1
29495,0,4,5,2,1,22,7,3,7,2,6,2,2,2,1,0,3,2,1,2,2,5,2,5,1
18369,0,4,2,4,1,14,1,1,7,1,7,8,2,3,4,0,1,3,1,1,4,3,2,2,1
29308,0,5,7,4,1,13,13,1,10,2,8,1,2,2,1,0,8,4,1,1,2,3,2,2,1
21729,0,7,5,4,1,7,18,1,7,5,3,7,2,2,1,0,1,1,1,1,2,6,2,4,1
32526,0,4,1,4,5,10,1,1,10,1,9,8,3,3,4,0,1,4,1,1,4,3,2,2,1
7889,0,5,1,4,3,20,13,3,7,1,6,1,2,3,4,0,5,3,1,1,2,4,2,7,1
852,1,10,1,2,5,13,1,1,7,1,7,8,3,3,3,0,1,3,1,1,3,3,2,4,1
11821,0,7,6,4,1,6,13,1,7,1,8,1,3,2,1,0,1,3,1,1,2,3,2,2,1
36806,0,5,7,4,1,10,12,1,10,4,6,8,2,6,1,0,8,4,1,1,1,1,1,1,1
19687,0,7,2,4,5,9,1,1,7,1,8,1,3,2,1,0,1,3,1,1,2,3,2,2,1
10154,1,9,7,4,1,16,18,1,7,4,3,1,3,2,1,0,2,3,1,2,2,4,2,3,1
8093,1,11,7,4,1,16,13,1,7,2,7,1,2,2,1,0,1,2,1,1,2,4,2,4,1
4403,0,4,1,4,1,2,13,3,4,1,8,8,2,3,4,0,1,1,1,1,4,5,3,4,1
3334,0,5,7,4,1,18,1,1,8,1,7,1,3,2,1,0,2,3,1,2,2,3,2,3,1
10796,1,5,3,4,1,6,21,4,10,5,11,1,2,2,1,0,1,2,1,1,2,6,2,4,1
3592,0,2,2,4,4,21,13,5,4,1,7,1,2,3,4,0,2,3,1,3,4,3,2,2,1
2345,1,7,6,4,1,23,13,3,7,3,5,1,2,2,1,0,8,2,1,1,2,5,2,5,1
23397,0,11,4,4,5,7,1,1,7,1,10,2,3,2,1,1,12,2,1,1,2,5,2,4,1
2619,1,10,4,4,5,17,1,1,7,1,8,7,2,3,3,0,1,1,1,1,3,3,2,3,1
15438,1,3,4,4,5,17,1,1,8,1,3,7,3,2,1,0,2,2,1,2,2,3,2,2,1
7090,1,4,2,4,1,8,13,1,4,3,8,8,2,2,1,0,1,1,1,1,3,3,2,2,1
16324,0,3,7,4,1,24,13,3,10,4,9,1,2,2,1,0,1,1,1,1,2,3,2,4,1
22003,0,3,6,4,5,21,1,2,8,1,7,1,2,2,1,0,1,2,1,1,2,4,2,4,1
27815,0,5,7,4,1,17,13,1,8,1,4,8,2,3,5,0,2,3,1,3,2,3,2,3,1
17041,1,10,5,4,5,16,3,1,2,1,8,8,2,3,4,0,1,3,2,1,4,3,2,2,1
20290,0,10,3,3,1,13,13,1,4,4,11,1,2,2,1,0,2,1,1,2,2,3,2,2,1
3233,0,10,7,4,1,14,13,1,11,2,10,8,2,2,1,0,1,1,1,1,4,3,2,2,1
22241,0,11,5,3,1,8,13,1,2,4,1,8,2,2,1,0,2,1,1,2,2,3,2,2,1
10171,1,7,1,4,5,13,1,1,7,3,4,8,2,2,1,0,1,1,2,1,3,3,2,2,1
5328,1,11,5,4,1,9,1,1,4,1,9,2,2,2,1,0,2,1,1,3,2,3,2,2,1
18836,0,10,7,4,1,16,10,1,7,4,10,1,3,2,1,0,1,1,1,1,2,3,2,2,1
16372,1,9,2,4,1,14,13,1,7,4,10,7,2,2,1,0,2,3,1,3,2,3,2,2,1
8029,0,6,2,4,1,18,18,1,2,4,8,1,2,2,1,0,2,1,1,3,2,3,2,2,1
7290,0,5,1,4,1,21,13,3,2,2,10,1,2,2,1,0,1,2,1,1,2,3,2,2,1
21430,0,6,7,4,5,9,1,1,10,1,10,8,2,3,4,0,1,2,1,1,4,4,2,2,1
2340,0,5,5,4,1,19,13,1,4,3,5,8,2,2,1,0,1,2,1,1,3,3,2,2,1
22257,0,5,2,3,1,16,7,1,10,2,3,5,2,2,1,0,3,1,1,3,2,3,2,4,1
32682,1,7,5,4,5,16,1,1,2,1,7,8,3,3,4,0,5,3,1,1,4,2,2,7,1
36258,0,4,7,4,1,17,18,1,4,5,5,1,2,2,1,0,1,1,1,1,2,6,3,4,1
34469,0,5,7,4,5,23,1,3,10,1,7,2,3,3,2,1,5,3,1,1,2,2,2,7,1
24002,1,4,3,3,1,8,13,1,8,2,10,7,2,2,1,0,1,2,1,1,2,5,2,4,1