id,Severity,age_classes,day_week,DEFORMED_classes,m_harm_classes,hour,impact1_classes,lgt_cond,make,man_coll,month,p_crash1,pcrash4,pcrash5,rel_road,reljct1,reljct2,rest_use,sex,typ_int,valign,vnum_lan,vsurcond,vtrafway,weather_classes
17026,1,4,2,4,5,18,1,1,8,1,5,8,2,3,4,0,1,3,1,1,3,3,2,2,1
6255,1,4,2,4,1,8,13,1,10,4,8,1,2,2,1,0,2,1,1,2,2,4,2,3,1
17897,1,10,4,4,2,16,13,1,7,1,8,1,2,2,1,0,1,3,1,1,2,3,2,3,1
17570,0,6,2,4,1,21,13,2,2,4,7,1,2,2,1,0,2,1,1,3,2,3,2,2,1
5930,1,8,4,4,1,18,13,1,7,4,6,1,2,2,1,0,2,3,1,4,2,3,3,2,4
23589,1,3,2,4,5,5,1,2,4,1,5,8,2,2,1,0,1,2,1,1,4,3,2,2,1
14509,1,8,6,2,5,18,1,1,7,1,9,8,2,3,4,0,1,3,1,1,4,3,2,2,1
8522,0,7,3,4,1,12,7,1,2,2,7,1,2,2,1,0,1,3,1,1,2,6,2,3,1
34261,0,3,6,2,3,22,13,3,7,1,9,1,2,3,4,0,1,3,1,1,2,5,2,2,1
14579,0,3,7,4,1,20,13,3,10,3,11,7,2,2,1,0,2,3,1,2,2,5,2,2,1
1423,1,5,4,4,1,18,13,2,8,2,12,7,2,2,1,0,1,3,1,1,2,3,2,4,1
12179,0,3,2,2,1,19,13,1,4,1,7,1,2,2,1,0,1,1,1,1,2,3,2,2,1
32074,1,7,6,3,1,18,2,1,7,5,7,8,2,2,1,0,3,4,1,2,2,3,2,2,1
3710,1,9,7,4,1,13,13,1,7,4,6,1,2,2,1,0,8,3,1,1,2,3,2,5,1
29608,0,7,1,1,5,11,1,1,4,1,7,1,2,2,1,0,1,3,1,1,2,3,2,2,1
34400,0,4,7,4,1,16,11,1,2,5,2,1,2,2,1,0,8,3,1,1,2,3,2,6,1
26887,0,2,7,4,1,12,13,1,8,4,12,1,2,2,1,0,2,2,1,2,2,4,2,4,1
7139,0,6,7,3,1,10,12,1,7,4,4,1,2,2,1,0,2,2,1,2,2,3,2,3,1
1417,0,4,7,4,1,18,13,3,8,4,11,1,2,2,1,0,2,1,1,2,2,5,2,3,1
5608,1,8,3,4,5,14,15,1,7,1,8,8,2,3,4,0,1,2,1,1,4,5,2,4,1
4774,0,8,1,4,1,1,13,2,7,2,8,1,2,2,1,0,1,1,1,1,2,4,2,4,1
16038,1,6,6,4,5,24,1,2,11,1,3,8,2,3,4,0,1,3,1,1,4,3,2,2,1
25646,0,9,7,4,1,12,7,1,2,2,5,1,2,2,1,0,1,2,1,1,2,4,2,4,1
26139,1,7,3,4,1,19,13,1,1,4,4,1,2,2,1,0,3,3,1,3,2,6,2,3,1
383,0,10,1,4,5,12,1,1,7,1,2,8,2,3,4,0,1,1,1,1,4,3,2,2,1
19887,1,4,7,2,5,11,1,1,2,1,10,8,2,3,5,0,1,1,1,1,4,3,2,2,1
18487,1,6,4,4,4,18,13,1,8,1,3,1,2,3,4,0,1,2,1,1,2,3,2,2,1
8947,1,8,6,4,1,22,7,3,2,2,8,2,2,2,1,0,1,3,1,1,2,3,2,2,1
6026,0,4,4,4,1,23,7,2,10,2,1,1,2,2,1,0,1,3,1,1,2,3,2,3,1
25698,0,3,4,4,5,18,1,1,4,1,3,1,3,2,1,0,1,3,1,1,4,3,2,2,1
9303,0,3,5,4,1,23,13,2,2,2,6,1,2,2,1,0,1,3,1,1,2,3,2,2,1
8341,1,6,2,3,1,21,13,1,4,1,7,1,2,3,7,0,3,3,1,3,2,3,2,2,1
25704,0,9,4,4,5,12,1,1,7,1,5,1,2,3,4,0,1,3,1,1,4,3,2,4,1
9708,1,7,6,4,1,24,10,2,7,6,4,1,2,2,1,0,1,1,1,1,2,3,2,2,1
15922,0,8,3,4,1,17,13,5,8,3,3,1,2,2,1,0,1,1,1,1,5,3,2,2,1
8345,1,7,6,4,1,18,13,1,2,4,6,1,2,2,1,0,2,3,1,2,2,5,2,2,1
28972,1,4,2,4,1,15,13,1,4,4,5,1,2,2,1,0,2,1,1,2,2,3,2,4,3
15975,1,6,5,4,1,16,13,1,7,4,6,1,2,2,1,0,8,3,1,1,2,5,2,4,1
29089,0,7,7,4,1,22,13,2,7,2,11,1,2,2,1,0,1,2,1,1,2,3,2,2,1
15948,1,8,4,4,1,18,13,1,7,4,6,1,2,2,1,0,2,3,1,4,2,3,3,2,4
9065,1,5,5,4,1,20,13,3,4,3,8,1,2,2,1,0,8,1,1,1,2,3,2,5,1
244,0,8,7,4,5,14,1,1,7,1,11,1,2,3,2,0,1,1,1,1,2,3,2,2,1
3926,0,6,6,4,1,9,13,1,2,3,9,1,2,2,1,0,1,1,1,1,2,3,2,2,1
20691,1,4,3,3,1,14,13,1,3,4,4,8,2,2,1,0,2,3,1,3,2,4,2,3,1
26943,0,2,4,2,1,23,21,3,8,4,6,1,3,2,1,0,3,1,1,3,2,3,2,2,1
28695,1,4,3,4,1,22,7,3,4,2,7,1,2,2,1,0,1,3,1,1,2,5,2,2,1
11804,1,5,7,4,1,14,13,1,2,3,7,7,2,2,1,0,1,3,1,1,3,3,2,2,1
13502,0,9,1,4,1,17,13,1,7,3,5,8,2,2,1,0,1,3,1,1,3,3,2,2,1
16688,1,8,6,3,5,16,1,1,4,1,9,8,2,3,5,0,1,2,1,1,4,3,2,2,1
16331,1,8,6,4,1,20,13,3,7,4,9,1,2,2,1,0,2,3,1,2,2,3,2,3,1
28857,0,9,3,2,1,18,7,3,1,2,11,1,2,2,1,0,1,1,1,1,2,3,2,4,1
13320,0,4,3,4,1,19,13,1,4,3,5,8,2,2,1,0,1,1,1,1,5,3,2,2,1
12951,0,4,2,4,1,13,13,1,10,4,5,7,2,2,1,0,4,1,1,1,2,3,2,2,1
24176,0,3,3,4,1,22,7,3,4,2,6,5,2,2,1,0,3,1,1,2,2,5,2,3,1
10768,0,4,2,4,1,23,13,3,2,4,11,1,3,2,1,0,2,1,1,3,2,3,2,2,1
3409,0,6,7,4,1,17,13,1,4,3,8,8,2,2,1,0,1,3,1,1,3,3,2,2,1
25266,1,9,2,4,1,14,18,1,7,5,6,6,2,2,1,1,5,3,1,1,2,4,2,7,1
18707,1,7,6,4,1,17,12,1,8,4,5,1,2,2,1,0,8,2,1,1,2,5,2,5,1
22673,0,1,1,2,5,18,1,5,10,1,3,8,2,2,1,0,1,3,1,1,4,3,2,2,1
26981,0,4,7,3,1,14,13,1,7,1,8,1,2,2,1,0,1,2,1,1,2,6,2,4,1
19691,0,9,4,4,1,19,13,5,2,1,6,8,2,3,4,0,1,1,1,1,4,3,2,2,1
6542,0,6,3,3,1,21,13,3,7,1,6,1,2,2,8,1,5,1,1,1,2,2,2,7,1
13566,0,10,1,4,5,19,13,5,2,1,9,1,2,2,1,0,1,3,1,1,3,4,2,4,1
22997,0,3,5,4,4,21,13,2,10,1,8,8,2,3,4,0,1,2,1,1,3,3,2,2,1
11374,1,3,7,4,1,2,13,6,2,1,3,8,2,3,4,0,1,1,1,1,3,3,2,2,1
5163,1,7,1,4,5,13,1,1,7,3,4,8,2,2,1,0,1,1,2,1,3,3,2,2,1
7620,0,4,7,4,5,22,1,2,8,1,7,8,2,2,1,0,1,1,1,1,4,3,2,2,1
17681,1,8,6,4,5,17,15,2,7,1,12,8,2,3,4,0,1,2,1,1,4,3,2,2,1
7566,0,8,5,4,4,22,13,2,10,1,9,8,2,3,6,0,1,1,1,1,5,3,2,2,1
30519,1,4,2,2,1,12,13,1,2,2,8,5,2,2,1,0,1,4,1,1,2,3,2,2,1
24770,1,7,3,4,1,7,13,1,7,4,4,1,2,2,1,0,2,2,1,2,2,5,2,2,1
29880,1,11,5,4,3,23,13,3,7,1,12,8,2,3,8,0,1,4,1,1,3,4,2,4,1
6472,1,7,7,4,1,17,13,3,7,4,12,1,2,2,1,0,2,3,1,3,2,5,2,5,1
16974,1,4,3,4,1,18,13,1,7,3,4,8,2,2,1,0,2,3,1,3,3,3,2,2,1
13261,0,7,3,3,1,18,10,1,7,6,10,8,2,2,1,0,1,1,1,1,4,3,2,2,1
15510,1,5,3,4,1,7,13,1,2,2,5,1,2,2,1,0,1,2,1,1,2,7,2,4,1
29865,0,3,1,3,1,24,13,3,4,2,7,1,2,2,1,0,1,4,1,1,2,5,2,4,1
4923,1,11,3,3,1,12,13,1,2,4,6,8,2,2,1,0,2,3,1,2,3,3,2,2,1
15525,1,3,1,4,1,16,13,1,6,2,4,1,2,2,1,0,1,2,1,1,2,6,2,4,1
393,0,8,5,3,1,16,13,1,7,2,2,7,2,2,1,0,1,2,1,1,2,6,2,4,1
21367,1,7,4,4,1,15,19,1,4,4,4,1,2,2,1,0,2,3,1,2,2,3,2,2,1
29027,0,7,2,2,5,20,1,1,2,1,6,8,2,3,4,0,1,2,1,1,4,3,2,2,1
17610,1,10,6,4,1,14,13,1,2,3,3,1,2,2,1,0,2,1,1,3,2,3,2,2,1
17053,1,8,2,4,1,22,13,2,4,2,9,1,2,2,1,0,1,3,1,1,2,4,2,5,1
19666,0,5,3,2,1,21,13,2,7,4,9,8,2,2,1,0,2,3,1,3,3,7,2,3,1
20809,1,7,5,2,1,18,13,2,7,4,11,8,2,2,1,0,2,1,1,2,2,3,2,2,1
20437,1,8,1,2,1,13,9,1,7,5,5,7,2,2,1,0,1,2,1,1,2,6,2,4,1
15579,0,3,5,4,1,2,13,3,2,1,7,1,2,3,3,0,1,3,1,1,2,3,2,3,1
8226,0,8,7,4,1,7,4,1,3,4,9,1,2,2,1,0,1,1,1,1,2,3,2,2,1
7849,0,4,1,4,1,3,13,3,10,1,7,3,2,3,4,0,2,2,1,3,3,5,2,2,1
22925,0,4,7,2,1,10,13,1,7,2,5,3,3,2,1,0,1,2,1,1,2,3,2,3,1
15317,0,4,7,4,4,14,15,1,4,1,6,8,2,3,4,0,2,1,1,3,3,3,2,2,1
4994,1,9,3,4,1,16,13,1,7,1,6,1,2,2,1,0,1,3,1,1,2,3,2,2,1
1730,1,8,6,4,1,19,13,1,7,2,7,1,2,2,1,0,1,2,1,1,2,3,2,2,1
26688,0,3,4,4,1,17,13,1,7,4,3,1,2,2,1,0,8,3,1,1,2,4,2,3,1
18009,1,3,5,4,5,19,1,1,4,1,5,8,2,3,4,0,5,1,1,1,3,2,3,7,1
22689,0,7,6,2,1,14,13,1,7,4,5,1,2,6,1,0,2,2,1,3,1,1,1,1,1
5878,0,7,1,4,5,13,1,1,7,1,8,8,2,3,4,0,1,3,1,1,4,3,2,2,1
17503,0,10,5,3,1,13,13,1,4,2,7,5,2,2,1,0,8,3,1,1,2,3,2,2,1
15284,0,3,6,3,5,20,1,2,2,4,11,1,2,2,1,0,8,1,1,1,2,3,2,3,1
9069,0,7,5,4,1,16,13,1,10,4,9,8,2,2,1,0,1,1,1,1,3,3,3,2,1
24635,0,3,1,3,5,4,1,3,4,1,6,1,2,2,1,0,1,1,1,1,2,7,2,3,1
11671,0,8,5,4,1,13,13,1,2,4,7,8,3,2,1,0,4,2,1,1,4,3,2,2,1
10746,0,7,6,3,1,6,18,4,7,4,11,1,2,2,1,0,1,2,1,1,2,5,2,4,1
27739,1,8,7,4,4,3,13,2,7,1,10,1,2,3,4,0,3,2,1,3,2,3,3,2,1
3307,1,5,1,3,5,12,1,1,10,1,5,1,3,2,1,0,3,3,1,1,2,3,2,2,1
12291,0,3,3,4,1,22,13,3,4,2,10,1,2,2,1,0,1,1,1,1,2,5,2,4,1
15392,1,9,6,3,1,10,1,1,7,1,1,1,3,2,1,0,8,2,1,1,2,3,2,3,1
6035,0,9,4,4,1,20,13,2,7,2,3,1,2,2,1,0,3,3,1,2,2,5,2,2,1
9053,1,10,1,4,1,16,12,1,7,4,7,1,2,2,1,0,1,1,1,1,2,3,3,2,1
5435,0,8,2,4,1,16,13,1,10,3,4,8,2,2,1,0,1,2,1,1,3,3,2,2,1
36332,1,3,3,4,1,17,13,1,2,4,8,1,2,2,1,0,8,1,1,1,2,4,2,4,1
8231,0,8,7,4,1,21,7,3,7,8,9,1,3,2,1,0,1,1,1,1,2,7,2,4,1
1094,1,7,7,4,5,6,1,4,10,1,4,8,2,3,4,1,5,1,1,1,3,3,2,7,1
7402,1,7,4,4,1,21,13,5,2,4,8,1,2,2,1,0,2,2,1,2,2,3,2,2,1
29481,0,4,3,4,1,20,13,5,7,3,5,1,2,2,1,0,2,3,1,3,2,3,2,2,1
2616,0,5,6,4,1,16,13,1,3,4,8,1,2,2,1,0,2,1,1,3,2,3,3,2,1
11783,1,6,7,4,1,14,13,1,4,4,8,7,2,2,1,0,8,3,1,1,2,3,2,2,1
480,1,5,7,4,3,17,15,1,2,1,5,1,2,3,4,0,1,2,1,1,2,3,2,4,1
13938,0,10,1,4,4,23,13,2,7,1,8,1,3,3,4,0,2,3,1,3,2,3,2,2,1
33402,0,8,7,3,5,12,1,1,4,1,6,1,3,2,1,0,1,3,1,1,2,3,2,2,1
9984,0,8,7,4,1,2,13,2,7,3,9,8,2,2,1,0,6,3,1,1,3,3,2,2,1
6050,0,12,2,4,1,15,13,1,4,4,4,1,2,2,1,0,4,1,1,1,2,3,2,3,1
17915,1,7,7,4,1,12,8,1,7,4,7,8,2,2,1,0,1,3,1,1,2,3,2,2,1
13086,0,9,1,4,1,13,13,1,7,4,10,1,2,2,1,0,2,1,1,2,2,4,2,2,1
12357,0,5,5,4,1,19,13,1,4,3,5,8,2,2,1,0,1,2,1,1,3,3,2,2,1
27581,0,3,4,4,1,21,21,3,2,5,5,1,2,2,1,0,1,1,1,1,2,3,2,2,1
3438,1,8,7,4,1,15,2,1,7,1,9,8,2,3,4,0,1,3,1,1,4,3,2,2,1
29937,0,5,2,3,1,17,18,1,7,5,5,7,2,2,1,0,1,1,1,1,2,5,2,5,1
13328,0,7,6,3,4,20,13,1,7,1,6,8,2,3,4,0,1,3,1,1,4,3,2,2,1
109,0,3,3,4,5,18,15,2,4,1,1,8,2,3,4,0,1,3,1,1,3,3,2,2,1
33244,1,9,7,1,1,18,13,1,4,1,5,8,2,3,4,0,3,3,1,2,2,5,2,3,1
31929,1,6,3,2,1,15,13,1,2,4,8,8,2,2,1,0,8,1,1,1,1,1,1,1,1
11030,0,1,3,3,5,15,1,1,2,1,3,1,2,2,1,0,1,3,1,1,2,3,2,2,1
10163,0,10,4,2,1,11,15,1,7,3,4,8,2,2,1,0,1,1,1,1,4,3,2,2,1
23141,0,9,7,4,5,11,1,1,7,1,5,8,2,3,4,0,1,2,1,1,4,3,2,2,1
7027,1,4,2,4,1,24,2,2,7,1,8,1,2,2,1,0,1,3,1,1,2,3,2,2,1
382,0,11,1,4,1,11,1,1,7,1,2,8,2,2,1,0,1,1,1,1,3,3,2,2,1
18719,1,8,4,4,1,15,13,1,7,2,6,1,2,2,1,0,1,2,1,1,2,3,2,2,1
111,1,7,1,4,1,14,13,1,7,2,1,1,3,2,1,0,1,3,1,1,2,5,2,4,1
30448,0,6,4,2,1,11,18,1,8,6,10,5,2,2,1,0,3,4,2,2,2,3,2,2,1
17369,0,4,6,4,1,2,7,2,4,2,5,8,2,2,1,0,3,2,1,1,2,3,2,2,1
15121,1,6,7,4,1,21,13,3,10,4,10,1,2,2,1,0,2,1,1,3,2,3,2,2,1
25743,0,7,3,4,1,18,13,3,7,4,12,1,3,2,1,0,2,3,1,2,2,3,2,4,1
11879,0,6,7,4,5,3,1,2,10,1,6,1,2,3,3,0,1,3,1,1,2,5,2,3,1
15062,0,4,1,4,1,23,13,3,4,2,6,1,2,2,1,0,1,1,1,1,2,4,2,4,1
18171,0,5,6,4,1,12,13,1,4,3,6,1,2,2,1,0,2,1,1,2,2,7,2,4,1
8724,1,9,6,4,1,17,13,1,10,4,7,8,3,2,1,0,2,3,1,3,4,3,2,2,1
5692,0,4,3,4,1,8,13,1,2,4,9,1,2,2,1,0,8,1,1,1,2,3,2,2,1
919,1,4,7,4,1,3,15,3,2,1,8,1,2,3,4,0,1,3,1,1,2,3,2,2,1
26615,1,6,7,4,1,16,12,1,4,5,6,1,2,2,1,0,8,2,1,1,2,5,2,2,1
29520,0,4,1,2,1,12,13,1,7,4,8,5,2,2,1,0,2,3,1,2,2,3,2,2,1
5870,1,9,2,4,5,16,12,1,7,1,8,8,2,3,4,0,1,3,1,1,3,3,2,2,1
16316,1,9,7,4,5,17,13,1,7,1,7,7,2,3,4,0,1,3,1,1,2,3,2,3,1
15986,1,7,2,4,1,17,13,1,2,2,10,1,2,2,1,0,1,1,1,1,2,3,2,6,1
3636,0,8,1,4,5,12,11,1,7,1,5,8,2,3,4,0,1,3,1,1,3,3,2,2,1
15207,1,6,6,4,1,13,13,1,4,2,6,8,3,2,1,0,1,1,1,1,4,3,2,4,1
29881,0,4,2,4,5,21,1,3,8,1,6,1,2,2,1,0,1,3,1,1,2,5,2,4,1
24773,0,5,3,2,5,18,1,1,10,1,4,1,2,3,3,0,1,2,1,1,2,4,2,3,1
12403,0,9,1,4,1,14,13,1,8,4,7,8,2,2,1,0,1,2,1,1,4,3,2,2,1
8024,1,8,2,4,1,9,21,1,2,4,8,1,2,2,1,0,8,1,1,1,2,3,2,3,1
10491,1,3,3,4,1,22,13,3,4,4,5,1,2,2,1,0,8,2,1,1,2,3,2,3,1
3799,0,4,7,4,1,18,13,1,10,4,9,3,3,2,1,0,8,1,1,1,2,3,2,4,1
5535,0,5,4,3,1,5,7,4,7,2,7,1,2,2,1,0,1,2,1,1,2,6,2,4,1
17474,0,8,7,4,1,16,10,1,2,1,11,8,2,3,6,0,1,2,1,1,4,3,2,2,1
30790,0,5,5,2,1,7,18,1,7,5,9,7,2,2,1,0,1,3,1,1,2,5,2,4,1
35274,0,7,7,2,5,14,1,1,7,1,5,8,2,3,2,0,1,1,1,1,4,3,2,2,1
16237,1,10,2,4,1,9,13,1,8,3,4,8,2,2,1,0,2,3,1,3,2,3,2,2,1
31114,0,9,1,2,1,11,1,1,7,1,5,2,2,2,1,0,1,1,1,1,5,4,2,4,1
13241,0,6,1,4,1,22,13,3,2,4,9,1,2,2,1,0,8,1,1,1,2,5,2,2,1
36029,1,7,2,3,5,20,1,1,7,1,4,8,2,3,4,0,1,3,1,1,4,3,2,2,1
13037,0,6,2,4,1,18,18,1,2,4,8,1,2,2,1,0,2,1,1,3,2,3,2,2,1
17865,0,2,4,4,5,22,13,3,4,1,8,8,2,3,4,0,1,1,1,1,5,4,2,3,1
1393,0,12,7,4,1,12,13,1,7,4,11,1,3,2,1,0,2,3,1,2,2,3,2,3,1
19752,1,4,7,4,1,13,13,1,2,3,7,7,2,2,1,0,1,1,1,1,2,3,2,2,1
18228,1,7,6,4,1,15,12,1,7,6,6,8,2,2,1,0,1,1,1,1,4,3,2,2,1
24826,0,9,7,2,1,17,21,1,7,4,7,1,2,2,1,0,8,2,1,1,2,3,2,2,1
23874,1,5,2,4,1,21,13,1,10,4,6,1,2,2,1,0,2,3,1,3,2,4,2,3,1
23825,0,7,6,2,1,5,7,1,3,2,4,1,2,2,1,1,5,2,1,1,2,3,2,7,1
12123,0,10,1,4,3,23,13,2,7,1,10,8,2,3,4,0,1,3,1,1,4,4,2,3,1
22764,0,6,6,2,1,20,19,2,7,6,12,8,2,2,1,0,3,2,1,2,2,3,2,2,1
31080,0,5,1,4,5,18,1,1,3,1,5,8,2,3,2,0,1,1,1,1,4,3,2,2,1
33799,0,7,7,4,5,18,1,3,4,1,12,1,2,2,1,0,8,4,1,1,2,6,3,5,1
17457,1,4,3,4,3,20,13,5,10,1,6,1,2,3,4,0,1,2,2,1,2,5,2,2,1
10544,1,8,5,3,1,8,13,1,7,4,7,1,2,2,1,0,1,2,1,1,2,3,2,3,1
11290,0,5,2,4,1,20,13,2,4,4,9,1,2,2,1,1,3,1,1,3,2,3,2,3,1
18521,1,5,5,4,1,17,13,1,10,4,4,7,2,2,1,0,2,3,1,3,2,5,2,3,1
8079,1,6,6,4,1,16,13,1,4,4,9,1,2,2,1,0,8,1,1,1,2,3,2,2,1
29369,0,4,3,2,1,18,3,3,7,5,11,8,2,2,1,0,3,4,1,2,2,3,2,2,1
11082,1,9,6,4,1,18,21,1,7,4,3,1,2,2,1,0,2,3,1,3,2,4,2,4,1
6812,1,3,5,4,1,22,13,3,4,4,8,1,2,2,1,0,2,3,1,3,2,3,2,2,1
1228,1,6,5,3,5,21,1,3,2,1,7,1,2,2,1,0,1,3,1,1,2,3,2,2,1
26941,0,9,7,4,1,11,13,1,7,4,6,7,2,2,1,0,8,1,1,1,2,3,2,2,1
11979,1,6,5,4,1,22,13,3,10,3,7,1,2,2,1,0,1,3,1,1,2,3,2,2,1
31766,0,5,6,4,5,2,1,3,8,1,10,1,2,3,4,0,1,4,1,1,2,5,2,2,1
29452,0,11,7,2,1,14,7,1,7,2,8,2,2,2,1,0,1,4,1,1,2,5,2,2,1
5944,1,4,5,4,1,23,1,3,7,1,9,1,3,2,1,0,2,3,1,2,2,3,2,2,1
16021,1,9,7,4,1,11,13,1,7,2,3,1,2,2,1,0,3,3,2,1,2,3,2,3,1
30625,0,6,6,4,1,21,22,2,7,5,5,1,2,2,1,0,1,3,1,1,2,3,2,3,1
2014,1,3,3,4,5,14,13,1,4,1,8,1,2,3,4,0,1,3,1,1,2,3,2,2,1
32477,0,4,5,3,5,19,1,5,10,1,5,8,3,2,1,0,14,4,1,1,3,2,2,7,1
13532,1,5,5,4,1,18,13,1,7,4,7,1,2,2,1,0,2,3,1,3,2,5,2,2,1
1165,0,3,1,4,5,6,1,4,8,1,6,8,2,3,4,0,1,3,1,1,4,3,2,2,1
11969,1,6,3,4,1,14,13,1,10,1,5,8,2,3,4,0,1,3,2,1,3,3,2,2,1
1710,1,7,1,4,1,16,2,1,7,1,6,1,2,3,4,0,1,3,1,1,2,3,2,2,1
12896,0,6,7,4,1,13,13,1,7,2,8,1,2,2,1,0,1,3,2,1,2,5,2,3,1
11439,0,6,1,4,1,24,7,3,4,2,12,5,2,2,1,0,2,1,1,2,2,4,2,3,1
18425,0,4,3,4,1,19,15,5,4,1,8,7,2,3,4,0,1,1,1,1,4,5,2,2,1
30571,0,3,3,4,1,18,1,1,7,1,6,1,2,2,1,0,1,3,1,1,2,5,2,2,1
17265,1,5,1,4,1,17,13,1,2,2,4,7,2,2,1,0,1,2,2,1,2,5,2,4,1
15937,1,7,7,4,5,22,1,3,7,1,6,1,2,3,4,0,1,3,1,1,2,3,2,4,1
17792,0,7,7,4,1,20,13,3,10,2,5,7,2,2,1,0,1,1,1,1,2,4,2,4,1
2170,0,10,7,3,4,12,13,1,8,1,10,8,2,3,4,0,1,3,1,1,4,3,2,2,1
13064,1,4,2,4,1,16,13,1,2,4,8,1,2,2,1,1,5,1,2,1,2,3,2,3,1
28334,1,8,6,4,1,23,21,3,8,4,6,1,2,2,1,0,2,1,1,3,2,3,2,3,1
2015,1,10,5,4,5,16,3,1,2,1,8,8,2,3,4,0,1,3,2,1,4,3,2,2,1
35918,0,7,7,3,1,23,11,3,7,4,5,1,2,2,1,0,2,2,1,2,2,3,2,2,1
22143,0,5,4,4,1,14,13,1,7,4,11,7,2,2,1,0,2,2,1,3,2,3,2,2,1
2928,1,6,1,4,3,16,15,1,7,1,4,8,2,3,8,1,5,1,1,1,3,2,2,7,1
33854,0,4,7,4,5,2,1,3,2,1,7,8,2,2,1,1,12,4,1,1,4,6,2,4,1
30510,0,11,5,2,5,8,1,1,2,1,7,1,2,2,1,0,1,3,1,1,2,3,2,3,1
11130,1,7,2,4,1,16,13,1,4,4,3,8,2,2,1,0,2,3,1,3,2,3,2,2,1
34661,0,4,1,4,1,1,7,2,1,2,9,1,2,2,1,0,1,4,1,1,2,3,2,4,1
33166,1,10,1,4,1,16,13,1,4,4,2,1,2,2,1,0,1,1,1,1,2,3,2,2,1
34572,0,4,3,3,3,24,13,3,4,1,7,1,2,3,4,0,1,4,1,1,2,3,2,2,1
24009,0,7,7,2,1,19,13,3,7,4,12,1,2,2,1,0,2,3,2,5,2,3,2,2,1
9197,1,7,5,4,5,1,1,3,1,1,3,1,3,2,1,0,1,1,1,1,2,4,2,4,1
8693,0,5,4,4,1,12,2,1,4,5,5,7,2,2,1,0,1,3,1,1,4,5,2,2,1
23350,0,8,3,2,1,16,7,1,7,2,6,5,2,2,1,0,1,3,1,1,2,4,2,4,1
12956,1,7,6,4,1,21,13,3,8,4,5,8,2,2,1,0,2,1,1,2,2,3,2,2,1
22920,0,6,1,2,1,11,7,1,7,2,5,1,2,2,1,0,1,3,1,1,2,3,2,4,1
7533,1,4,6,4,1,18,13,1,7,4,5,1,2,2,1,0,2,1,1,3,2,3,2,2,1
6172,1,4,1,4,5,19,1,1,2,2,6,1,2,2,1,0,1,1,1,1,2,3,2,4,1
28376,1,2,1,4,5,9,1,1,8,1,10,1,2,3,3,0,1,1,1,1,2,3,2,3,1
18463,0,7,7,4,5,21,13,2,7,1,10,8,2,3,4,0,1,3,1,1,5,3,2,2,1
10365,0,6,6,4,1,20,1,3,2,1,1,1,2,2,1,0,1,2,1,1,2,5,2,5,1
33710,0,4,5,4,1,24,21,3,10,5,10,1,2,2,1,1,14,1,1,1,2,3,2,7,1
20845,1,6,2,4,5,15,1,1,4,1,4,8,2,3,4,0,1,1,1,1,4,5,2,4,1
4828,0,3,5,4,2,23,7,3,4,1,7,8,2,3,4,0,8,1,1,1,4,3,2,2,1
7579,0,8,7,4,1,12,13,1,7,3,12,8,2,2,1,0,1,1,1,1,3,3,2,2,1
22070,0,8,4,2,5,19,1,1,7,1,9,8,3,3,3,0,1,1,1,1,5,3,2,4,1
11358,1,5,7,4,1,2,13,3,2,1,7,8,2,3,4,0,1,3,1,1,3,3,2,2,1
8721,1,7,7,4,1,16,3,1,8,4,6,8,2,2,1,0,2,1,1,4,3,3,2,2,1
22877,1,8,7,4,5,16,1,1,7,1,9,8,2,2,1,1,5,3,1,1,3,2,2,7,1
15358,1,5,7,4,1,20,7,6,10,2,11,1,2,2,1,0,3,3,1,3,2,3,2,2,1
10327,0,8,4,4,4,24,21,2,7,1,8,8,2,3,4,0,1,3,1,1,4,3,2,2,1
12187,0,10,7,3,4,12,13,1,8,1,10,8,2,3,4,0,1,3,1,1,4,3,2,2,1
1372,1,8,7,4,1,24,4,3,2,4,11,8,2,2,1,0,2,3,1,2,2,3,2,3,1
586,1,5,3,4,1,19,1,1,7,1,7,1,2,2,1,0,2,1,1,3,2,5,2,5,1
5218,1,9,7,4,1,11,18,1,7,6,9,8,2,2,1,0,1,1,1,1,3,3,2,2,1
22875,1,5,3,1,1,13,13,1,10,2,9,2,2,2,1,0,1,3,1,1,2,5,2,4,1
28842,0,4,3,4,1,18,4,1,2,5,8,8,2,2,1,0,2,1,1,6,4,3,2,4,1
25975,0,7,7,4,1,20,13,3,8,2,10,1,2,2,1,0,8,2,2,1,2,6,3,2,1
17674,1,4,5,4,5,19,1,2,2,1,10,1,2,3,4,0,1,1,1,1,2,3,2,2,1
18153,0,4,6,4,1,21,4,2,8,3,5,1,2,2,1,0,1,1,1,1,2,3,2,2,1
22020,0,2,6,4,3,12,9,1,10,1,10,6,3,3,3,0,1,1,1,1,2,4,2,4,1
14311,1,10,2,2,1,10,13,1,10,4,6,1,2,2,1,1,2,3,1,2,2,5,2,3,1
30355,0,9,4,3,5,7,1,1,8,1,6,1,2,2,1,0,1,4,1,1,2,6,2,6,1
743,1,10,3,4,4,7,13,1,7,1,11,8,2,3,3,0,1,1,1,1,4,4,2,4,1
12753,0,7,7,3,5,24,1,2,7,1,9,8,3,3,4,0,1,1,1,1,3,3,2,2,1
12533,0,3,3,4,1,7,13,1,2,3,4,1,2,2,1,0,2,1,1,3,2,3,2,2,1