id,Severity,age_classes,day_week,DEFORMED_classes,m_harm_classes,hour,impact1_classes,lgt_cond,make,man_coll,month,p_crash1,pcrash4,pcrash5,rel_road,reljct1,reljct2,rest_use,sex,typ_int,valign,vnum_lan,vsurcond,vtrafway,weather_classes
7303,0,6,1,4,1,1,21,2,4,5,6,1,2,2,1,0,1,1,1,1,2,4,2,4,1
14963,0,4,7,4,1,22,13,3,4,4,7,1,2,2,1,0,2,3,1,2,2,3,2,2,1
28807,0,7,6,4,1,12,7,1,2,2,8,5,2,2,1,1,5,1,1,1,2,2,2,7,1
20837,1,7,4,2,1,22,13,2,7,2,4,8,2,2,1,0,4,1,2,1,2,5,2,2,1
1093,0,3,5,4,1,23,13,2,10,2,4,1,2,2,1,0,1,1,1,1,2,4,2,4,1
6307,1,4,1,4,1,19,13,1,4,4,3,7,2,2,1,0,8,3,1,1,2,3,2,2,1
4998,0,7,3,4,5,8,1,1,7,1,7,1,3,2,1,0,8,3,1,1,2,3,2,2,1
17203,1,4,1,3,1,11,13,1,8,4,11,1,2,2,1,0,2,1,1,2,2,3,2,3,1
24021,1,6,2,1,4,18,10,1,7,1,5,8,2,3,4,0,1,1,1,1,4,3,2,2,1
35869,0,11,5,4,1,15,1,1,7,4,2,1,2,2,1,0,2,1,1,3,2,3,2,2,1
10644,1,3,6,3,1,22,1,3,4,1,9,1,3,2,1,0,8,2,1,1,2,3,2,2,1
2237,1,8,3,4,1,14,13,1,10,4,5,1,2,2,1,0,4,2,1,1,2,3,2,2,1
16140,1,7,2,4,1,16,13,1,4,4,3,8,2,2,1,0,2,3,1,3,2,3,2,2,1
9397,1,8,7,2,1,11,1,1,7,1,4,1,3,2,1,0,1,1,1,1,2,5,2,2,1
20713,0,10,5,2,1,22,18,2,7,4,6,8,2,2,1,0,8,2,1,1,2,3,2,2,1
13408,0,5,7,3,1,3,13,3,7,2,8,1,2,2,1,0,1,3,1,1,2,3,2,2,1
36214,1,8,2,4,1,14,23,1,4,5,4,7,2,2,1,0,1,3,1,1,2,3,2,4,1
2231,0,8,7,4,1,20,13,2,10,3,5,8,2,2,1,0,1,2,1,1,3,3,2,2,1
15483,0,8,1,4,1,14,13,1,7,3,4,8,2,2,1,0,1,1,1,1,3,3,2,2,1
7427,0,10,1,4,1,12,13,1,7,2,8,1,2,2,1,0,3,2,1,3,2,3,2,2,1
4836,0,4,6,4,1,15,13,1,4,4,8,1,2,2,1,0,2,1,1,2,2,5,2,5,1
24980,0,2,2,4,5,8,1,1,2,1,4,2,2,2,1,0,3,1,1,3,2,3,2,2,1
11331,0,6,3,4,1,7,13,1,2,1,9,1,2,2,1,0,1,1,1,1,2,3,2,2,1
24628,1,4,1,4,1,17,13,1,2,4,5,8,2,2,1,0,1,3,1,1,4,5,3,2,1
30506,0,7,3,2,5,18,1,1,7,1,6,1,3,3,2,0,1,4,1,1,2,4,2,4,1
29448,1,7,6,3,1,18,18,1,7,7,8,2,2,2,1,0,1,4,1,1,2,4,2,4,1
1511,1,7,6,4,1,20,13,1,4,1,5,1,2,2,1,0,1,1,1,1,2,3,2,4,1
19070,1,10,1,4,1,16,12,1,7,4,7,1,2,2,1,0,1,1,1,1,2,3,3,2,1
16487,0,6,1,4,1,20,13,3,7,2,10,1,2,3,2,0,1,3,1,1,2,4,2,4,1
21069,0,6,5,4,5,12,1,1,8,1,4,1,3,2,1,0,8,3,1,1,2,3,2,2,1
12234,0,6,4,4,1,3,13,3,7,1,9,8,2,3,6,0,2,2,1,2,3,3,2,2,1
3376,0,8,6,4,1,1,13,3,7,3,7,8,2,2,1,1,12,3,1,1,3,5,2,4,1
13590,0,9,6,2,5,16,1,1,8,1,3,1,2,3,3,0,1,1,1,1,2,3,3,3,1
2706,0,8,6,3,5,16,13,1,10,1,2,8,3,3,4,0,1,1,1,1,3,3,2,2,1
19033,0,7,1,4,5,16,1,1,10,1,5,8,2,3,4,0,1,1,1,1,3,3,2,4,1
27393,0,5,6,3,5,12,1,1,2,1,4,1,2,2,1,0,1,2,1,1,2,3,10,2,1
17500,1,10,4,4,1,10,13,1,2,4,7,1,2,2,1,0,1,2,1,1,2,3,2,2,1
27179,0,8,1,4,1,17,13,1,7,4,3,1,2,2,1,0,2,2,1,2,2,3,2,4,1
13299,1,10,1,4,1,18,4,1,10,1,4,1,3,3,4,0,1,1,1,1,2,3,2,2,1
23972,0,9,3,4,1,12,13,1,7,2,9,1,2,2,1,0,1,1,1,1,2,6,2,4,1
1077,1,4,7,4,1,14,13,1,4,2,3,1,2,2,1,0,2,3,1,3,2,3,2,2,1
2827,1,6,2,3,1,20,13,2,2,1,8,7,3,3,1,0,1,1,1,1,3,3,2,3,1
30791,0,5,5,2,1,7,18,1,7,5,9,1,2,2,1,0,1,3,1,1,2,5,2,4,1
17166,0,7,2,3,1,12,7,1,7,7,5,1,3,2,1,0,2,1,1,2,2,3,2,2,1
5503,0,10,4,4,5,10,1,1,10,1,5,1,3,2,1,0,1,2,1,1,2,3,2,2,1
13410,0,6,6,4,1,23,13,3,4,1,8,8,3,3,5,0,1,3,1,1,5,5,2,2,1
13558,1,7,6,4,2,16,13,1,10,1,10,8,2,3,4,0,1,3,1,1,4,3,2,2,1
581,0,12,7,3,1,15,13,1,2,1,7,8,2,3,4,0,1,1,1,1,4,2,2,3,1
23657,0,7,5,2,1,9,4,1,7,5,2,1,2,2,1,0,1,1,1,1,2,7,2,4,1
2373,0,7,3,4,2,6,13,2,2,1,7,1,2,2,1,0,1,2,1,1,2,3,2,2,1
406,0,4,5,4,5,23,15,3,4,1,3,8,2,3,4,0,1,2,1,1,4,3,2,5,1
10628,1,6,1,4,1,1,13,2,4,2,8,1,2,2,1,0,1,2,1,1,2,6,2,4,1
19119,0,8,6,4,5,24,1,2,7,1,11,1,3,5,1,0,1,2,1,1,2,3,2,2,1
23842,0,4,1,2,4,2,13,2,2,1,6,8,3,3,4,0,1,2,1,1,4,3,2,2,1
18970,1,3,7,4,1,24,7,2,4,2,10,1,2,2,1,0,1,3,1,1,2,3,2,2,1
28676,0,3,4,2,1,24,13,3,4,4,6,1,2,2,1,0,2,1,1,2,2,5,2,5,1
16104,1,4,7,4,1,14,13,1,4,2,3,1,2,2,1,0,2,3,1,3,2,3,2,2,1
31755,0,10,5,2,1,6,4,4,2,4,9,8,2,2,1,0,2,4,1,6,4,2,2,4,1
34806,1,8,1,4,5,17,1,1,7,1,5,7,3,3,2,0,1,1,2,1,3,5,2,4,1
18638,0,8,5,4,1,5,13,2,8,4,2,1,3,2,1,0,1,1,1,1,2,5,2,3,1
18356,1,6,6,4,5,22,13,2,7,1,7,1,2,3,4,0,1,3,1,1,2,3,2,2,1
8504,1,5,5,4,1,17,13,1,10,4,4,7,2,2,1,0,2,3,1,3,2,5,2,3,1
20877,0,6,1,3,5,13,1,1,10,1,7,8,2,3,4,0,1,1,1,1,4,3,2,2,1
30988,0,3,3,3,1,22,7,3,10,2,6,1,3,2,1,0,3,3,1,3,2,3,2,2,1
3202,1,7,6,4,1,15,12,1,7,6,6,8,2,2,1,0,1,1,1,1,4,3,2,2,1
15466,0,4,3,4,1,9,1,1,2,1,5,1,3,2,1,0,2,2,1,3,2,3,2,3,1
17122,0,10,4,3,1,17,13,1,7,4,9,1,3,2,1,0,8,1,1,1,2,5,2,2,1
8014,1,6,2,4,1,20,13,3,2,4,7,1,2,2,1,0,2,1,1,2,2,5,2,2,1
26705,0,4,6,3,5,8,1,1,7,1,5,8,3,2,1,0,3,2,1,2,2,4,2,4,1
31259,0,10,4,3,1,16,3,1,8,5,4,7,2,2,1,0,1,4,1,1,2,3,2,2,1
19612,0,8,5,4,1,17,13,1,7,3,10,1,2,2,1,0,1,2,2,1,2,3,2,2,1
22405,1,4,2,4,1,12,2,1,2,4,12,8,2,2,1,1,8,1,1,1,2,4,2,3,1
28414,0,4,6,2,5,12,1,1,6,1,4,8,2,3,4,0,1,1,1,1,3,3,2,3,1
6823,1,3,3,4,5,20,15,2,4,1,10,8,3,3,5,0,1,1,1,1,3,3,2,2,1
21658,0,4,3,4,1,17,13,1,4,4,9,1,2,2,1,0,2,2,1,2,2,5,2,2,1
20628,1,5,1,3,5,8,1,6,6,1,10,1,2,2,1,0,1,1,1,1,2,2,7,6,1
11749,1,9,2,4,1,23,3,2,7,1,8,1,3,3,3,0,2,3,1,2,2,3,2,4,1
870,1,9,4,4,5,11,1,1,7,1,8,2,3,2,1,0,1,3,1,1,3,3,2,2,1
30845,0,7,1,1,1,20,1,3,7,1,9,8,2,6,1,0,8,1,1,1,1,1,1,1,1
2589,0,7,1,4,1,16,7,1,7,2,5,7,2,2,1,0,1,2,1,1,4,6,2,4,1
26148,0,4,1,4,5,14,1,1,4,1,1,8,2,2,1,0,1,1,1,1,4,3,2,2,1
6949,0,5,7,4,1,19,13,2,10,4,11,1,2,2,1,0,2,2,1,2,2,4,2,2,1
1037,1,8,1,4,5,21,12,3,7,4,4,1,2,2,1,0,2,3,1,2,2,6,2,5,1
11551,0,7,4,4,5,6,13,1,2,1,6,8,2,3,5,0,1,1,1,1,3,3,2,2,1
34241,0,5,4,2,1,21,21,3,8,4,6,1,2,2,1,0,3,3,1,3,2,3,2,2,1
8253,0,7,3,3,1,18,10,1,7,6,10,8,2,2,1,0,1,1,1,1,4,3,2,2,1
33575,0,11,5,4,5,12,1,1,2,1,3,1,2,2,1,0,1,3,1,1,2,6,2,5,1
29989,1,9,5,4,4,14,13,1,7,1,3,8,2,3,4,0,1,4,1,1,4,4,2,2,1
19535,0,9,5,2,1,21,13,2,7,2,10,1,2,2,1,0,1,3,1,1,2,5,2,2,1
31433,1,2,7,4,1,24,13,3,8,4,6,1,2,2,1,0,8,1,1,1,2,3,2,3,1
10766,0,3,6,4,1,22,15,3,2,1,11,7,3,3,4,0,3,1,1,3,2,3,2,2,1
11227,1,10,2,4,1,9,13,1,8,3,4,8,2,2,1,0,2,3,1,3,2,3,2,2,1
10248,1,4,7,4,1,12,15,1,2,1,9,2,3,2,1,0,1,3,1,1,2,5,2,4,1
22659,1,4,3,3,1,12,13,1,7,4,8,8,2,2,1,0,2,2,1,2,2,5,2,2,1
25126,1,9,2,4,4,17,11,2,3,1,11,8,2,3,4,0,1,1,1,1,4,3,2,2,1
5302,1,9,7,4,1,16,13,1,7,4,6,8,2,2,1,0,1,2,1,1,4,5,2,3,1
14746,1,6,1,4,1,11,13,1,10,3,7,8,2,2,1,0,1,1,1,1,4,4,2,2,1
33908,1,4,1,4,1,21,13,3,8,4,9,1,2,2,1,0,2,4,1,2,2,5,2,2,1
8979,0,8,6,2,1,17,7,1,7,2,8,8,2,2,1,0,2,3,1,3,2,3,2,2,1
23026,0,3,3,3,5,14,1,1,4,1,9,2,2,2,1,0,3,2,1,2,2,3,2,2,1
166,1,7,7,4,5,13,1,1,7,1,5,1,3,3,2,0,1,3,1,1,2,8,2,4,1
29797,1,3,7,2,1,10,13,1,2,2,4,5,2,2,1,0,1,1,1,1,2,3,3,2,1
19106,1,8,5,4,1,17,10,1,8,5,9,1,2,2,1,0,2,1,1,2,2,3,2,3,1
7357,0,5,7,4,1,16,13,1,4,4,5,1,2,2,1,0,2,2,1,2,2,5,2,5,1
34352,0,8,6,2,1,18,1,1,7,1,8,1,2,2,1,0,2,4,1,2,2,6,2,2,1
8382,0,5,4,4,1,20,11,5,7,1,8,8,3,3,4,0,1,3,1,1,5,3,2,2,1
1376,1,8,6,4,1,14,13,1,3,4,10,1,2,2,1,0,2,3,1,2,2,3,2,2,1
28582,0,8,6,3,1,21,13,3,7,1,8,1,2,2,1,0,1,3,1,1,2,3,2,2,1
2011,1,3,3,4,1,15,13,1,4,4,7,1,2,2,1,0,2,3,1,3,2,3,2,2,1
36327,0,8,4,3,1,17,13,1,10,2,8,1,2,2,1,0,3,1,1,3,2,4,2,5,1
28457,0,3,7,2,1,22,10,2,8,6,6,1,2,2,1,0,2,1,1,3,2,3,2,2,1
36096,1,12,5,4,1,15,13,1,1,4,9,1,2,2,1,0,2,4,1,3,2,7,2,3,1
238,1,11,4,4,5,9,1,1,7,1,10,8,2,3,4,0,1,1,1,1,4,3,2,2,1
17776,1,7,1,4,1,19,13,5,7,1,7,1,2,4,4,0,2,3,1,3,2,3,2,2,1
29740,0,7,1,4,5,2,1,3,7,1,6,2,2,2,1,0,3,1,1,2,2,3,2,2,1
27171,0,8,6,2,5,16,1,5,7,1,12,7,2,2,1,0,1,3,1,1,2,3,3,3,1
13712,0,5,7,4,1,24,16,2,10,1,6,8,2,3,5,0,1,1,1,1,4,3,2,2,1
18359,1,9,7,3,5,18,4,1,10,1,7,1,2,3,3,0,1,3,1,1,2,3,2,3,1
10110,1,9,7,4,1,19,13,1,3,4,6,7,2,2,1,0,1,1,1,1,2,3,2,2,1
13349,1,6,2,3,1,21,13,1,4,1,7,1,2,3,7,0,3,3,1,3,2,3,2,2,1
6670,0,9,1,4,2,2,13,2,2,1,9,1,2,3,4,0,1,3,1,1,2,3,2,4,1
310,1,3,3,3,5,24,2,6,8,1,8,1,2,3,3,0,1,3,1,1,2,3,2,4,1
31674,0,9,5,4,1,5,13,1,7,4,6,7,3,2,1,0,1,4,1,1,2,4,2,4,1
27748,1,8,6,4,1,7,13,1,2,1,6,1,2,2,1,0,1,2,1,1,2,3,2,2,1
8364,1,11,1,2,1,20,2,1,10,6,7,8,2,2,1,0,1,3,1,1,3,3,2,2,1
22679,0,7,6,2,1,19,22,3,6,5,2,1,2,2,1,0,1,3,1,1,2,4,2,4,1
2918,1,9,2,4,1,18,13,1,7,3,5,1,2,2,1,0,1,1,1,1,2,3,2,2,1
10862,0,8,1,2,5,22,1,2,7,1,7,8,3,5,1,0,1,3,1,1,4,3,2,2,1
18130,0,8,1,4,2,16,13,1,10,1,2,8,2,3,4,0,1,1,1,1,3,3,2,2,1
3098,1,7,6,4,1,17,13,5,2,4,1,1,2,2,1,0,2,1,1,2,2,4,2,3,1
32762,0,3,7,4,1,20,13,3,4,4,5,1,2,2,1,0,8,1,1,1,2,3,2,3,1
18658,1,8,7,4,5,11,1,1,3,1,5,1,2,2,1,0,1,2,1,1,2,3,2,3,1
12068,1,12,7,2,5,18,1,1,2,1,5,8,3,2,1,0,5,1,1,1,2,2,2,7,1
20914,0,9,7,4,4,20,1,2,7,1,9,8,3,3,4,0,3,1,1,3,2,3,3,2,1
34702,0,4,3,4,1,8,13,1,4,2,5,1,2,2,1,0,1,4,1,1,2,7,2,4,1
30891,0,7,1,4,5,12,1,1,4,1,3,1,3,2,1,0,3,3,1,3,2,3,2,2,1
16822,1,4,3,4,5,16,1,1,8,1,9,1,3,2,1,0,1,3,1,1,2,3,2,2,1
32218,0,3,1,4,1,20,13,3,4,4,9,1,2,2,1,0,2,4,1,2,2,5,2,2,1
20387,0,9,5,4,1,13,13,1,7,2,6,1,2,2,1,0,3,2,1,7,2,3,2,4,1
13224,1,8,3,4,1,18,13,1,7,4,8,1,2,2,1,0,2,1,1,2,2,3,2,3,1
10757,1,8,6,4,1,15,13,1,8,4,12,1,2,2,1,0,2,2,2,2,2,4,2,3,1
9687,1,6,5,4,5,17,1,1,2,1,5,7,3,3,4,0,1,1,1,1,4,3,2,2,1
1990,1,7,7,4,1,19,13,3,7,2,1,1,2,2,1,0,3,3,1,3,2,3,2,3,1
5880,1,11,7,2,5,12,1,1,7,1,8,2,3,3,4,0,8,3,1,1,2,3,2,2,1
16254,1,8,5,4,1,15,13,1,7,3,5,1,2,2,1,0,2,3,1,2,2,3,2,2,1
5260,0,7,7,4,1,13,7,1,10,2,11,2,2,2,1,0,1,3,1,1,2,5,2,5,1
6450,0,6,4,4,1,17,13,1,4,4,10,1,2,2,1,0,2,3,1,2,2,4,2,3,1
2625,0,8,5,4,1,13,1,1,2,1,9,7,3,2,1,0,1,1,1,1,2,3,2,2,1
895,0,8,3,4,1,17,13,5,8,3,3,1,2,2,1,0,1,1,1,1,5,3,2,2,1
31181,1,8,1,4,1,17,13,5,2,1,10,8,2,2,1,0,1,1,1,1,4,3,2,2,1
23403,0,9,1,2,1,16,13,1,4,4,5,1,2,2,1,0,8,2,1,1,2,5,2,5,1
6381,1,8,7,4,1,24,4,3,2,4,11,8,2,2,1,0,2,3,1,2,2,3,2,3,1
774,0,6,4,4,1,18,13,3,7,4,11,1,2,2,1,0,2,2,1,2,2,4,2,3,1
7615,1,8,5,4,5,12,1,1,7,1,7,8,2,2,1,1,5,1,2,1,3,3,2,7,1
367,1,5,3,4,1,5,13,2,10,2,2,1,2,2,1,0,1,1,1,1,2,4,2,4,1
17591,0,9,4,4,1,18,10,2,10,4,10,1,2,2,1,0,2,1,1,3,2,3,2,3,1
1938,1,7,7,4,1,18,13,1,8,1,10,8,2,3,4,0,1,1,1,1,4,3,2,2,1
13970,0,3,7,4,1,1,7,2,2,2,10,1,2,2,1,0,1,3,2,1,2,3,2,3,1
35820,0,9,7,4,1,11,13,1,7,2,10,1,2,2,1,0,1,3,1,1,2,4,2,4,1
7398,1,9,6,2,1,10,13,1,7,2,8,1,2,2,1,1,12,2,1,1,2,4,2,4,1
32776,1,5,7,4,1,22,13,3,4,4,6,1,2,2,1,0,2,4,1,3,2,5,2,2,1
1298,1,4,1,4,1,19,13,1,4,4,3,7,2,2,1,0,8,3,1,1,2,3,2,2,1
3172,0,8,3,4,1,7,13,1,7,3,7,8,2,2,1,0,1,1,1,1,3,3,2,2,1
8078,0,9,1,4,1,13,13,1,7,4,10,1,2,2,1,0,2,1,1,2,2,4,2,2,1
17109,1,5,6,4,4,17,13,1,4,1,8,1,3,3,4,0,1,3,1,1,2,3,2,2,1
267,1,5,1,4,1,17,13,1,7,4,2,1,2,2,1,0,8,3,2,1,2,5,2,2,1
11004,0,11,6,4,1,19,13,2,7,1,2,8,2,2,1,0,1,3,1,1,3,3,2,3,1
751,0,4,2,4,1,23,13,3,2,4,11,1,3,2,1,0,2,1,1,3,2,3,2,2,1
15372,0,7,5,4,1,18,13,3,7,4,1,1,2,2,1,0,2,2,1,3,2,5,2,5,1
10459,0,8,5,4,1,4,21,3,10,4,5,1,2,2,1,0,2,2,1,2,2,5,2,6,1
22339,0,12,7,3,1,8,13,1,2,2,7,5,2,2,1,0,8,1,1,1,2,3,2,4,1
450,1,3,7,4,5,16,1,1,8,1,4,8,2,3,8,0,1,2,1,1,4,4,2,4,1
10552,1,9,6,4,1,6,18,1,2,4,7,1,2,2,1,0,1,1,1,1,2,3,2,2,1
3595,1,8,6,3,5,12,15,1,7,1,6,1,2,2,1,0,1,1,1,1,2,3,2,4,1
9690,1,6,7,4,1,17,1,1,7,1,8,8,3,3,4,0,1,2,1,1,3,3,2,2,1
17475,1,6,6,4,1,15,13,1,2,3,8,1,2,2,1,0,8,2,1,1,2,7,2,5,1
12447,0,8,3,4,4,20,13,2,3,1,9,1,2,3,4,0,1,2,1,1,2,3,2,2,1
20876,0,6,6,1,5,13,1,1,7,1,7,1,2,2,1,0,8,1,1,1,2,5,2,3,1
12176,0,7,5,3,1,22,13,3,3,4,8,2,3,2,1,0,2,1,1,3,2,3,2,2,1
8816,0,8,5,4,1,15,13,1,10,4,10,1,2,2,1,0,2,2,1,2,2,3,2,2,1
34315,1,3,6,4,5,6,1,1,2,1,5,7,2,2,1,0,1,4,1,1,2,4,3,3,1
27861,1,4,1,3,3,20,13,2,10,1,6,8,2,3,3,0,1,2,1,1,3,3,2,3,1
16751,1,9,7,4,1,20,13,1,7,4,7,1,2,2,1,0,2,3,1,3,2,3,2,2,1
35702,0,3,7,4,5,18,1,1,10,1,4,7,2,2,1,0,1,1,1,1,2,6,2,4,1
6270,0,3,2,4,1,24,13,2,2,4,8,1,2,2,1,0,8,1,1,1,2,5,2,5,1
24333,1,3,6,3,1,22,12,3,10,4,8,1,2,2,1,0,8,3,1,1,2,5,2,2,1
30819,0,3,6,4,1,17,15,1,2,1,6,1,2,3,4,0,1,1,1,1,2,3,2,2,1
32448,0,4,1,2,1,18,12,5,10,5,6,1,3,2,1,0,1,4,1,1,2,5,2,2,1
10358,0,4,3,4,1,14,13,1,7,2,1,1,2,2,1,0,3,2,1,3,2,3,2,2,1
15427,0,4,6,4,1,3,13,2,10,2,3,1,2,2,1,0,1,2,1,1,2,8,2,4,1
20472,0,10,1,2,1,17,13,1,7,2,7,2,2,2,1,0,3,2,1,2,2,5,2,2,1
213,1,4,4,4,1,22,13,3,4,4,8,1,2,2,1,0,2,1,1,2,2,5,2,5,1
15383,0,6,2,4,1,10,13,1,1,3,1,8,2,2,1,0,3,1,1,4,4,3,3,2,1
1708,1,7,7,4,1,20,13,1,7,1,6,1,3,2,1,0,1,3,1,1,2,3,2,2,1
3774,0,4,3,4,1,17,12,1,4,6,8,1,3,2,1,0,1,1,1,1,2,3,2,2,1
12632,1,10,6,4,1,11,13,1,7,3,8,1,2,2,1,0,2,1,1,2,2,3,2,5,1
31923,0,5,3,4,5,12,1,1,7,1,8,1,2,2,1,0,3,3,1,3,2,5,2,5,1
19764,0,5,1,4,1,18,13,1,4,1,7,1,2,3,7,0,1,1,1,1,2,3,2,2,1
2621,0,10,4,4,1,17,1,1,7,1,8,8,2,2,1,0,1,1,1,1,3,3,2,2,1
6950,0,5,4,4,1,24,13,2,1,1,10,1,2,2,1,0,3,3,1,3,2,3,2,2,1
30687,1,7,7,4,1,15,13,1,7,2,5,1,3,2,1,0,8,3,1,1,2,3,2,2,1
1850,0,5,1,4,1,18,13,1,7,1,5,1,2,3,4,0,1,3,1,1,2,3,3,2,1
13969,0,8,5,4,1,19,13,2,7,3,11,8,2,2,1,0,1,3,1,1,4,3,2,2,1
34663,0,9,4,4,1,14,13,1,2,2,10,2,2,4,2,0,1,4,1,1,2,4,2,4,1
30130,1,7,7,2,1,17,13,1,4,2,9,2,2,2,1,0,3,3,2,2,2,5,2,2,1
1798,0,4,6,4,5,21,1,2,7,2,9,1,2,2,1,0,1,3,1,1,2,3,2,4,1
25056,0,2,6,3,1,18,13,1,11,2,8,8,2,2,1,0,1,1,1,1,3,8,3,4,1
12904,0,8,7,4,1,12,13,1,7,4,7,1,2,2,1,0,1,3,1,1,2,3,2,2,1
12491,1,10,4,4,1,10,13,1,2,4,7,1,2,2,1,0,1,2,1,1,2,3,2,2,1
11762,0,6,1,4,1,1,7,3,7,2,8,5,2,2,1,0,3,3,1,2,2,5,2,2,1
19593,1,7,4,3,1,22,13,3,2,4,9,1,2,2,1,0,8,3,1,1,2,5,2,2,1
14522,1,9,7,2,1,21,13,2,2,4,10,7,2,2,1,0,2,3,1,2,2,3,2,2,1
22855,1,7,6,2,1,6,2,2,4,1,8,1,2,2,1,0,1,2,1,1,2,3,2,2,1
34077,0,10,4,3,5,15,1,1,8,1,9,1,2,2,1,0,3,4,1,2,2,5,9,2,1
7720,1,3,4,2,1,18,1,1,8,1,3,1,2,2,1,0,2,1,1,2,2,5,2,3,1
20982,0,7,2,2,1,9,11,1,4,5,9,8,2,2,1,0,1,1,1,1,3,3,2,2,1
26381,0,3,6,2,5,20,1,3,4,1,8,1,2,2,1,1,12,3,1,1,2,4,2,6,1
14831,0,4,4,4,1,15,13,1,4,4,6,1,2,2,1,0,8,1,1,1,2,3,2,2,1
24336,1,4,6,3,5,7,1,1,10,1,8,2,2,2,1,0,1,2,2,1,2,5,2,4,1
33655,0,4,1,4,1,14,13,1,4,2,11,1,2,2,1,0,2,4,1,2,2,6,2,5,1
35695,0,7,1,2,5,16,1,1,2,1,4,1,2,2,1,0,1,1,1,1,2,7,2,2,1
34082,1,10,1,4,1,13,13,1,7,4,8,1,2,2,1,0,8,3,1,1,2,3,2,2,1
5792,0,4,4,4,1,23,1,3,6,1,12,1,3,2,1,0,2,2,1,2,2,5,2,2,1
19975,0,9,2,4,1,19,2,1,2,4,8,8,2,2,1,0,3,3,1,3,2,3,2,2,1
2667,0,12,5,4,1,12,13,1,7,2,7,1,3,2,1,0,1,1,1,1,2,3,2,4,1
18928,1,7,7,2,1,17,13,1,3,3,4,1,2,2,1,0,8,3,1,1,2,3,2,2,1
4728,1,6,1,4,1,11,13,1,10,3,7,8,2,2,1,0,1,1,1,1,4,4,2,2,1
636,0,10,1,2,1,22,22,3,7,5,9,1,2,2,1,0,1,2,1,1,2,5,2,4,1
11923,1,9,1,4,1,19,1,5,7,1,8,2,3,2,1,0,1,3,1,1,2,3,2,2,1
17051,1,7,1,4,5,21,1,2,7,1,9,8,2,3,4,0,1,3,1,1,5,3,2,2,1
13367,0,5,6,4,1,23,13,2,7,4,7,1,2,2,1,0,2,3,1,2,2,3,2,2,1
12515,1,4,7,2,5,20,1,3,7,1,9,2,3,2,1,0,3,3,1,2,2,3,2,3,1
22086,0,4,4,2,1,16,3,1,2,5,11,8,2,2,1,0,2,1,1,2,2,3,2,2,1
15334,0,7,1,4,2,20,13,6,4,1,8,1,2,2,1,0,1,3,1,1,2,3,2,2,1
34597,1,9,6,4,2,21,13,2,7,1,8,1,2,2,1,0,1,3,1,1,2,3,2,3,1
35,1,8,7,4,1,19,13,1,7,4,6,1,2,2,1,0,8,1,1,1,2,3,2,5,1
29525,0,5,3,2,1,16,13,1,7,2,8,5,2,2,1,0,3,3,1,3,2,3,2,4,1
36294,1,6,3,3,1,18,7,1,8,2,7,2,2,2,1,0,3,1,1,2,2,3,2,4,1
2655,1,8,6,4,5,17,15,2,7,1,12,8,2,3,4,0,1,2,1,1,4,3,2,2,1
16715,1,5,5,4,5,12,1,1,7,1,5,8,2,3,4,0,1,3,1,1,4,3,2,2,1
26361,0,8,5,4,1,15,13,1,7,4,6,1,2,2,1,0,8,3,2,1,2,3,2,2,1
5225,1,3,2,4,1,20,13,3,2,3,8,1,2,2,1,0,8,1,1,1,2,6,2,5,1
35778,1,4,1,4,5,3,1,2,3,1,5,1,2,3,4,0,1,1,1,1,2,3,2,2,1
10222,1,4,7,4,1,2,13,2,4,2,9,1,2,2,1,0,1,1,1,1,2,5,2,2,1
10417,0,4,6,4,1,3,13,2,10,2,3,1,2,2,1,0,1,2,1,1,2,8,2,4,1
16564,0,4,5,4,1,13,13,1,2,4,7,1,2,2,1,0,2,2,1,2,2,3,2,2,1
35469,0,8,2,4,1,18,13,1,7,4,5,1,2,2,1,0,8,4,1,1,2,3,2,2,1
28743,1,4,4,4,1,13,13,1,8,3,9,8,2,2,1,0,2,1,1,2,2,4,2,3,1
8801,1,8,5,4,1,9,13,1,8,1,9,1,2,2,1,0,2,3,1,3,2,3,2,2,1
18825,0,4,7,4,1,18,13,1,10,4,9,3,3,2,1,0,8,1,1,1,2,3,2,4,1
17765,1,5,2,4,1,20,13,3,7,3,10,1,2,2,1,0,2,2,1,2,2,5,2,3,1
811,1,8,7,4,1,22,13,3,7,4,2,1,2,2,1,0,2,3,1,3,2,3,2,3,1
15365,0,4,5,4,5,20,1,2,2,1,3,1,3,3,4,0,1,3,1,1,2,3,2,2,1
8117,1,5,1,4,1,12,13,1,4,4,2,1,2,2,1,0,8,1,1,1,2,3,2,2,1
25788,1,4,2,4,1,8,10,1,11,4,7,1,2,2,1,0,2,2,1,2,2,4,2,4,1
18958,1,7,4,4,4,24,13,2,8,1,9,1,2,3,4,0,1,3,1,1,2,3,2,3,1
10497,0,5,7,3,1,16,13,1,4,1,5,1,2,2,1,0,1,2,1,1,2,3,2,2,1
9429,0,6,5,3,1,22,10,3,7,4,8,1,2,2,1,0,2,3,1,3,2,5,2,5,1
1985,1,6,7,4,5,16,4,1,7,1,1,8,2,3,4,0,1,3,1,1,3,3,2,2,1
19839,0,4,4,4,1,15,13,1,4,4,6,1,2,2,1,0,8,1,1,1,2,3,2,2,1
7692,0,8,7,4,1,15,13,1,7,4,6,1,2,2,1,0,1,1,1,1,2,3,2,2,1