id,Severity,age_classes,day_week,DEFORMED_classes,m_harm_classes,hour,impact1_classes,lgt_cond,make,man_coll,month,p_crash1,pcrash4,pcrash5,rel_road,reljct1,reljct2,rest_use,sex,typ_int,valign,vnum_lan,vsurcond,vtrafway,weather_classes
3527,1,9,1,4,5,20,1,2,2,1,9,1,2,3,4,0,1,3,1,1,4,3,2,2,1
1651,0,3,7,2,4,1,1,3,7,1,5,8,2,2,1,1,2,3,1,2,2,5,2,3,1
32418,0,4,5,3,5,18,1,1,8,1,9,1,2,2,1,0,1,1,1,1,2,3,2,4,1
5289,0,9,5,4,1,20,13,6,7,3,4,8,2,2,1,0,1,3,1,1,3,3,3,2,1
20543,0,3,5,4,1,1,18,3,2,5,3,1,2,2,1,0,2,3,1,2,2,4,2,4,1
11725,1,7,7,4,1,20,13,1,7,1,6,1,3,2,1,0,1,3,1,1,2,3,2,2,1
27512,0,8,4,4,2,13,13,1,10,1,10,8,2,3,5,0,1,2,1,1,3,3,2,2,1
2919,1,7,2,4,1,13,13,1,4,4,4,1,2,2,1,0,2,1,1,3,2,7,2,4,1
9242,0,9,5,3,4,10,13,1,7,1,4,8,2,3,4,0,1,3,1,1,4,3,2,2,1
12819,1,3,7,4,1,16,13,1,2,1,7,1,3,3,2,0,1,3,1,1,2,3,2,2,1
15429,0,9,2,4,1,5,13,3,1,4,3,1,2,2,1,0,1,2,1,1,2,5,3,4,1
22908,0,5,3,4,3,16,4,1,7,1,11,1,2,3,4,0,1,2,1,1,2,3,2,6,1
35015,1,4,7,4,1,21,13,3,10,4,5,1,2,2,1,0,2,3,1,3,2,4,2,4,1
36188,0,7,2,4,5,14,1,1,2,1,3,8,2,2,1,0,1,3,1,1,2,3,3,4,1
12886,1,6,5,4,3,24,13,3,7,1,5,8,2,3,3,0,1,3,1,1,3,3,2,3,1
17368,1,4,6,4,1,2,13,2,4,2,5,8,2,2,1,0,3,2,1,1,2,3,2,2,1
11846,1,5,5,4,5,8,1,1,2,1,9,1,3,2,1,0,1,3,1,1,2,3,2,2,1
10261,1,9,3,4,1,23,13,3,7,1,11,1,2,3,4,0,1,3,1,1,2,5,2,4,1
6686,1,8,5,4,1,21,13,2,7,4,4,7,2,2,1,0,3,3,1,2,2,3,2,2,1
16272,0,5,3,4,1,6,13,4,4,4,8,8,2,2,1,0,2,2,1,2,4,3,2,3,1
10240,1,6,4,4,5,17,1,5,7,1,10,1,3,2,1,0,1,1,1,1,2,4,2,4,1
12851,1,3,7,4,1,23,13,3,8,2,7,1,2,2,1,0,2,2,1,3,2,3,2,3,1
31913,0,2,7,2,1,13,10,1,8,4,7,8,2,2,1,0,3,1,2,3,2,3,2,2,1
12705,0,5,4,2,1,5,13,2,7,1,8,1,2,2,1,0,1,1,1,1,2,3,2,2,1
20234,0,8,7,3,1,21,13,1,2,4,6,1,2,2,1,0,8,1,1,1,2,3,2,2,1
25005,1,5,6,4,5,12,1,1,10,1,5,8,2,2,1,0,3,1,1,2,2,5,2,3,1
20849,0,5,6,3,1,13,10,1,8,5,4,7,2,2,1,0,1,1,1,1,2,6,2,3,1
28459,1,8,1,4,4,19,13,1,7,1,6,8,2,3,4,0,1,1,1,1,4,3,2,2,1
6719,1,7,1,4,1,16,2,1,7,1,6,1,2,3,4,0,1,3,1,1,2,3,2,2,1
7345,1,5,7,4,1,12,13,1,4,2,4,1,2,2,1,0,1,2,1,1,2,3,2,2,1
22135,0,5,4,2,5,18,1,1,7,1,9,1,3,2,1,0,3,2,1,2,2,5,2,2,1
32325,0,8,1,4,5,16,1,1,7,1,6,1,2,2,1,0,1,4,1,1,2,5,2,3,1
35222,0,9,5,2,4,17,18,1,7,1,3,2,2,3,4,0,1,4,1,1,3,3,2,2,1
10748,0,7,4,4,5,5,1,2,7,1,10,1,2,2,1,0,1,1,1,1,2,5,2,5,1
1348,1,5,1,4,1,24,13,3,10,4,10,1,2,2,1,0,2,1,1,2,2,4,2,3,1
13219,1,7,6,4,1,15,12,1,7,6,6,8,2,2,1,0,1,1,1,1,4,3,2,2,1
17527,1,10,5,2,5,8,1,1,10,1,8,1,3,2,1,1,12,2,1,1,2,3,2,4,1
13168,1,11,2,4,4,12,13,1,10,1,6,8,2,3,4,0,1,1,1,1,3,3,2,2,1
35270,0,11,6,4,5,17,1,1,4,1,5,8,2,3,2,0,1,1,1,1,4,3,2,2,1
11578,0,5,7,4,1,20,13,2,8,4,8,1,2,2,1,0,1,1,1,1,2,3,3,4,1
15321,0,7,1,4,1,21,13,6,2,1,6,1,2,2,1,0,1,3,1,1,2,3,2,2,1
3983,1,6,1,3,5,15,13,1,7,1,2,8,2,3,4,0,1,2,1,1,3,3,2,2,1
36724,0,4,2,4,1,13,13,1,10,2,2,1,2,2,1,0,3,4,1,2,2,6,2,5,1
20354,1,5,4,3,1,20,13,3,4,4,8,8,2,2,1,0,2,1,1,2,2,5,2,2,1
9050,1,4,1,4,1,17,13,1,4,4,5,1,2,2,1,0,8,1,1,1,2,3,2,2,1
7440,1,4,3,4,3,20,13,5,10,1,6,1,2,3,4,0,1,2,2,1,2,5,2,2,1
21696,1,8,2,2,1,20,10,3,7,5,1,1,2,2,1,0,1,2,1,1,2,7,2,2,1
19098,1,10,6,4,1,15,13,1,4,4,8,1,2,2,1,0,3,1,1,1,2,3,2,2,1
5199,1,5,6,4,1,23,13,2,2,4,7,7,2,2,1,0,2,3,1,3,2,3,2,2,1
3763,1,7,5,4,1,18,13,1,7,4,8,1,3,2,1,0,2,3,1,2,2,3,2,2,1
12299,0,3,2,4,1,24,13,2,10,2,9,1,2,2,1,0,1,2,1,1,2,3,2,3,1
3962,1,5,1,4,1,15,13,1,4,2,7,7,2,2,1,0,1,3,1,1,5,3,2,2,1
6553,1,6,7,4,1,20,13,5,8,4,7,1,3,2,1,0,2,1,1,2,2,3,2,3,1
5648,1,10,6,4,1,22,13,3,4,4,3,1,2,2,1,0,2,2,1,2,2,5,2,2,1
9107,1,8,6,4,1,10,13,1,7,2,11,1,2,2,1,1,12,1,1,1,2,3,2,4,1
18508,1,8,6,4,1,6,13,2,2,1,5,1,2,2,1,0,1,2,1,1,2,3,2,3,1
3495,1,5,5,4,1,17,13,1,10,4,4,7,2,2,1,0,2,3,1,3,2,5,2,3,1
26697,0,11,1,2,5,15,1,1,7,1,3,8,3,2,1,0,2,3,1,3,2,3,2,2,1
13968,0,9,2,4,1,16,13,1,7,4,11,8,2,2,1,0,2,3,1,3,4,3,2,3,1
5650,0,10,4,4,1,7,21,1,7,4,8,1,2,2,1,0,2,2,2,2,2,3,2,2,1
35332,0,4,3,4,1,10,7,1,6,2,8,1,2,2,1,0,3,1,1,2,2,6,2,2,1
21874,0,5,5,4,1,17,18,3,7,4,12,1,2,2,1,0,2,2,1,3,2,3,2,2,1
31515,1,7,3,3,1,17,7,1,10,2,7,1,3,2,1,0,1,1,1,1,2,3,2,2,1
36135,0,4,6,2,5,6,1,2,8,1,11,8,3,2,1,0,2,4,1,2,2,4,2,2,1
1269,1,5,6,4,1,20,1,3,7,1,8,8,2,3,3,0,1,1,1,1,3,3,2,3,1
2842,1,6,1,4,1,16,13,1,10,4,10,1,2,2,1,0,8,2,1,1,2,5,2,2,1
32781,1,4,3,4,1,21,13,3,8,2,7,1,2,2,1,0,3,3,1,2,2,3,3,4,1
8431,1,4,6,4,1,22,13,2,7,6,8,1,2,2,1,0,1,3,1,1,2,3,2,2,1
5102,1,9,7,4,1,19,13,1,3,4,6,7,2,2,1,0,1,1,1,1,2,3,2,2,1
5990,0,5,4,4,1,20,1,2,2,1,2,1,2,2,1,1,5,1,1,1,2,2,2,7,1
7368,1,8,4,4,5,16,1,1,7,1,6,8,2,3,8,1,5,2,1,1,3,2,2,7,1
34255,0,4,1,2,1,24,7,2,10,2,8,1,2,2,1,0,2,4,1,3,2,6,2,5,1
3856,0,5,6,4,1,14,13,1,10,3,3,1,2,2,1,0,8,1,1,1,2,3,2,2,1
330,1,5,7,4,1,20,7,6,10,2,11,1,2,2,1,0,3,3,1,3,2,3,2,2,1
18694,0,4,5,4,1,7,13,1,2,2,5,1,3,2,1,0,8,2,1,1,2,3,2,2,1
6176,1,12,3,4,1,12,4,1,4,4,6,1,2,2,1,0,2,3,1,2,2,3,2,2,1
1720,1,5,1,4,1,18,13,1,8,4,6,1,2,2,1,0,2,3,1,3,2,4,2,2,1
16361,0,8,6,4,1,16,13,1,4,3,9,8,2,2,1,0,1,3,2,1,3,3,2,2,1
10416,0,3,7,4,3,7,15,1,8,1,3,1,2,3,3,0,1,2,1,1,2,4,2,3,1
20528,0,10,7,4,1,19,13,3,7,4,2,1,2,2,1,0,8,3,2,1,2,5,2,2,1
29786,0,3,2,3,1,20,13,3,8,1,11,1,2,3,7,0,1,1,1,1,2,3,2,2,1
12024,0,8,4,4,1,19,13,1,2,4,6,8,2,2,1,0,2,3,1,3,5,3,2,2,1
17905,0,6,7,4,1,13,13,1,7,2,8,1,2,2,1,0,1,3,2,1,2,5,2,3,1
20629,0,3,4,3,5,11,1,1,7,1,9,8,3,3,4,0,5,1,1,1,4,2,3,7,1
3142,0,3,7,4,1,21,13,2,10,3,5,8,2,2,1,0,1,1,1,1,3,4,2,2,1
2256,1,8,4,4,1,15,13,1,7,4,5,1,3,2,1,0,2,1,1,2,2,5,2,2,1
17380,1,10,5,4,1,21,13,2,7,3,6,1,2,2,1,0,2,2,1,2,2,5,2,5,1
29543,0,3,3,2,5,20,1,2,4,1,9,8,2,2,1,0,2,4,1,2,2,3,2,2,1
15897,1,9,4,4,5,11,1,1,7,1,8,2,3,2,1,0,1,3,1,1,3,3,2,2,1
35998,0,4,7,3,1,14,13,1,8,4,10,1,2,2,1,0,2,1,1,2,2,3,2,2,1
33240,0,7,1,1,1,12,3,1,7,5,5,1,2,2,1,0,3,4,2,2,2,4,2,3,1
10128,0,7,7,4,4,24,15,2,2,1,1,8,2,3,4,0,1,3,1,1,4,3,2,2,1
14990,1,8,2,4,5,5,1,4,7,1,8,1,2,2,1,0,1,3,1,1,2,3,2,2,1
2598,1,4,4,4,1,21,10,2,2,5,6,6,2,2,1,1,5,1,1,1,3,2,2,7,1
9452,0,10,4,3,1,19,13,1,7,3,8,1,2,2,1,0,2,1,1,3,2,5,2,2,1
23129,0,8,3,3,1,17,10,1,8,5,4,1,2,2,1,0,1,2,1,1,2,4,2,4,1
10313,0,9,2,4,5,15,1,1,7,1,6,8,2,3,4,0,1,3,1,1,4,3,2,3,1
9041,1,10,6,4,1,8,13,1,2,4,6,1,2,2,1,0,2,2,1,2,2,3,2,5,1
1727,1,6,1,4,1,9,21,1,8,1,7,8,3,3,5,0,1,3,1,1,4,3,2,2,1
28902,0,8,1,4,1,22,13,2,7,1,12,1,2,2,1,0,1,3,1,1,2,3,2,2,1
1000,1,3,4,4,1,17,13,5,2,3,1,1,2,2,1,0,2,3,1,3,2,3,2,2,1
6619,0,4,7,4,1,19,13,2,2,4,11,1,2,2,1,0,2,1,1,3,2,3,2,2,1
11273,1,4,3,4,1,14,13,1,10,4,7,1,2,2,1,0,2,1,1,2,2,4,2,3,1
23450,0,6,2,2,1,19,7,1,2,2,5,1,2,2,1,0,3,2,1,3,2,4,2,3,1
9678,0,6,4,4,1,20,13,5,8,3,8,7,2,2,1,0,1,1,1,1,3,3,2,2,1
4013,0,9,1,4,1,9,13,1,4,3,5,1,2,2,1,0,1,1,1,1,2,3,2,2,1
15003,0,8,6,2,1,18,13,3,4,1,10,8,2,3,4,0,1,3,1,1,4,3,2,2,1
28184,0,4,7,4,1,16,19,1,2,5,8,1,2,2,1,0,1,3,1,1,2,7,2,4,1
22302,0,10,7,4,5,10,1,1,7,1,3,1,2,2,1,0,2,3,1,2,2,3,2,2,1
15794,0,5,6,4,1,10,13,1,2,2,12,7,2,2,1,0,1,1,1,1,4,6,2,4,1
22652,0,4,4,2,1,11,13,1,7,4,11,8,2,2,1,0,2,3,1,3,2,3,2,2,1
6320,1,7,1,4,1,16,2,1,10,4,9,1,2,2,1,0,2,1,1,2,2,5,2,3,1
4799,0,5,1,4,1,6,13,2,4,1,4,8,2,3,5,0,2,1,1,3,4,3,2,2,1
2738,1,11,5,3,1,10,13,1,9,4,10,1,3,2,1,0,2,1,1,2,2,5,2,3,1
2307,1,7,2,4,1,13,4,1,7,4,8,1,2,2,1,0,8,2,2,1,2,3,2,2,1
16040,0,1,3,3,5,15,1,1,2,1,3,1,2,2,1,0,1,3,1,1,2,3,2,2,1
18396,0,3,6,3,1,11,10,1,10,6,8,7,3,2,1,0,1,1,1,1,5,3,2,2,1
24204,1,3,5,4,1,23,2,3,8,1,9,1,2,2,1,0,1,1,1,1,2,3,2,2,1
8997,1,9,1,4,1,12,13,1,7,4,3,1,2,2,1,0,3,1,1,2,2,3,2,2,1
17023,0,7,2,4,1,21,13,2,7,4,4,1,2,2,1,0,2,2,1,2,2,3,2,2,1
19732,1,6,6,4,5,12,13,1,4,1,5,8,2,3,4,0,1,1,1,1,4,7,2,3,1
35685,0,3,3,4,1,16,13,1,4,2,2,1,2,2,1,0,1,1,1,1,2,7,2,4,1
5712,1,7,6,4,5,11,1,1,8,1,9,7,2,2,1,0,1,2,1,1,2,4,2,3,1
13392,1,6,3,4,1,19,10,1,4,6,6,1,2,2,1,0,1,3,1,1,2,5,2,2,1
16977,1,7,1,4,1,24,13,3,7,4,5,1,2,2,1,0,2,3,1,2,2,5,2,4,1
30656,0,3,4,4,1,16,4,1,2,4,8,8,2,2,1,0,2,4,1,6,4,2,2,6,1
1021,1,4,7,4,1,22,7,2,8,1,3,1,2,2,1,0,2,1,1,3,2,3,2,3,1
6587,1,7,7,4,1,18,13,1,7,4,9,1,2,2,1,0,8,1,1,1,2,3,2,2,1
11633,1,5,5,4,1,13,13,1,7,4,12,1,2,2,1,0,2,1,1,2,2,3,2,4,1
28535,0,3,4,4,1,8,13,1,4,2,5,7,2,2,1,0,1,1,1,1,2,6,2,4,1
22455,1,3,2,4,1,16,13,1,10,4,5,1,2,2,1,0,8,3,1,1,2,5,2,5,1
6555,1,6,7,4,1,16,13,1,7,4,7,1,2,2,1,0,2,1,1,2,2,3,2,2,1
30059,0,8,1,4,5,13,1,1,4,1,3,1,3,3,4,0,1,3,1,1,2,3,2,4,1
5983,1,5,3,4,1,8,13,1,10,2,2,1,2,2,1,0,1,1,1,1,2,3,2,4,1
20821,0,10,3,2,1,13,6,1,7,4,2,8,2,6,1,0,8,1,1,1,2,3,2,2,1
3948,0,7,1,4,5,20,1,2,7,1,11,1,2,2,1,0,8,3,1,1,2,3,2,3,1
4019,1,5,7,4,5,13,13,1,7,2,5,1,2,2,1,0,1,1,1,1,2,3,2,4,1
16159,1,8,1,4,1,15,13,1,7,4,5,1,2,2,1,0,2,3,1,2,2,3,2,5,1
1194,1,7,5,4,1,19,5,1,2,4,6,1,2,5,1,0,1,3,1,1,2,4,2,3,1
28295,0,5,7,2,1,18,7,1,7,2,4,8,2,2,1,0,1,1,1,1,3,4,2,4,1
14872,1,3,6,4,1,9,13,1,10,4,9,1,2,2,1,0,2,1,1,3,2,3,2,2,1
22399,0,3,7,2,1,22,7,3,4,2,11,1,2,2,1,0,3,1,1,2,2,3,2,4,1
17829,1,4,7,4,1,15,13,1,4,2,6,1,3,2,1,0,1,2,1,1,2,5,2,4,1
11382,1,6,7,4,1,18,13,5,7,4,10,1,2,2,1,0,2,1,1,4,2,3,2,2,1
6618,1,9,5,4,1,16,9,5,7,4,11,1,2,2,1,0,2,1,1,2,2,3,2,4,1
9884,1,11,6,4,5,13,1,1,7,1,6,1,2,3,2,0,1,1,1,1,2,4,2,3,1
9804,0,5,7,4,1,14,13,1,2,4,3,1,2,2,1,0,2,1,1,2,2,3,2,2,1
13235,0,6,5,4,1,20,13,3,2,3,9,8,2,2,1,0,1,3,1,1,3,3,3,2,1
26425,0,9,6,4,1,16,4,1,1,4,1,1,2,2,1,0,8,2,1,1,2,5,2,2,1
13983,1,11,3,3,5,12,1,1,7,1,8,8,2,2,1,0,1,3,1,1,3,3,2,2,1
12091,1,10,3,4,5,11,1,1,1,1,7,8,3,2,1,0,1,1,1,1,4,3,2,2,1
31182,0,5,3,2,5,11,1,1,7,1,11,1,3,2,1,0,3,4,1,2,2,5,2,2,1
15300,0,10,1,3,4,12,7,1,7,1,4,8,2,3,4,0,2,3,1,4,4,3,2,2,1
5031,1,3,2,4,1,14,13,1,4,1,4,8,2,3,4,0,1,3,1,1,3,3,2,2,1
23430,0,6,7,4,1,8,13,1,7,4,12,1,2,2,1,0,8,2,1,1,2,5,2,5,1
18332,0,5,7,4,1,22,13,2,7,4,5,1,2,2,1,0,2,3,1,2,2,3,3,2,1
6087,0,8,6,4,1,12,7,1,4,2,3,1,2,2,1,0,1,3,1,1,2,3,2,2,1
18916,1,6,7,4,1,21,4,3,8,4,5,8,2,2,1,0,2,3,1,2,2,3,2,3,1
30502,0,4,4,2,1,16,13,1,2,4,6,8,2,2,1,0,2,4,1,2,2,4,2,2,1
35374,0,4,3,4,1,13,19,1,10,5,9,1,2,2,1,1,14,4,1,1,2,4,2,7,1
11760,0,4,1,4,1,19,10,1,4,4,7,1,3,2,1,0,8,2,1,1,2,5,2,2,1
26752,0,4,4,4,5,20,1,5,10,1,8,1,2,3,4,0,1,2,1,1,2,3,2,2,1
12088,1,10,7,3,1,18,13,1,7,1,7,8,3,2,3,0,1,3,1,1,3,4,2,4,1
16952,1,8,3,4,1,18,13,1,7,4,8,1,2,2,1,0,2,3,1,2,2,3,2,5,1
31667,0,4,4,2,5,20,1,1,4,1,5,1,2,2,1,0,1,2,1,1,2,3,2,2,1
11582,1,7,6,3,5,15,2,1,1,1,9,8,2,3,4,0,1,1,1,1,3,3,2,2,1
36009,0,4,6,3,1,3,13,3,2,1,12,1,2,2,1,0,1,1,1,1,2,6,3,5,1
19913,1,8,4,3,5,17,1,1,2,1,8,8,2,2,1,0,1,1,1,1,4,3,2,2,1
23035,0,6,3,4,1,14,19,1,2,5,1,7,2,2,1,0,2,2,1,3,2,4,2,5,1
643,0,5,7,4,5,3,13,2,10,2,9,1,2,2,1,0,1,2,1,1,4,6,2,4,1
14859,1,9,5,4,1,18,13,1,10,3,8,1,2,2,1,0,2,1,1,3,2,3,2,2,1
31737,0,8,3,2,5,17,1,1,10,1,8,1,2,2,1,0,1,3,1,1,2,3,2,2,1
31716,0,1,5,2,1,17,13,1,8,4,7,1,2,2,1,0,2,3,1,2,2,3,2,2,1
24925,0,7,7,2,5,10,1,1,2,1,11,8,2,2,1,0,1,2,1,1,3,3,2,2,1
30547,1,7,3,4,1,19,7,2,1,2,11,5,2,2,1,0,3,4,1,2,2,7,2,2,1
31163,0,2,5,3,1,8,21,1,4,5,9,7,2,2,1,0,1,1,1,1,2,6,2,4,1
35215,1,2,1,4,3,13,13,1,8,1,1,8,2,3,4,0,1,1,1,1,3,3,2,2,1
27383,0,4,1,2,1,11,13,1,4,1,1,3,2,3,7,0,1,3,1,1,2,3,2,2,1
5009,0,8,7,4,1,18,7,2,2,2,12,1,2,2,1,0,1,2,1,1,2,3,2,4,1
12580,0,8,1,4,1,15,13,1,7,4,10,1,2,2,1,0,2,1,1,2,2,3,2,2,1
15771,1,6,3,3,1,15,1,1,4,1,11,1,3,2,1,0,8,1,1,1,2,3,2,2,1
30856,0,8,6,4,1,12,13,1,7,4,9,1,2,2,1,0,2,1,1,2,2,4,2,4,1
8887,0,8,2,4,1,19,13,1,7,2,5,1,2,2,1,0,1,3,1,1,2,3,2,3,1
18662,0,8,1,4,5,12,11,1,7,1,5,8,2,3,4,0,1,3,1,1,3,3,2,2,1
11570,0,6,4,4,1,6,13,4,10,2,8,1,2,2,1,0,1,1,1,1,2,5,2,4,1
19968,1,7,5,4,1,6,13,1,2,4,7,1,2,2,1,0,2,3,1,3,2,3,2,2,1
6930,0,6,3,4,1,13,13,1,7,4,9,1,2,2,1,0,2,3,1,2,2,3,2,5,1
11901,1,8,2,4,5,22,1,2,2,1,7,1,2,2,1,0,2,3,1,3,2,3,2,5,1
18328,0,3,2,4,1,16,13,1,10,4,5,1,2,2,1,0,4,3,1,1,2,5,2,2,1
26695,0,8,4,3,3,19,13,1,7,1,4,8,3,3,4,0,3,2,2,2,2,3,2,2,1
31857,0,11,2,2,1,2,12,1,4,6,3,8,2,2,1,0,2,3,1,3,2,3,2,2,1
25251,0,3,5,4,1,22,13,3,4,2,5,7,2,2,1,0,1,2,1,1,2,5,2,4,1
6880,0,3,5,4,4,5,13,4,4,1,6,1,2,3,4,0,1,3,1,1,2,3,2,2,1
1254,0,4,6,4,5,23,21,3,4,1,7,8,2,3,4,1,5,3,1,1,4,6,2,7,1
3059,0,4,1,4,1,9,13,1,2,1,9,1,2,3,4,0,3,2,1,2,2,7,2,2,1
6561,1,6,3,2,1,21,13,3,10,4,8,1,2,2,1,0,2,1,1,2,2,3,2,2,1
8690,1,7,6,4,1,17,12,1,8,4,5,1,2,2,1,0,8,2,1,1,2,5,2,5,1
8348,1,9,7,4,1,19,13,1,7,1,7,1,2,2,1,0,1,3,1,1,2,3,2,2,1
13984,1,7,4,3,1,22,7,2,11,2,8,1,2,2,1,0,1,3,1,1,2,3,2,2,1
160,0,9,6,4,1,13,13,1,7,4,5,1,2,2,1,0,2,3,1,2,2,3,2,2,1
2277,1,7,7,4,1,20,4,3,7,4,10,8,2,2,1,0,2,1,1,2,2,3,2,4,1
2029,1,8,7,4,4,17,4,1,7,1,9,8,2,3,3,0,1,2,1,1,3,7,2,4,1
4504,1,9,7,2,1,21,13,2,2,4,10,7,2,2,1,0,2,3,1,2,2,3,2,2,1
1152,1,6,6,4,1,12,13,1,2,4,3,1,2,2,1,0,2,3,1,2,2,3,2,3,1
11413,1,3,1,4,1,21,13,3,2,4,11,1,2,2,1,0,2,1,1,2,2,4,2,3,1
21719,1,6,4,4,1,15,13,1,7,3,3,8,2,2,1,0,2,1,1,2,2,5,2,5,1
20598,0,6,1,2,1,16,13,1,1,4,7,8,2,2,1,0,2,1,1,3,2,7,2,4,1
32722,0,4,3,4,1,17,13,1,7,4,2,1,2,2,1,0,8,3,1,1,2,5,2,4,1
9967,0,9,4,4,1,15,13,1,2,3,8,8,2,2,1,0,1,3,1,1,4,3,2,2,1
22394,1,2,5,3,1,13,13,1,4,4,11,8,2,2,1,0,2,1,1,3,2,5,2,2,1
29499,0,7,6,2,1,14,13,1,2,2,6,5,2,2,1,0,1,2,1,1,2,3,2,4,1
29555,1,5,7,3,1,19,13,3,4,2,1,1,2,2,1,0,8,1,1,1,2,4,2,4,1
34167,0,7,5,4,1,21,13,2,4,1,7,1,2,2,1,0,1,1,1,1,2,3,2,2,1
13788,0,3,3,4,1,14,15,1,2,1,8,1,3,3,4,0,1,3,1,1,2,5,2,2,1
15774,0,4,5,3,5,9,1,1,2,1,11,7,3,2,1,0,1,1,1,1,2,6,2,4,1
28526,0,3,4,4,5,14,1,1,4,1,4,7,2,2,1,0,1,2,1,1,2,7,2,4,1
26216,0,5,3,2,1,14,12,1,2,5,8,8,2,2,1,0,1,3,2,1,2,3,2,2,1
8665,1,4,3,4,1,17,13,1,10,6,6,1,2,2,1,0,1,1,1,1,2,3,2,2,1
34952,0,7,7,4,1,17,13,1,8,4,9,1,2,4,1,0,8,4,2,1,2,5,2,3,1
8704,0,5,7,4,1,24,16,2,10,1,6,8,2,3,5,0,1,1,1,1,4,3,2,2,1
13667,0,6,3,4,1,12,13,1,4,4,5,1,3,2,1,0,2,3,1,2,2,3,2,3,1
1467,1,4,7,4,1,12,13,1,4,4,10,1,2,2,1,0,8,3,1,1,2,4,2,3,1
19998,1,8,2,4,5,5,1,4,7,1,8,1,2,2,1,0,1,3,1,1,2,3,2,2,1
15877,0,9,4,4,5,14,15,1,6,1,7,8,2,3,4,0,1,1,1,1,3,3,2,2,1
13240,0,11,4,4,5,11,1,1,7,1,9,1,2,2,1,0,2,1,1,3,2,3,2,2,1
33444,0,5,6,2,5,21,1,3,2,1,10,8,2,2,1,0,1,4,1,1,5,4,2,4,1
33628,1,3,7,4,4,5,13,2,2,1,10,8,2,3,4,0,1,3,1,1,3,3,2,2,1
31974,1,4,2,4,1,10,18,1,2,4,11,7,2,2,1,0,2,3,1,3,2,3,2,2,1
6399,0,8,1,4,1,17,13,2,7,4,11,7,2,2,1,0,2,3,1,3,2,3,2,2,1
15060,0,6,6,4,1,5,13,4,10,1,6,8,2,3,4,0,1,3,1,1,3,3,2,2,1
17448,1,1,7,4,1,17,13,1,8,4,9,7,2,2,1,0,8,2,1,1,2,3,2,2,1
26754,0,9,1,4,5,14,1,1,7,1,8,2,2,2,1,0,2,2,2,2,2,3,2,3,1
36605,0,4,5,3,5,15,1,1,10,1,8,1,3,2,1,0,3,4,1,2,2,4,2,3,1
7694,0,8,7,4,5,15,1,1,7,1,7,1,3,3,3,0,1,1,1,1,2,5,2,4,1
5820,1,8,7,4,1,22,13,3,7,4,2,1,2,2,1,0,2,3,1,3,2,3,2,3,1
18620,0,7,6,3,5,12,1,1,7,1,6,1,2,2,1,0,1,1,1,1,2,3,2,4,1
16509,1,9,7,4,1,9,13,1,2,3,3,1,3,2,1,0,2,1,1,2,2,5,2,5,1
12756,1,5,2,4,1,20,13,3,7,3,10,1,2,2,1,0,2,2,1,2,2,5,2,3,1
5546,1,4,7,4,1,9,13,1,6,4,7,1,2,2,1,0,8,1,1,1,2,5,2,2,1
4874,0,11,7,4,1,17,12,1,10,4,5,8,2,2,1,0,2,1,1,4,3,3,2,2,1
20679,0,6,1,2,1,19,13,5,7,2,4,5,2,2,1,0,1,2,1,1,2,3,2,2,1
34229,0,4,7,2,1,21,13,3,10,4,5,1,2,2,1,0,8,3,1,1,2,6,2,5,1
5939,1,8,4,4,1,13,13,1,7,3,5,8,2,2,1,0,1,3,1,1,3,3,2,2,1
23135,1,3,7,4,1,22,7,3,4,2,4,1,2,2,1,0,1,2,1,1,2,5,2,2,1
22251,0,3,5,4,1,23,13,2,10,4,3,1,2,2,1,0,2,1,1,2,2,3,2,2,1
11613,1,12,7,4,1,15,12,1,1,5,10,8,2,2,1,0,2,1,1,3,3,3,2,2,1
633,0,3,1,2,5,13,1,1,2,1,10,8,2,2,5,0,1,2,1,1,3,3,2,2,1
31111,0,3,1,2,1,12,13,1,10,2,5,7,2,2,1,0,1,1,1,1,2,6,2,4,1
4633,1,7,2,2,5,6,1,4,2,6,8,1,2,2,1,0,1,1,1,1,2,3,2,2,1
5473,1,4,1,4,1,22,13,2,8,2,2,7,2,2,1,0,1,2,1,1,2,5,2,4,1
3374,0,7,4,4,5,20,13,5,7,1,8,8,2,2,4,0,1,3,1,1,5,3,2,2,1
19324,1,11,6,3,1,14,13,1,2,4,6,1,2,2,1,0,8,3,1,1,2,5,2,5,1
20637,1,8,3,3,1,15,7,1,8,2,11,1,2,2,1,0,2,1,1,3,2,4,2,3,1
10125,0,5,1,4,1,15,13,1,6,3,8,1,2,2,1,0,2,2,2,2,2,3,2,4,1
20501,0,8,7,2,5,14,1,1,7,1,10,7,3,2,1,0,1,2,1,1,2,4,2,3,1
9360,0,4,1,2,1,13,13,1,4,4,7,1,2,2,1,0,1,3,1,1,2,3,2,2,1
6170,1,10,6,4,1,21,13,2,7,4,6,1,2,2,1,0,2,3,1,4,2,3,2,2,1
4669,1,6,4,4,1,16,13,1,8,2,6,7,2,2,1,0,8,3,1,1,2,3,2,3,1
6898,1,5,5,4,1,20,13,1,2,2,7,1,2,2,1,0,1,3,1,1,2,3,2,2,1
26674,0,8,7,4,1,1,7,3,8,2,11,8,2,2,1,0,8,3,1,1,2,6,2,5,1
5443,0,6,7,4,4,19,13,2,7,1,4,8,3,3,4,0,1,2,1,1,3,3,2,2,1