id,Severity,age_classes,day_week,DEFORMED_classes,m_harm_classes,hour,impact1_classes,lgt_cond,make,man_coll,month,p_crash1,pcrash4,pcrash5,rel_road,reljct1,reljct2,rest_use,sex,typ_int,valign,vnum_lan,vsurcond,vtrafway,weather_classes
3821,0,7,5,4,1,16,13,1,7,3,9,8,2,2,1,0,1,1,2,1,3,3,2,2,1
6799,1,10,1,4,1,12,13,1,7,1,9,1,2,2,1,0,1,3,1,1,2,3,2,2,1
5864,0,4,2,4,1,19,21,1,8,4,7,1,2,2,1,0,2,3,1,2,2,3,2,2,1
12034,1,3,1,4,1,12,13,1,4,2,8,1,2,2,1,0,1,3,1,1,2,3,2,3,1
2108,1,11,1,4,1,14,13,1,2,3,10,8,2,2,1,0,2,3,1,3,5,3,2,2,1
6833,0,9,7,4,1,16,13,1,7,1,10,1,2,2,3,0,1,3,1,1,2,5,2,3,1
32811,0,4,3,4,3,18,13,3,2,1,11,1,2,3,3,0,1,1,1,1,2,6,2,4,1
6482,0,2,1,4,1,16,3,1,4,1,1,8,2,3,4,0,1,1,1,1,4,3,2,2,1
7470,0,4,1,3,5,18,1,1,2,1,6,1,3,2,1,0,1,3,2,1,2,3,2,2,1
14718,1,7,6,4,1,24,10,2,7,6,4,1,2,2,1,0,1,1,1,1,2,3,2,2,1
16175,0,9,6,4,1,22,13,2,7,4,2,1,2,2,1,0,2,3,1,2,2,3,2,3,1
20475,1,3,7,4,1,22,13,3,4,2,7,1,2,2,1,0,1,1,1,1,2,6,2,2,1
28158,0,8,1,2,5,11,1,1,7,1,4,1,2,2,1,0,1,2,1,1,2,7,2,4,1
14419,0,8,6,2,1,21,13,2,7,4,8,1,2,2,1,0,1,1,1,1,2,3,2,2,1
780,0,4,2,4,5,8,1,1,4,1,12,1,3,2,1,0,2,3,1,3,2,3,2,3,1
29763,0,7,6,4,1,6,13,3,10,4,9,8,2,2,1,0,2,1,1,2,2,3,2,2,1
2166,1,10,3,4,1,22,13,3,7,4,8,1,2,2,1,0,2,1,1,2,2,5,2,5,1
19700,1,10,2,2,1,17,13,5,7,4,12,8,2,2,1,0,8,3,1,1,2,5,2,2,1
5629,0,6,1,3,1,16,13,1,1,3,9,1,2,2,1,0,3,2,1,3,4,3,2,2,1
12695,1,8,4,4,1,2,13,3,7,2,3,1,2,2,1,0,1,1,1,1,2,3,2,2,1
20205,0,4,3,2,1,14,18,1,4,4,4,1,2,2,1,0,8,1,1,1,2,3,2,4,1
3853,0,2,1,4,1,17,13,1,4,4,2,1,2,2,1,0,2,3,1,2,2,3,2,3,1
5490,1,5,7,4,3,17,15,1,2,1,5,1,2,3,4,0,1,2,1,1,2,3,2,4,1
36333,0,4,6,3,1,19,10,1,8,5,8,7,2,2,1,0,2,1,1,2,2,4,3,2,1
23704,0,10,4,2,1,10,22,1,7,7,6,8,2,2,1,0,8,1,1,1,1,1,1,1,1
18255,1,6,6,4,1,17,13,1,8,4,9,1,2,2,1,0,2,1,1,2,2,5,2,4,1
9860,0,6,4,4,1,19,13,5,8,4,9,1,2,2,1,0,2,1,1,2,2,3,2,2,1
17533,0,7,1,4,1,18,13,1,7,3,3,8,2,2,1,0,1,1,1,1,5,3,2,2,1
8080,0,9,1,2,1,15,19,1,10,5,10,8,2,2,1,0,8,1,1,1,2,3,2,2,1
5888,1,9,1,4,1,6,13,4,4,1,8,1,2,2,1,0,1,1,1,1,2,3,2,2,1
1564,1,10,5,3,1,6,4,4,7,4,9,1,2,2,1,0,2,1,1,2,2,3,2,2,1
2593,1,7,4,4,5,23,13,3,7,1,6,6,2,3,3,1,13,3,1,1,3,4,2,3,1
2623,1,11,1,2,1,19,13,1,2,1,8,8,2,3,5,0,1,1,1,1,4,3,2,2,1
5106,1,4,7,4,1,22,13,2,2,4,10,1,2,2,1,0,2,1,1,2,2,3,2,2,1
2784,1,3,4,4,1,1,13,2,4,2,6,1,2,2,1,0,1,1,1,1,2,3,2,2,1
11752,0,4,1,4,5,3,1,3,7,1,7,8,3,3,4,0,1,3,1,1,3,3,2,5,1
33797,1,8,2,4,1,18,13,3,8,4,11,1,2,2,1,0,2,4,1,2,2,4,2,5,1
10830,1,7,3,4,5,7,1,1,7,1,3,8,3,2,1,0,2,3,1,2,4,5,2,5,1
245,1,8,4,4,5,14,1,1,7,1,11,1,3,2,1,0,8,3,1,1,2,3,2,2,1
6912,1,7,7,4,1,22,13,2,7,3,8,1,2,2,1,0,1,3,1,1,2,3,2,2,1
18672,1,10,7,4,1,21,13,2,7,4,4,1,2,2,1,0,2,1,1,2,2,3,2,2,1
36189,1,3,7,4,4,15,13,1,10,1,3,8,2,3,4,0,1,1,1,1,4,3,2,2,1
16921,0,3,6,4,5,23,1,2,10,1,8,8,2,3,4,0,1,3,1,1,3,3,2,2,1
1434,1,8,2,4,1,13,13,1,1,4,12,1,2,2,1,0,2,1,1,3,2,3,2,3,1
23891,0,7,6,4,1,16,13,1,7,4,9,1,2,2,1,0,1,2,1,1,2,5,2,2,1
34886,1,10,6,2,5,20,1,3,10,1,3,8,2,2,1,1,14,4,1,1,3,3,2,7,1
25750,1,7,3,4,1,19,10,3,7,4,2,1,2,2,1,0,2,3,1,3,2,5,2,2,1
13903,0,6,6,4,1,21,13,2,7,3,5,1,2,2,1,0,1,3,1,1,2,3,2,2,1
19284,1,3,7,4,1,22,13,3,2,4,5,1,3,2,1,0,8,2,1,1,2,7,2,5,1
33591,0,10,2,4,1,10,19,1,7,4,4,1,2,2,1,0,3,3,2,2,2,6,2,5,1
16381,1,10,1,4,1,17,13,1,7,4,10,1,2,2,1,0,2,1,1,3,2,3,2,2,1
33062,1,4,6,4,1,17,4,1,8,4,2,7,2,2,1,0,1,1,1,1,2,4,2,3,1
34548,1,8,4,4,1,7,2,1,10,4,7,8,2,2,1,1,2,4,1,6,4,3,2,3,1
11888,0,3,5,4,4,5,13,4,4,1,6,1,2,3,4,0,1,3,1,1,2,3,2,2,1
2430,0,8,3,4,4,20,13,2,3,1,9,1,2,3,4,0,1,2,1,1,2,3,2,2,1
5993,0,4,4,4,1,20,13,2,10,1,2,1,2,2,1,1,5,1,1,1,2,2,2,7,1
6046,1,8,1,4,5,21,12,3,7,4,4,1,2,2,1,0,2,3,1,2,2,6,2,5,1
3092,1,6,6,4,1,22,13,3,10,1,12,1,2,3,4,0,1,2,1,1,2,3,2,2,1
3355,1,11,1,2,1,20,2,1,10,6,7,8,2,2,1,0,1,3,1,1,3,3,2,2,1
23692,1,7,2,2,5,12,1,1,7,1,5,1,3,2,1,0,1,2,1,1,2,3,2,2,1
20254,1,9,1,4,1,19,13,1,8,4,8,1,2,2,1,0,2,2,1,2,2,3,2,2,1
17947,0,9,7,4,1,16,13,1,10,4,5,8,2,2,1,0,1,1,1,1,3,3,2,2,1
10798,0,3,2,1,1,24,13,3,2,1,12,1,2,2,1,0,1,2,1,1,2,5,2,5,1
24941,0,3,3,2,4,16,13,1,4,1,12,8,3,3,4,0,1,2,1,1,4,3,2,2,1
9820,1,9,5,4,1,18,13,1,10,4,5,1,2,2,1,0,2,1,1,3,2,3,2,2,1
15202,1,7,6,4,1,22,21,3,4,1,5,1,2,2,3,0,8,3,1,1,2,4,2,3,1
5099,0,2,7,4,1,9,18,1,2,4,11,1,2,2,1,0,8,3,1,1,2,3,2,2,1
3813,1,8,2,4,1,7,13,1,7,4,10,1,2,2,1,0,2,3,1,3,2,3,3,2,3
14797,0,2,3,4,1,17,13,1,7,3,10,1,2,2,1,0,3,1,1,3,2,5,2,2,1
25878,1,4,5,4,1,17,13,5,2,4,2,1,2,2,1,0,2,2,1,2,2,3,3,5,1
3752,1,7,1,4,1,2,7,3,7,2,7,1,2,2,1,0,1,3,1,1,2,5,2,5,1
7387,1,10,7,3,3,13,13,1,7,1,7,1,2,3,4,0,1,2,1,1,2,3,2,2,1
21109,1,3,2,4,1,13,13,1,2,4,7,1,2,2,1,0,2,3,1,2,2,4,2,3,1
25297,0,8,3,2,5,14,1,1,4,1,8,1,2,2,1,0,1,2,1,1,2,5,2,4,1
9692,0,7,1,4,5,16,1,1,7,1,8,8,3,3,4,0,1,1,1,1,4,3,2,2,1
24523,0,7,5,3,4,2,2,2,8,1,7,1,2,3,4,0,1,3,1,1,2,3,3,2,1
2351,0,3,2,4,5,24,1,2,7,1,6,1,2,3,4,0,1,2,1,1,3,3,2,2,1
14372,1,6,4,2,2,8,13,1,7,1,7,8,2,3,4,0,2,3,1,3,3,3,2,2,1
11046,0,5,1,4,1,3,13,2,10,1,3,8,2,3,4,0,1,3,1,1,4,3,2,2,1
1526,1,13,7,4,5,16,1,1,2,1,6,8,2,3,4,0,1,1,1,1,3,3,2,2,1
22285,0,4,7,4,1,11,13,1,8,4,3,8,2,2,1,0,2,3,1,3,2,3,2,2,1
28606,0,6,1,3,1,2,7,3,8,2,10,2,2,2,1,0,1,1,1,1,2,4,2,4,1
2964,0,5,1,4,1,9,20,1,7,4,6,8,3,2,1,0,1,1,1,1,3,3,3,2,1
1791,1,11,7,4,1,19,4,5,7,1,9,1,2,2,1,0,1,3,1,1,2,3,2,2,1
13159,0,3,7,4,1,21,13,2,10,3,5,8,2,2,1,0,1,1,1,1,3,4,2,2,1
15638,1,6,1,4,1,1,13,2,4,2,8,1,2,2,1,0,1,2,1,1,2,6,2,4,1
7520,1,9,4,4,1,6,13,4,7,4,3,1,2,2,1,0,2,1,1,2,2,3,2,3,1
7587,0,6,1,4,5,4,13,2,2,1,4,1,3,3,4,0,1,1,1,1,2,5,2,4,1
9624,1,4,7,2,1,16,13,1,4,3,12,8,3,2,1,0,1,3,1,1,4,3,2,2,1
12062,1,5,7,4,1,16,13,1,10,2,5,1,3,2,1,0,8,3,1,1,2,3,2,2,1
757,1,3,7,4,1,14,13,1,4,4,12,1,2,2,1,0,2,1,1,2,2,3,2,2,1
20918,1,3,1,4,1,18,13,1,4,2,9,1,2,2,1,0,8,1,1,1,2,5,2,5,1
11548,1,11,3,4,1,20,13,5,7,4,4,1,2,2,1,0,8,3,1,1,2,3,2,4,1
24931,0,5,7,3,5,8,1,2,4,1,12,8,2,2,1,0,1,2,1,1,4,3,2,2,1
26945,1,5,6,4,1,15,13,1,7,2,6,1,2,2,1,0,1,2,1,1,2,5,2,4,1
2196,0,4,7,4,1,22,13,3,2,1,2,1,2,3,4,0,1,1,1,1,4,4,2,3,1
9058,1,8,5,4,1,16,13,1,4,4,8,1,2,2,1,0,2,1,1,3,2,3,2,2,1
25583,0,4,1,4,1,3,21,2,2,5,11,1,2,2,1,0,2,3,1,3,2,3,2,2,1
17049,1,9,7,4,1,11,13,1,7,2,9,1,2,2,1,0,8,3,1,1,2,3,2,2,1
33209,0,10,5,4,5,14,1,1,2,1,2,1,2,2,1,0,3,4,1,2,2,5,2,2,1
441,0,8,5,4,1,4,21,3,10,4,5,1,2,2,1,0,2,2,1,2,2,5,2,6,1
6220,0,3,2,3,1,18,13,1,2,2,5,1,2,2,1,0,3,1,1,3,2,3,2,2,1
13077,1,6,7,4,1,20,13,3,8,1,9,8,2,3,4,0,3,3,1,3,5,5,2,2,1
6280,1,8,5,4,1,12,13,1,10,4,8,1,2,2,1,0,8,3,1,1,2,3,2,3,1
6003,1,9,7,4,1,11,13,1,7,2,3,1,2,2,1,0,3,3,2,1,2,3,2,3,1
1120,1,5,5,1,1,2,2,3,7,4,3,1,2,2,1,0,1,1,1,1,2,3,3,3,1
20122,0,5,7,4,5,13,1,1,7,1,11,1,3,2,1,0,3,2,1,3,2,3,2,2,1
3,0,4,6,4,1,12,13,1,4,3,2,8,2,2,1,0,1,1,1,1,3,3,2,2,1
23193,0,4,4,4,5,9,13,1,2,1,8,1,2,2,1,0,1,2,1,1,2,6,2,4,1
15398,1,4,1,4,1,10,13,1,7,3,1,8,2,2,1,0,1,2,1,1,3,3,2,2,1
7690,1,9,6,3,1,20,13,5,7,1,5,1,2,2,1,0,1,2,1,1,2,3,2,2,1
14687,1,6,4,4,1,16,13,1,8,2,6,7,2,2,1,0,8,3,1,1,2,3,2,3,1
9723,1,7,4,4,1,19,13,1,4,4,6,1,2,2,1,0,2,1,1,2,2,6,2,2,1
9549,0,7,7,2,1,17,13,1,10,4,10,8,2,2,1,0,2,1,1,3,3,5,2,3,1
16447,1,3,4,4,1,20,13,3,8,4,8,1,2,2,1,0,2,1,1,2,2,3,2,2,1
13621,1,10,3,3,5,12,1,1,3,1,8,1,2,3,5,0,1,1,1,1,4,3,2,2,1
17007,1,8,1,4,1,21,13,2,8,1,9,1,2,2,1,0,1,3,1,1,2,3,2,2,1
23155,1,7,3,3,1,15,20,1,8,4,6,1,2,2,1,0,2,2,2,2,2,4,2,4,1
18632,1,8,5,3,1,23,13,3,7,4,10,1,2,2,1,0,2,1,1,2,2,3,2,2,1
11118,0,7,6,4,1,21,13,3,7,4,4,1,2,2,1,1,2,3,1,2,2,4,2,3,1
13816,0,4,7,4,1,18,13,1,10,4,9,3,3,2,1,0,8,1,1,1,2,3,2,4,1
409,0,6,4,4,5,7,13,1,7,4,3,7,2,2,1,0,2,2,1,2,2,3,2,2,1
26510,1,3,4,4,5,14,1,1,8,1,4,1,3,2,1,0,3,2,1,2,2,3,3,2,5
28765,1,8,2,4,1,9,13,1,2,2,4,1,2,2,1,0,1,1,1,1,2,3,2,4,1
311,0,6,2,4,1,14,4,1,4,1,9,1,2,2,1,0,1,2,1,1,2,3,2,2,1
18484,0,6,7,4,5,13,13,1,7,1,10,8,2,3,4,0,1,3,1,1,3,5,2,2,1
28507,1,9,7,4,3,22,13,3,7,1,6,8,3,3,8,0,5,3,1,1,3,3,2,6,1
1877,0,7,6,4,1,22,13,1,7,3,7,1,2,2,1,0,3,3,1,3,2,3,2,2,1
20908,1,4,6,4,5,7,1,1,2,1,8,8,2,3,4,0,1,1,1,1,3,5,2,4,1
5702,0,6,6,4,1,5,13,3,7,4,10,1,2,2,1,0,1,1,1,1,2,4,2,3,1
8072,1,6,5,4,1,13,13,1,7,2,10,1,2,2,1,0,3,1,2,3,2,5,2,2,1
13950,1,7,4,4,4,24,13,2,8,1,9,1,2,3,4,0,1,3,1,1,2,3,2,3,1
13090,1,8,3,4,1,15,13,1,4,4,10,1,3,2,1,0,8,1,1,1,2,3,2,2,1
20369,1,10,1,3,1,20,13,3,7,4,4,1,2,2,1,0,2,2,1,2,2,3,2,2,1
7843,1,3,7,4,1,23,13,3,8,2,7,1,2,2,1,0,2,2,1,3,2,3,2,3,1
18791,1,8,4,3,5,10,1,1,10,1,8,1,3,3,2,0,1,2,1,1,2,3,3,3,1
13604,1,10,6,2,4,16,13,1,7,1,7,1,2,3,4,0,1,1,1,1,2,3,2,2,1
3928,0,6,6,4,5,9,1,1,7,1,9,1,2,2,1,0,1,3,1,1,2,3,2,3,1
13917,1,5,7,4,5,17,13,1,4,1,6,8,2,3,4,0,8,3,1,1,3,3,2,2,1
9100,1,5,6,4,1,21,13,3,2,4,6,1,2,2,1,0,8,1,2,1,2,3,2,5,1
18961,1,12,7,2,5,10,1,1,8,1,9,1,2,2,1,0,1,3,1,1,2,3,2,3,1
8352,0,4,2,4,1,14,1,1,7,1,7,8,2,3,4,0,1,3,1,1,4,3,2,2,1
32853,0,4,4,2,5,1,1,2,4,1,3,3,2,2,1,0,1,4,1,1,2,3,2,2,1
18447,1,7,3,4,5,18,1,1,6,1,10,1,2,3,2,0,1,1,1,1,2,3,2,4,1
29674,0,7,2,2,5,16,1,1,7,1,1,1,3,2,1,0,1,2,1,1,2,5,2,2,1
19124,1,8,6,4,1,10,13,1,7,2,11,1,2,2,1,1,12,1,1,1,2,3,2,4,1
36768,1,4,3,4,1,9,13,1,7,4,5,1,3,2,1,0,2,1,2,3,2,4,2,3,1
6695,1,8,3,2,1,18,7,1,4,2,5,2,2,2,1,0,2,3,1,2,2,3,2,2,1
17887,1,4,1,4,1,18,10,1,7,4,3,4,2,2,1,0,3,3,1,2,2,3,2,2,1
27613,0,7,6,4,1,16,19,1,7,5,6,1,2,2,1,0,1,1,1,1,2,7,2,4,1
12640,1,11,1,2,1,19,13,1,2,1,8,8,2,3,5,0,1,1,1,1,4,3,2,2,1
33227,0,6,7,4,1,20,13,3,4,2,4,1,2,2,1,0,1,4,1,1,2,4,2,6,1
13774,0,3,4,4,1,9,1,1,4,1,7,8,2,2,1,1,5,1,1,1,3,2,2,7,1
20804,0,5,4,4,4,8,4,1,1,1,11,8,3,3,4,0,1,2,1,1,4,3,2,2,1
17211,0,3,4,4,5,17,15,5,8,1,12,1,2,2,1,0,1,1,1,1,2,3,2,2,1
23078,0,8,7,2,1,8,1,1,8,1,7,4,2,2,1,0,3,2,1,2,2,3,2,2,1
8616,0,9,6,4,1,20,13,3,2,3,12,1,2,2,1,0,1,1,1,1,2,3,2,2,1
31463,0,4,1,2,1,10,22,1,3,5,8,1,2,2,1,0,1,1,1,1,2,7,2,4,1
2813,0,4,3,4,1,1,13,3,10,4,6,7,2,2,1,0,2,1,1,3,2,3,2,2,1
9088,0,4,3,4,1,19,13,1,4,1,9,8,2,3,4,0,1,3,1,1,4,3,2,2,1
2929,1,8,5,4,1,16,19,1,7,6,5,1,2,2,1,0,1,1,1,1,2,3,2,2,1
8719,1,9,7,4,1,13,13,1,7,4,6,1,2,2,1,0,8,3,1,1,2,3,2,5,1
22976,0,3,2,3,1,15,13,1,7,2,8,1,2,2,1,0,3,3,1,3,2,4,2,6,1
21155,1,6,2,4,1,19,13,3,8,2,10,1,2,2,1,0,8,2,1,1,2,4,2,3,1
11412,1,10,5,4,1,15,13,1,7,2,11,1,2,2,1,0,2,1,1,3,2,3,2,2,1
26676,0,3,6,4,5,13,1,1,10,1,11,1,2,2,1,0,1,2,1,1,2,3,2,3,1
7377,1,9,4,4,1,24,13,2,7,1,6,1,2,2,1,0,1,2,1,1,2,3,2,2,1
23352,0,4,6,2,5,21,1,3,8,1,6,1,2,2,1,0,1,2,1,1,2,3,2,2,1
6284,0,8,4,4,1,18,13,1,8,1,7,1,2,3,4,0,1,3,1,1,2,3,2,2,1
10341,0,4,2,4,5,19,1,6,2,1,10,8,2,3,4,0,2,3,1,3,3,5,2,3,1
5611,1,7,6,4,1,17,13,1,10,4,7,1,2,2,1,0,1,2,1,1,2,5,2,5,1
11485,1,7,4,4,1,6,13,4,2,3,12,1,2,2,1,0,2,3,1,2,2,5,2,2,1
9118,1,4,7,2,1,19,13,2,7,3,1,8,2,2,1,0,1,3,2,1,3,3,2,2,1
1462,1,4,1,4,1,20,10,3,4,2,10,1,2,2,2,0,1,1,1,1,2,4,2,4,1
2159,0,7,5,3,1,22,13,3,3,4,8,2,3,2,1,0,2,1,1,3,2,3,2,2,1
11436,0,5,4,4,5,5,13,2,7,1,12,1,2,2,1,0,1,3,1,1,2,3,2,2,1
10470,0,10,1,4,5,13,1,1,7,1,4,8,3,2,1,0,1,2,1,1,4,3,2,2,1
32502,1,7,3,4,1,5,13,3,7,4,9,1,2,2,1,0,2,4,1,2,2,3,2,4,1
20978,1,7,5,2,5,11,1,1,8,1,8,1,2,2,1,0,3,1,1,2,2,3,2,2,1
16179,1,6,6,4,1,12,13,1,2,4,3,1,2,2,1,0,2,3,1,2,2,3,2,3,1
28908,1,9,1,3,1,16,5,1,2,4,11,1,2,2,1,0,2,1,1,3,2,5,2,3,1
26593,0,3,6,4,1,14,8,1,4,5,3,8,3,2,1,0,1,2,1,1,4,3,2,3,1
23125,1,7,7,4,1,10,10,1,7,5,2,1,2,2,1,0,1,2,1,1,2,5,2,4,1
18938,0,12,5,4,1,12,4,1,7,4,8,8,2,2,1,0,2,3,1,2,2,3,2,3,1
1918,0,4,3,4,1,13,13,1,2,2,9,7,2,2,1,1,12,3,1,1,4,3,2,4,1
36422,0,3,7,4,1,15,13,1,10,4,10,1,2,2,1,0,2,3,1,2,2,3,2,2,1
9894,1,3,2,4,1,16,13,1,7,1,8,1,2,2,4,0,1,2,1,1,2,3,2,2,1
3323,1,6,1,4,1,8,13,1,7,4,6,1,2,2,1,0,2,3,1,3,2,3,2,2,1
20890,0,8,4,4,1,8,13,2,7,2,7,1,2,2,1,0,1,1,1,1,2,3,2,2,1
7281,1,8,7,4,5,10,1,1,7,1,10,2,3,2,1,0,1,2,1,1,2,3,2,2,1
33639,0,5,5,3,1,17,18,1,2,4,10,1,2,2,1,0,8,3,1,1,2,6,2,5,1
13873,0,5,6,4,1,14,13,1,10,3,3,1,2,2,1,0,8,1,1,1,2,3,2,2,1
5233,0,10,7,4,1,14,18,1,7,4,10,1,2,2,1,0,2,1,1,2,2,3,2,2,1
36869,0,7,6,2,5,23,1,2,2,1,9,1,2,2,1,0,1,4,1,1,2,3,2,2,1
33205,0,11,7,4,1,17,13,1,2,1,10,8,2,2,1,0,1,1,1,1,4,3,2,2,1
35415,0,6,6,4,5,13,1,1,4,1,9,8,2,3,4,0,1,4,2,1,4,3,2,2,1
1949,1,6,6,4,1,4,10,3,10,4,4,2,2,2,1,0,1,1,1,1,2,5,2,4,1
22728,0,3,6,2,1,16,13,1,2,4,8,8,2,2,1,0,8,2,1,1,2,3,2,2,1
30002,0,9,7,2,1,9,2,1,7,5,5,1,2,2,1,0,8,3,1,1,2,5,2,5,1
10483,0,7,1,4,1,21,13,2,7,1,4,1,2,3,4,0,3,2,1,3,2,3,2,2,1
31260,0,10,4,2,1,16,3,1,8,5,4,2,2,2,1,0,1,4,1,1,2,3,2,2,1
27037,0,4,2,4,5,23,1,3,2,1,11,7,2,2,1,0,1,3,1,1,2,6,2,4,1
17631,1,10,6,4,1,18,13,1,7,4,7,8,3,2,1,0,1,2,1,1,3,3,2,2,1
15582,1,6,1,3,5,14,1,1,7,2,8,1,3,2,1,0,8,2,1,1,2,5,2,2,1
31350,0,4,3,3,1,18,13,1,10,2,5,1,2,2,1,0,3,4,1,2,2,3,2,3,1
2931,0,5,6,4,1,6,19,1,8,1,5,8,3,3,3,0,1,1,1,1,3,4,2,4,1
1939,1,7,5,1,1,23,4,2,7,4,9,8,2,2,1,0,2,3,1,2,2,3,3,5,1
33837,0,6,4,4,1,16,13,1,3,4,6,1,2,2,1,0,1,4,1,1,2,3,2,2,1
10420,1,7,3,3,1,17,18,1,10,5,3,7,2,2,1,0,1,2,1,1,2,3,2,5,1
18831,0,8,7,2,1,17,13,1,7,4,10,1,2,2,1,0,8,1,1,1,2,3,2,2,1
18345,1,11,3,4,1,14,13,1,7,4,6,1,2,2,1,0,2,3,1,2,2,3,2,2,1
30813,1,8,4,4,1,20,13,3,10,4,10,1,2,2,1,0,2,1,1,3,2,3,2,4,1
3365,1,9,5,4,5,15,1,1,7,1,7,1,2,3,4,0,1,1,1,1,2,3,2,3,1
14571,1,4,1,2,5,21,1,3,4,1,10,1,2,2,1,1,2,3,1,2,2,3,2,3,1
7432,1,9,7,4,1,14,13,1,7,2,9,1,2,2,1,0,1,2,1,1,2,3,2,2,1
32817,0,5,6,4,1,17,13,5,2,2,11,1,2,2,1,0,1,1,1,1,2,5,2,4,1
17630,1,3,6,4,1,18,13,1,8,4,7,1,2,2,1,0,2,1,1,2,2,3,2,2,1
950,1,8,4,4,1,21,13,2,4,2,6,1,3,2,1,0,1,3,1,1,2,7,2,4,1
16169,1,3,3,4,1,20,13,5,4,2,5,1,2,2,1,0,1,1,1,1,2,3,2,3,1
23293,0,4,1,4,1,18,19,1,8,5,10,1,2,2,1,0,1,2,1,1,2,5,2,4,1
30033,0,4,5,4,1,15,13,1,10,2,11,1,2,2,1,0,1,1,1,1,2,4,2,2,1
3591,0,6,5,3,4,21,13,2,10,1,7,8,2,3,4,0,1,1,1,1,4,3,2,2,1
18132,0,6,7,4,1,15,13,1,10,4,2,1,2,2,1,0,7,1,1,1,2,5,2,3,1
16916,1,9,2,4,1,17,1,1,7,1,8,8,3,2,1,0,1,3,1,1,3,3,2,2,1
10589,0,6,7,4,1,10,21,1,7,5,6,1,2,2,1,0,1,1,1,1,2,6,2,4,1
36103,1,4,1,4,1,16,13,1,10,4,9,1,2,2,1,0,2,4,1,3,2,3,2,4,1
33536,1,11,6,4,5,17,1,1,7,1,1,1,3,3,3,0,1,4,1,1,2,3,2,4,1
27100,0,7,1,4,2,14,1,1,2,1,9,8,2,3,4,0,1,2,1,1,3,3,2,2,1
23396,0,7,6,4,5,11,1,1,4,1,10,7,2,3,3,0,1,2,1,1,3,3,2,4,1
34660,0,4,1,4,1,1,7,2,1,2,9,1,2,2,1,0,1,4,1,1,2,3,2,4,1
24647,0,8,4,4,1,13,13,1,4,1,7,8,3,3,4,0,3,3,1,3,4,3,2,2,1
17852,1,4,2,4,5,20,1,2,8,1,8,7,3,2,1,0,1,1,1,1,3,3,2,3,1
33197,0,4,1,4,1,19,13,3,7,4,8,1,2,2,1,0,2,1,1,2,2,4,2,2,1
25656,0,7,7,4,1,14,13,1,7,5,6,1,2,2,1,0,3,2,1,3,2,3,2,2,1
31467,0,4,5,4,1,22,13,3,8,2,9,1,2,2,1,0,1,1,1,1,2,6,2,4,1
10036,0,4,1,4,5,23,1,3,4,1,4,8,2,3,4,0,1,3,1,1,4,3,2,2,1
14967,0,9,2,4,1,19,2,1,2,4,8,8,2,2,1,0,3,3,1,3,2,3,2,2,1
22535,0,7,6,2,1,20,7,2,7,2,9,1,2,2,1,0,1,3,1,1,2,3,2,2,1
23148,0,5,5,4,1,16,13,1,10,2,5,1,2,2,1,0,1,3,1,1,2,5,2,4,1
22434,0,4,3,2,1,14,13,1,7,2,5,8,2,2,1,0,1,2,1,1,5,3,2,2,1
13581,0,5,7,4,1,17,13,1,2,3,12,1,2,2,1,0,1,3,1,1,2,3,2,2,1
3997,1,12,6,4,1,12,13,1,2,2,4,1,2,2,1,0,1,1,1,1,2,3,2,4,1
18103,1,3,5,4,1,8,13,1,8,3,9,1,2,2,1,0,2,2,1,3,2,3,2,2,1
23722,1,9,2,2,5,23,1,2,4,1,8,1,2,2,1,0,1,1,1,1,2,3,2,2,1
32833,1,8,3,4,1,23,13,3,7,4,12,8,2,2,1,0,2,3,1,2,2,4,2,4,1
7721,1,4,6,4,1,22,13,3,4,4,3,1,2,2,1,0,2,1,1,3,2,7,2,5,1
5270,1,10,3,4,1,17,13,5,10,2,11,1,2,2,1,0,1,1,1,1,2,5,2,4,1
1052,0,8,1,4,1,22,13,3,7,4,1,1,2,2,1,0,8,3,1,1,2,3,2,2,1
13997,1,9,6,3,5,13,1,1,7,1,9,7,2,3,4,0,1,3,1,1,2,3,2,2,1
30151,0,3,3,3,1,19,13,3,4,4,11,8,2,6,1,0,8,3,1,1,1,1,1,1,1
11398,1,7,1,4,5,16,1,1,7,1,8,1,2,2,1,0,3,3,2,2,2,3,2,3,1
20775,0,3,3,2,1,13,13,1,8,2,8,1,2,2,1,0,1,2,1,1,2,3,2,2,1
17835,1,8,7,4,1,19,15,1,8,1,5,1,2,2,1,0,1,1,1,1,2,3,2,2,1
24150,1,5,1,4,1,16,3,1,10,4,2,1,2,2,1,0,2,1,1,2,2,3,2,2,1
24973,1,8,3,4,1,14,13,1,7,4,3,1,2,2,1,0,8,1,1,1,2,3,2,2,1
13736,0,3,6,4,1,11,2,1,2,4,7,8,3,2,1,0,2,1,1,3,3,3,2,2,1
3032,1,6,7,4,5,13,1,1,8,1,8,8,2,2,1,0,1,1,1,1,3,3,2,2,1
23850,0,9,6,2,1,11,13,1,7,2,7,2,2,2,1,0,1,2,1,1,2,3,2,4,1
30758,0,3,3,2,1,20,13,5,7,2,5,8,2,6,1,0,8,1,1,1,1,1,1,1,1
28299,0,4,2,4,1,13,13,1,10,3,4,8,3,2,1,0,1,1,1,1,3,3,2,2,1
22834,0,4,1,2,1,19,10,1,4,4,7,8,2,6,1,0,8,3,1,1,1,1,1,1,1