id,Severity,age_classes,day_week,DEFORMED_classes,m_harm_classes,hour,impact1_classes,lgt_cond,make,man_coll,month,p_crash1,pcrash4,pcrash5,rel_road,reljct1,reljct2,rest_use,sex,typ_int,valign,vnum_lan,vsurcond,vtrafway,weather_classes
19380,1,6,4,2,2,8,13,1,7,1,7,8,2,3,4,0,2,3,1,3,3,3,2,2,1
3810,0,10,7,4,1,16,10,1,7,4,10,1,3,2,1,0,1,1,1,1,2,3,2,2,1
31861,0,9,4,4,5,16,1,1,7,2,5,1,3,2,1,0,1,3,1,1,2,3,2,4,1
6012,1,8,1,4,1,15,7,1,7,2,2,5,2,2,1,0,3,1,1,2,2,4,2,3,1
35465,0,4,4,3,1,14,13,1,8,4,5,1,2,2,1,0,2,4,1,3,2,3,2,2,1
17136,0,3,3,4,1,17,13,3,8,1,11,1,2,2,1,0,3,1,1,3,2,3,3,2,1
28992,0,9,7,4,1,11,7,1,7,2,6,2,2,2,1,0,3,1,1,2,2,3,2,4,3
33336,0,8,5,4,1,16,13,1,7,2,6,1,2,2,1,0,3,3,1,2,2,4,2,4,1
14795,0,8,7,4,1,11,13,1,7,3,10,8,2,2,1,0,1,1,1,1,3,3,2,2,1
1797,0,5,6,4,5,21,13,2,7,2,9,1,2,2,1,0,1,3,1,1,2,3,2,4,1
21590,0,6,3,2,5,15,1,1,8,1,4,1,2,2,1,0,1,2,1,1,2,5,2,6,1
14669,0,8,5,4,4,17,13,1,10,1,6,8,2,3,6,0,1,1,1,1,3,3,2,2,1
16152,0,9,6,4,1,15,13,1,7,3,4,1,2,2,1,0,2,3,1,2,2,4,2,3,1
12645,0,4,3,4,1,23,13,3,4,4,8,1,2,2,1,0,2,1,1,2,2,3,2,2,1
1215,0,2,1,4,1,3,13,3,2,4,7,1,2,2,1,0,2,1,1,2,2,4,2,3,1
3955,1,9,1,2,5,8,1,1,10,1,10,1,2,2,1,0,8,3,1,1,2,3,2,3,1
16205,0,7,2,4,1,24,13,2,7,3,6,7,2,2,1,0,1,3,1,1,2,3,2,2,1
12754,1,3,4,4,1,16,13,1,2,4,10,1,3,2,1,0,2,1,1,2,2,5,2,5,1
786,0,7,3,2,1,11,13,1,10,1,5,1,2,2,1,0,1,2,1,1,2,5,2,2,1
35995,0,6,1,4,1,23,13,3,4,4,10,1,2,2,1,0,2,1,1,3,2,4,2,4,1
5911,1,10,6,4,1,13,13,1,7,4,5,1,2,2,1,0,2,3,1,4,2,3,2,2,1
6837,0,10,7,4,1,17,2,5,7,1,10,8,2,3,5,0,1,3,1,1,3,3,2,2,1
17548,1,11,5,4,1,11,13,1,7,3,4,8,2,2,1,0,1,1,1,1,5,3,2,2,1
18925,1,5,7,4,5,17,13,1,4,1,6,8,2,3,4,0,8,3,1,1,3,3,2,2,1
4841,1,9,5,4,1,18,13,1,10,3,8,1,2,2,1,0,2,1,1,3,2,3,2,2,1
498,1,4,1,4,5,16,7,1,2,2,4,2,3,2,1,0,1,2,1,1,2,6,2,4,1
30511,0,4,2,2,1,7,13,1,2,2,7,7,2,2,1,0,1,4,1,1,2,3,2,4,1
22336,1,7,4,2,5,16,1,1,2,1,7,1,2,2,1,0,1,1,2,1,2,3,2,4,1
24802,0,7,6,4,1,17,12,1,3,4,6,1,2,2,1,0,2,1,1,3,2,3,2,2,1
13233,1,5,5,4,1,18,11,1,8,6,8,8,2,2,1,0,1,1,1,1,3,3,2,2,1
6804,1,4,4,4,1,19,13,1,10,4,8,1,2,2,1,0,2,2,1,2,2,3,2,2,1
6580,0,5,6,4,1,17,13,1,8,4,9,1,2,2,1,0,2,1,1,3,2,3,2,3,1
19724,0,12,6,4,1,16,11,1,7,6,4,8,2,2,1,0,1,1,1,1,3,3,2,2,1
22833,1,10,6,4,1,16,10,1,7,5,7,1,2,2,1,0,2,3,1,3,2,5,2,2,1
9905,0,7,7,3,1,16,18,1,7,1,4,8,2,2,4,0,1,2,2,1,4,3,2,2,1
10156,1,9,6,4,1,10,19,1,10,4,4,1,2,2,1,1,2,3,1,3,2,3,2,2,1
16474,1,6,7,4,1,12,13,1,2,2,12,1,2,2,1,0,1,1,1,1,2,6,2,4,1
30548,1,7,3,4,1,19,7,2,1,2,11,1,2,2,1,0,3,4,1,2,2,7,2,2,1
6448,1,7,6,4,5,19,1,2,7,1,12,1,2,2,1,0,1,3,1,1,2,3,2,2,1
21066,0,4,6,2,1,22,13,3,8,4,4,1,2,2,1,0,2,3,1,7,2,3,2,3,1
5849,1,4,1,4,1,20,13,5,6,4,6,1,2,2,1,0,8,1,1,1,2,6,2,5,1
28356,1,7,4,4,5,7,1,1,7,1,8,1,2,2,1,0,8,1,1,1,2,3,2,4,1
11946,0,8,4,4,1,20,13,2,7,4,10,1,2,2,1,0,2,3,1,2,2,3,2,2,1
16335,0,4,5,4,1,24,13,2,2,4,9,1,2,2,1,0,2,3,1,3,2,4,2,3,1
10515,1,3,1,4,1,16,13,1,6,2,4,1,2,2,1,0,1,2,1,1,2,6,2,4,1
6830,1,4,6,4,1,7,13,1,4,4,9,1,2,2,1,0,2,3,2,2,2,5,2,3,1
2648,1,4,5,4,5,19,1,2,2,1,10,1,2,3,4,0,1,1,1,1,2,3,2,2,1
20490,0,6,5,2,1,6,13,4,7,2,9,1,2,2,1,0,8,2,1,1,2,5,2,2,1
427,0,4,1,3,5,13,1,1,6,1,3,1,2,3,4,0,1,1,1,1,4,3,2,2,1
25596,0,4,4,3,5,16,1,1,6,1,9,1,3,2,1,0,1,1,1,1,2,3,2,2,1
18024,0,4,2,4,1,18,13,1,6,3,7,7,2,2,1,0,1,1,1,1,3,3,2,2,1
27288,0,3,4,2,5,1,1,3,10,1,9,1,2,3,4,0,1,2,1,1,2,4,2,4,1
20797,0,4,5,2,1,21,13,2,8,4,9,1,2,2,1,0,2,2,1,3,2,4,2,2,1
92,1,9,7,4,1,19,13,1,3,4,6,7,2,2,1,0,1,1,1,1,2,3,2,2,1
19780,0,4,2,4,1,10,13,1,4,3,8,7,3,2,1,0,1,1,1,1,2,3,2,2,1
5569,0,3,6,4,1,20,13,5,8,3,8,8,2,2,1,0,1,2,1,1,3,3,2,2,1
5543,0,6,3,4,1,21,13,2,7,2,8,1,2,2,1,0,1,3,1,1,2,4,2,3,1
540,0,4,2,4,1,13,13,1,4,4,7,1,2,2,1,0,8,1,1,1,2,3,2,2,1
1508,1,7,1,4,1,19,13,1,4,4,5,1,2,2,1,0,4,3,1,1,2,3,2,2,1
24763,0,4,5,2,1,18,7,1,8,2,3,5,2,2,1,0,2,1,1,3,2,3,2,2,1
21825,1,9,7,2,1,9,13,1,7,1,5,8,2,3,4,0,4,3,1,1,4,5,2,2,1
1118,0,9,4,4,1,13,13,1,7,4,3,1,2,2,1,0,1,3,1,1,2,3,2,3,1
15132,0,8,1,2,5,12,1,1,1,1,8,1,3,3,2,0,1,1,1,1,2,3,9,2,1
18878,0,3,4,4,1,13,13,1,10,4,2,1,2,2,1,0,2,3,1,3,2,3,2,3,1
6972,0,5,5,4,1,22,13,3,7,3,7,8,2,2,1,0,1,3,1,1,3,3,2,2,1
34504,1,9,7,4,1,23,13,3,7,2,9,7,2,2,1,0,1,3,1,1,2,3,2,3,1
18358,1,6,2,3,1,21,13,1,4,1,7,1,2,3,7,0,3,3,1,3,2,3,2,2,1
36243,0,5,7,2,1,12,1,1,2,1,5,1,2,2,1,0,1,4,1,1,2,5,2,4,1
2130,0,6,7,3,1,10,12,1,7,4,4,1,2,2,1,0,2,2,1,2,2,3,2,3,1
16162,1,7,4,4,1,19,5,1,2,1,5,8,2,3,4,1,5,3,1,1,4,3,2,7,1
10809,1,4,4,3,5,15,1,1,6,1,12,1,3,2,1,0,3,2,1,2,2,3,2,2,1
10027,1,9,4,4,1,10,13,1,2,4,3,1,2,2,1,0,2,2,1,2,2,3,2,2,1
6584,0,4,1,4,1,10,13,1,2,4,9,8,2,2,1,0,2,1,1,2,4,3,2,2,1
10052,0,4,1,4,1,23,13,3,4,2,6,1,2,2,1,0,1,1,1,1,2,4,2,4,1
34747,0,9,3,4,1,17,18,1,7,6,9,8,2,2,1,0,1,1,1,1,4,3,2,2,1
23871,0,7,1,3,1,14,10,1,4,4,11,8,2,2,1,0,2,2,1,2,2,4,2,6,1
16113,0,3,1,4,1,7,13,1,8,4,4,1,2,2,1,0,8,1,1,1,2,3,2,2,1
13191,1,5,6,4,1,16,10,1,8,6,7,1,2,2,1,0,1,1,1,1,2,5,2,2,1
15581,1,7,7,4,1,16,18,1,7,5,5,1,2,2,1,0,1,2,1,1,2,6,2,4,1
17739,1,9,4,3,1,11,13,1,10,4,3,1,2,2,1,0,2,1,1,3,2,4,2,3,1
14979,0,7,1,4,4,19,13,1,10,1,8,8,2,3,4,0,1,3,1,1,4,3,2,2,1
24796,0,6,7,2,5,11,13,1,1,2,6,1,2,3,1,0,8,2,1,1,2,3,2,2,1
31532,0,8,7,2,1,12,12,1,7,6,11,8,2,6,1,0,8,3,1,1,1,1,1,1,1
11,1,10,2,4,5,12,1,1,7,1,3,8,2,3,4,0,1,1,1,1,4,3,2,2,1
1822,1,8,5,4,5,2,13,3,7,1,9,1,2,3,5,0,1,3,1,1,2,3,2,2,1
13596,0,7,7,3,1,14,13,1,7,1,5,8,2,3,8,0,1,1,1,1,3,2,3,6,3
6750,0,3,5,4,5,1,13,2,2,2,7,1,2,2,1,0,1,3,1,1,2,3,2,3,1
25442,1,6,1,4,1,24,13,3,7,3,9,1,2,2,1,0,1,2,1,1,2,3,2,2,1
13897,1,7,3,4,1,17,13,1,7,4,5,1,2,2,1,0,2,3,1,2,2,3,2,3,1
24198,0,5,5,4,1,16,13,1,7,3,8,1,2,2,1,0,8,1,1,1,2,3,2,2,1
478,1,6,1,4,5,15,1,1,8,1,5,8,2,3,3,0,1,1,1,1,3,3,2,4,1
26712,0,7,3,4,1,5,13,4,8,1,5,1,2,2,1,0,1,2,1,1,2,3,2,2,1
16157,1,4,5,4,1,11,13,1,8,4,5,1,2,2,1,0,2,3,1,2,2,3,2,3,1
19063,1,3,3,4,1,12,12,1,8,4,7,1,2,2,1,0,2,1,1,3,2,3,2,5,1
22775,1,5,7,2,5,7,13,4,2,1,1,1,2,2,1,0,1,2,1,1,2,3,2,2,1
2797,0,7,7,4,1,14,13,1,7,6,5,8,2,2,1,0,1,1,2,1,4,3,3,2,1
21710,0,4,2,3,1,19,13,3,10,1,2,1,2,2,1,0,1,2,1,1,2,4,2,4,1
2980,0,4,6,4,5,16,1,1,4,1,7,8,3,2,1,0,3,1,1,3,5,3,8,2,1
14023,1,7,1,4,1,15,1,1,7,1,5,8,2,3,4,0,1,1,1,1,4,3,2,2,1
6876,0,8,7,4,4,15,15,1,7,1,6,8,2,3,4,0,1,1,1,1,3,3,2,2,1
10006,0,7,3,4,5,8,1,1,7,1,7,1,3,2,1,0,8,3,1,1,2,3,2,2,1
35863,1,9,5,4,1,15,13,1,7,4,2,1,2,2,1,0,2,1,1,3,2,3,2,2,1
19765,1,10,1,4,1,13,13,1,2,3,7,8,2,2,1,0,2,1,1,3,3,3,2,2,1
33321,0,4,6,4,5,12,1,1,4,1,5,1,2,3,3,0,1,3,1,1,2,3,2,3,1
20529,0,10,7,3,1,19,13,3,7,4,2,1,2,2,1,0,8,3,2,1,2,5,2,2,1
15992,0,4,6,4,1,1,13,3,8,2,1,1,2,2,1,0,1,1,1,1,2,5,2,4,1
19039,0,9,1,4,1,9,13,1,4,3,5,1,2,2,1,0,1,1,1,1,2,3,2,2,1
11734,0,8,7,4,1,22,10,3,7,4,7,1,2,2,1,0,2,3,1,2,2,5,2,3,1
25647,0,3,5,3,5,6,1,1,10,1,5,8,3,2,1,0,1,2,1,1,4,3,2,2,1
9642,1,7,3,2,5,18,1,1,7,1,9,1,3,3,10,0,1,3,1,1,2,4,2,6,1
29856,0,5,6,2,1,11,13,1,8,4,5,8,2,2,1,0,2,4,1,2,2,4,2,3,1
26767,1,3,4,4,1,18,13,1,4,4,8,7,2,2,1,0,2,2,1,2,2,3,2,3,1
23970,0,7,4,2,1,17,13,1,10,4,8,7,2,2,1,0,1,1,1,1,2,6,2,4,1
31061,1,3,5,4,1,6,21,1,2,5,3,1,2,2,1,0,1,1,1,1,2,6,3,4,1
19606,1,3,2,2,5,15,1,1,8,1,11,8,2,3,4,0,1,1,1,1,3,3,2,2,1
23432,0,7,1,2,1,23,22,3,2,5,2,1,2,2,1,0,1,2,1,1,2,4,2,6,1
31926,0,8,2,2,1,16,1,1,11,1,8,5,2,2,1,0,3,3,1,2,2,4,3,4,1
9995,0,7,1,4,1,14,13,1,7,4,10,1,2,2,1,0,2,2,1,3,2,3,2,2,1
29372,0,4,1,4,1,18,13,1,1,2,4,1,2,2,1,0,1,4,1,1,2,5,2,4,3
16235,1,7,4,4,1,10,22,1,7,5,5,1,2,2,1,0,2,3,1,3,2,4,2,3,1
7060,1,12,7,2,5,18,1,1,2,1,5,8,3,2,1,0,5,1,1,1,2,2,2,7,1
31709,0,4,1,2,5,15,18,1,4,5,7,1,2,2,1,0,1,3,1,1,2,4,2,4,1
23952,0,3,5,4,1,15,13,1,2,4,6,1,2,2,1,0,1,2,1,1,2,6,2,4,1
32271,0,7,6,4,5,21,1,2,2,1,6,8,3,2,1,0,1,4,1,1,3,3,2,2,1
4859,0,8,7,4,4,18,13,1,6,1,8,8,2,3,5,0,1,1,1,1,4,3,2,2,1
36179,1,4,4,4,1,8,10,1,7,5,3,7,2,2,1,0,1,3,1,1,2,4,2,4,1
165,1,9,7,4,5,15,15,1,7,1,5,1,2,2,1,0,1,3,1,1,2,3,2,2,1
11642,0,3,4,4,1,18,13,5,10,4,1,8,2,2,1,0,2,3,1,3,3,3,2,3,1
16502,1,6,7,3,1,19,13,2,2,4,1,1,2,2,1,0,2,1,1,2,2,3,2,3,1
13097,0,3,2,4,1,15,13,1,10,4,11,1,2,2,1,0,2,1,1,2,2,3,2,4,1
23890,0,7,6,2,1,16,13,1,7,4,9,8,2,2,1,0,1,2,1,1,2,5,2,2,1
25095,0,9,7,4,5,12,1,1,10,1,9,1,2,2,1,0,3,1,1,3,2,3,2,2,1
29636,0,7,1,3,1,8,21,1,8,1,8,8,3,3,4,0,1,4,1,1,4,3,2,2,1
17089,0,6,7,4,1,13,12,1,10,6,7,8,2,2,1,0,1,1,1,1,3,3,2,2,1
15251,0,10,7,4,1,14,18,1,7,4,10,1,2,2,1,0,2,1,1,2,2,3,2,2,1
4860,0,10,7,4,1,15,13,1,8,2,10,1,2,2,1,0,3,1,1,1,2,3,3,2,1
116,0,9,7,4,5,12,1,1,9,1,2,8,2,3,2,0,1,1,1,1,4,3,2,4,1
18763,1,7,7,4,1,24,13,3,10,4,7,1,2,2,1,1,2,1,1,2,2,4,3,3,1
14097,0,4,3,4,1,19,13,1,4,1,9,8,2,3,4,0,1,3,1,1,4,3,2,2,1
4295,0,3,5,4,1,23,13,2,2,2,6,1,2,2,1,0,1,3,1,1,2,3,2,2,1
23669,0,8,4,2,1,15,1,1,2,1,5,8,2,2,1,0,8,1,1,1,1,1,1,1,1
20697,0,4,5,2,5,17,1,1,8,1,4,1,3,2,1,0,1,2,1,1,2,3,2,3,1
10183,1,9,7,4,5,15,15,1,7,1,5,1,2,2,1,0,1,3,1,1,2,3,2,2,1
14061,1,6,4,4,1,17,13,1,2,2,7,7,2,2,1,0,1,3,1,1,2,3,2,5,1
9986,0,8,7,4,5,20,1,2,7,1,9,1,2,3,3,0,1,3,1,1,2,3,3,3,1
10977,0,6,3,4,1,22,13,2,7,4,1,8,2,2,1,0,1,3,1,1,3,3,2,2,1
455,0,8,1,4,1,14,13,1,7,3,4,8,2,2,1,0,1,1,1,1,3,3,2,2,1
11076,1,8,6,4,5,15,1,1,7,1,1,1,2,2,1,0,2,1,1,2,2,4,2,3,1
33251,0,5,6,4,1,20,13,3,10,4,6,8,2,2,1,0,2,4,1,2,2,4,2,3,1
6571,0,5,3,4,5,24,13,2,2,1,8,8,2,3,5,0,1,1,1,1,3,3,2,2,1
27379,1,2,6,4,1,20,13,3,4,4,9,1,2,2,1,0,8,3,1,1,2,3,2,3,1
4979,0,8,7,3,1,11,13,1,7,1,9,8,2,3,4,0,1,3,1,1,3,3,2,2,1
20743,0,9,5,2,5,17,1,1,10,1,6,8,3,2,1,0,8,2,1,1,5,3,2,2,1
22110,0,9,6,2,5,14,1,1,2,1,7,8,3,2,1,0,1,2,1,1,4,3,3,2,1
20245,0,7,6,3,1,19,13,1,2,3,7,1,2,2,1,0,1,1,1,1,2,3,2,2,1
13523,0,5,6,4,1,14,13,1,10,4,7,1,2,2,1,0,2,3,1,2,2,3,2,2,1
10357,1,10,7,3,5,9,1,1,7,1,1,1,2,3,4,0,1,2,1,1,2,3,2,2,1
30707,1,5,3,4,1,7,7,1,2,2,7,5,2,2,1,0,3,4,1,2,2,4,2,4,1
5360,0,8,4,3,1,16,13,1,7,4,1,1,2,2,1,0,8,1,1,1,2,3,2,2,1
8766,0,3,4,4,1,9,1,1,4,1,7,8,2,2,1,1,5,1,1,1,3,2,2,7,1
861,1,9,2,4,5,16,12,1,7,1,8,8,2,3,4,0,1,3,1,1,3,3,2,2,1
24734,0,10,1,4,5,8,1,1,7,1,12,1,3,2,1,0,1,3,1,1,2,6,3,4,1
5777,1,13,6,2,1,15,6,1,10,4,11,1,2,2,1,0,3,1,1,2,2,5,2,5,1
30909,0,8,4,4,1,17,22,1,7,5,8,1,2,2,1,0,8,3,1,1,2,4,2,6,1
27108,0,8,1,4,3,16,13,1,7,1,3,1,2,3,3,0,1,3,1,1,2,3,2,4,1
17663,0,4,2,4,1,11,1,1,8,1,9,8,3,2,1,0,1,1,1,1,3,3,2,2,1
30142,1,4,3,4,5,8,1,1,4,1,12,8,2,2,1,0,2,4,1,3,4,3,2,5,1
10901,1,10,7,4,1,12,13,1,7,3,9,1,2,2,1,0,1,1,1,1,2,3,3,2,3
29823,1,9,7,4,5,10,1,1,7,1,8,1,3,3,4,0,1,1,2,1,2,3,2,2,1
19138,0,8,2,4,1,6,13,2,2,4,1,1,2,2,1,0,2,1,1,3,2,3,2,2,1
9985,1,5,7,4,1,16,13,1,7,1,9,1,3,2,1,0,1,3,2,1,2,3,2,2,1
9115,1,6,7,2,1,16,21,1,7,5,1,2,2,2,1,0,5,3,1,1,2,3,2,2,1
6204,0,4,1,4,1,3,13,2,10,1,6,8,2,3,4,0,1,1,1,1,3,3,2,2,1
34186,0,7,4,3,1,17,4,1,7,5,8,1,2,2,1,0,1,3,1,1,2,5,2,4,1
33239,0,9,1,2,1,12,10,1,8,5,5,1,2,2,1,0,3,3,1,2,2,4,2,3,1
24028,0,6,1,3,1,13,13,1,2,1,7,1,2,3,4,0,1,1,1,1,2,3,2,2,1
5875,0,7,7,4,5,9,1,1,7,1,8,2,3,2,1,0,1,3,1,1,2,3,2,4,1
3180,0,7,7,4,1,12,13,1,10,4,7,1,2,2,1,0,3,1,1,3,2,3,2,2,1
16293,1,8,5,3,1,8,7,1,10,2,8,1,2,2,1,0,2,1,2,3,2,3,2,2,1
11058,0,12,2,4,1,15,13,1,4,4,4,1,2,2,1,0,4,1,1,1,2,3,2,3,1
3756,1,5,1,4,1,3,11,3,10,6,7,1,2,2,1,0,2,2,1,3,2,3,2,2,1
2291,1,5,6,4,1,20,13,3,4,4,8,1,3,2,1,0,2,1,1,3,2,5,3,2,1
7011,1,9,3,4,1,4,2,2,7,5,5,1,2,2,1,0,1,3,1,1,2,3,2,4,1
2998,0,4,2,4,1,18,13,1,6,3,7,7,2,2,1,0,1,1,1,1,3,3,2,2,1
22515,0,3,4,3,5,21,1,5,7,1,7,1,2,2,1,0,1,2,1,1,2,3,2,2,1
35847,0,10,1,2,5,14,1,1,7,1,1,2,3,2,1,0,1,3,1,1,2,4,3,4,1
16913,0,7,5,4,5,11,1,1,8,1,7,1,2,2,1,0,1,3,1,1,2,3,2,2,1
685,1,8,5,4,1,12,21,1,7,4,9,8,2,2,1,0,1,1,2,1,3,3,2,2,1
5171,0,6,7,4,1,21,13,2,7,1,5,1,2,2,1,0,1,3,1,1,2,4,2,4,1
18933,1,7,5,2,1,22,13,3,7,1,7,1,2,3,3,0,1,1,1,1,2,3,2,4,1
11973,1,7,6,4,1,18,4,1,7,4,6,1,2,2,1,0,2,3,1,2,2,5,2,4,1
13861,1,8,5,2,5,19,1,3,8,1,9,8,3,3,4,0,1,3,1,1,4,3,2,2,1
20833,1,6,7,4,1,13,13,1,2,3,4,8,2,2,1,0,1,1,1,1,5,3,2,2,1
21752,0,8,5,2,1,15,18,1,9,5,5,1,2,2,1,0,1,2,1,1,2,7,2,4,1
20626,0,4,5,3,1,21,13,3,4,2,9,8,2,2,1,0,8,1,1,1,2,5,2,5,1
13553,1,6,6,3,5,20,1,2,7,1,10,1,2,3,4,0,1,3,1,1,4,3,2,2,1
15903,0,8,3,4,5,11,1,1,2,1,8,8,3,2,1,0,1,1,1,1,3,4,2,4,1
1788,1,4,7,4,1,18,13,1,7,4,8,1,2,2,1,0,2,3,1,2,2,3,2,2,1
17640,0,5,1,4,1,17,13,1,4,4,7,8,2,2,1,0,1,1,1,1,4,3,2,2,1
4969,0,8,4,4,1,20,13,1,7,4,8,1,2,2,1,0,2,3,1,2,2,3,2,5,1
25517,0,4,5,4,1,19,18,1,2,5,5,1,2,2,1,0,1,3,1,1,2,3,2,2,1
7162,0,9,6,3,1,7,13,1,2,4,6,8,2,2,1,0,2,1,1,3,4,3,2,3,1
26961,0,6,5,2,1,6,19,1,8,5,7,1,2,2,1,0,1,1,1,1,2,3,2,4,1
18488,0,6,1,4,4,7,1,2,7,1,3,1,2,3,4,0,1,3,1,1,2,3,2,2,1
16036,1,5,3,3,1,14,13,1,7,4,3,1,2,2,1,1,5,3,1,1,2,3,2,3,1
27159,0,3,4,2,1,8,4,1,4,5,10,1,2,2,1,1,5,2,1,1,2,4,2,7,1
22624,1,6,1,2,1,2,7,2,10,2,8,1,2,2,1,0,1,2,1,1,2,3,2,6,1
17628,1,7,5,4,5,19,15,1,7,1,7,8,2,3,4,0,1,2,1,1,4,3,2,2,1
5432,0,7,6,4,5,8,1,1,8,1,4,1,2,2,1,0,1,2,1,1,2,8,2,4,1
6421,0,3,4,4,5,16,1,1,4,1,11,1,2,2,1,0,2,3,1,3,2,5,2,5,1
13045,1,8,5,4,1,17,13,1,10,4,8,1,2,2,1,0,8,1,1,1,2,3,2,3,1
14083,1,11,7,4,1,13,13,1,8,4,10,1,2,2,1,0,8,1,1,1,2,5,2,2,1
14262,0,4,1,2,1,10,13,1,10,4,5,8,2,2,1,0,1,1,1,1,3,3,2,2,1
16710,1,2,6,4,1,17,13,1,4,4,5,1,2,2,1,0,2,2,1,2,2,3,2,2,1
17932,0,3,3,4,1,20,13,3,4,1,11,1,2,3,3,0,1,1,1,1,2,4,2,3,1
10848,1,9,5,4,5,14,1,1,7,1,6,1,3,3,4,0,1,3,1,1,2,3,2,2,1
9992,0,4,7,4,1,6,13,4,10,4,9,7,2,4,7,0,8,3,1,1,2,3,2,2,1
10195,1,9,2,4,1,10,7,1,2,2,6,1,2,2,1,0,1,1,1,1,2,3,2,3,1
12541,1,4,6,4,1,18,13,1,7,4,5,1,2,2,1,0,2,1,1,3,2,3,2,2,1
10450,0,4,5,4,1,14,13,1,4,2,4,7,2,2,1,0,8,2,1,1,2,3,2,2,1
8967,0,7,6,4,1,22,13,2,7,4,12,1,2,2,1,0,2,3,1,3,2,3,2,2,1
11692,0,10,2,4,1,16,13,1,7,4,3,1,3,2,1,0,2,3,1,3,2,3,2,2,1
15248,1,3,4,4,5,18,1,5,2,1,10,8,3,3,2,0,1,1,1,1,4,3,2,2,1
300,0,3,5,4,3,18,13,1,2,1,7,7,2,3,4,0,1,1,1,1,2,3,2,3,1
4266,1,3,2,2,1,20,13,3,10,4,5,8,2,2,1,0,4,1,1,1,3,5,2,3,1
2584,1,10,6,4,1,14,13,1,2,3,3,1,2,2,1,0,2,1,1,3,2,3,2,2,1
12993,1,7,4,4,1,11,13,1,7,2,6,1,2,2,1,0,1,1,1,1,2,3,3,4,1
23071,0,5,7,4,1,11,13,1,10,4,5,7,2,2,1,0,2,3,1,3,2,3,2,2,1
16304,1,4,4,4,1,21,7,2,8,2,8,1,2,2,1,0,2,3,1,2,2,3,2,3,1
16786,1,10,5,4,1,11,13,1,8,4,9,1,2,2,1,0,2,3,1,2,2,5,2,4,1
12807,0,5,7,4,1,23,13,2,8,4,7,1,2,2,1,0,2,1,1,3,2,3,2,2,1
15373,1,3,3,4,1,9,13,1,4,3,1,1,2,2,1,0,3,2,1,2,2,5,2,5,1
11152,1,7,4,4,1,19,5,1,2,1,5,8,2,3,4,1,5,3,1,1,4,3,2,7,1
4692,0,3,5,4,1,16,13,1,10,4,4,1,2,2,1,0,4,1,1,1,2,3,2,2,1
2662,1,9,6,4,1,13,12,1,2,6,7,8,2,2,1,0,1,3,1,1,3,3,2,2,1
26390,0,4,5,4,1,22,7,3,4,2,8,1,2,2,1,0,3,2,1,2,2,3,2,2,1
18931,1,6,2,4,1,21,10,2,7,1,7,1,2,2,1,0,1,1,1,1,2,3,2,2,1
9665,0,5,6,4,1,2,13,2,10,1,7,8,2,3,5,0,1,3,1,1,4,3,2,3,1
1672,1,4,6,4,1,20,4,2,7,1,2,1,2,2,7,0,1,3,1,1,2,3,2,2,1
3715,1,9,6,4,1,17,13,1,10,4,7,8,3,2,1,0,2,3,1,3,4,3,2,2,1
1926,1,8,3,4,1,18,13,1,7,4,8,1,2,2,1,0,2,3,1,2,2,3,2,5,1
12301,0,4,1,4,5,10,1,1,8,1,11,8,3,2,1,0,1,2,1,1,3,3,2,2,1
9409,0,8,6,2,1,21,13,2,7,4,8,1,2,2,1,0,1,1,1,1,2,3,2,2,1
17385,1,8,4,4,5,16,1,1,7,1,6,8,2,3,8,1,5,2,1,1,3,2,2,7,1
26592,0,3,6,4,1,14,2,1,8,5,3,8,2,2,1,0,1,2,1,1,4,3,2,3,1
2696,1,5,7,4,1,21,2,3,7,4,9,1,2,2,1,1,2,1,1,3,2,7,2,4,1
15137,0,3,3,4,5,18,15,2,4,1,1,8,2,3,4,0,1,3,1,1,3,3,2,2,1
1248,1,8,1,4,1,15,13,1,2,2,8,1,2,2,1,0,1,3,1,1,2,3,2,3,1
5316,0,7,1,4,2,20,13,6,4,1,8,1,2,2,1,0,1,3,1,1,2,3,2,2,1
12564,0,3,3,4,5,17,1,1,4,1,7,1,2,3,6,0,1,1,1,1,2,3,2,2,1
24047,0,5,1,2,4,18,2,5,10,1,10,1,2,3,4,0,1,1,1,1,2,3,2,2,1
736,1,9,3,4,1,14,13,1,7,3,11,1,2,2,1,0,1,1,1,1,2,3,2,2,1
12057,0,6,7,4,4,16,13,1,7,1,4,8,2,3,4,0,1,3,1,1,4,3,2,2,1
18640,1,12,7,4,1,12,13,1,7,2,3,1,3,2,1,0,8,1,1,1,2,3,2,2,1
17198,0,5,4,2,1,17,13,1,2,4,10,1,2,2,1,0,2,1,1,3,2,3,2,3,1
21068,0,6,5,2,1,12,1,1,8,1,4,8,2,2,1,0,8,3,1,1,2,3,2,2,1
29471,0,9,1,3,1,8,13,4,1,1,10,1,2,2,1,0,1,4,1,1,2,3,3,2,1
28531,1,10,2,3,1,13,19,1,7,1,9,8,2,3,4,0,3,1,1,3,2,3,2,3,1
7016,0,8,4,4,1,19,13,1,2,4,6,8,2,2,1,0,2,3,1,3,5,3,2,2,1
10825,0,2,6,4,5,2,1,2,10,1,1,2,3,2,1,0,1,3,1,1,2,3,2,2,1
1890,1,9,2,4,1,17,1,1,7,1,8,8,3,2,1,0,1,3,1,1,3,3,2,2,1
1357,1,3,7,4,1,2,13,6,2,1,3,8,2,3,4,0,1,1,1,1,3,3,2,2,1