id,Severity,age_classes,day_week,DEFORMED_classes,m_harm_classes,hour,impact1_classes,lgt_cond,make,man_coll,month,p_crash1,pcrash4,pcrash5,rel_road,reljct1,reljct2,rest_use,sex,typ_int,valign,vnum_lan,vsurcond,vtrafway,weather_classes
4773,1,7,7,4,1,15,13,1,10,3,10,8,2,2,1,0,1,1,1,1,3,3,2,2,1
1470,1,4,5,4,1,24,1,3,7,1,1,8,2,2,1,0,1,1,2,1,3,3,2,2,1
8770,0,6,7,3,1,22,13,2,7,1,8,8,2,3,5,0,1,3,1,1,3,3,2,2,1
16808,1,12,1,4,5,14,13,1,7,1,8,8,2,3,4,0,1,3,2,1,4,3,2,2,1
31173,0,6,7,4,1,18,22,3,8,5,10,7,2,2,1,0,1,1,1,1,2,3,2,3,1
20702,0,4,6,4,1,19,13,1,10,4,4,1,2,2,1,0,8,3,1,1,2,5,2,3,1
5027,1,9,7,4,4,10,13,1,7,1,4,1,2,3,4,0,1,1,1,1,2,3,2,3,1
11016,0,7,6,4,1,2,7,2,7,2,1,1,2,2,1,0,1,3,1,1,2,4,3,4,1
12994,0,4,6,4,1,19,13,1,8,4,5,1,2,2,1,0,4,1,1,1,2,4,2,6,1
1586,0,7,1,4,1,15,4,1,7,4,10,8,3,2,1,0,1,1,1,1,3,3,2,2,1
8514,0,6,3,4,1,20,3,5,4,4,6,1,2,2,1,0,1,2,1,1,2,3,2,2,1
26290,1,8,7,2,5,18,1,1,7,1,3,1,2,3,4,0,1,3,1,1,4,3,2,2,1
3420,1,6,1,4,1,2,13,3,10,2,6,7,3,2,1,0,1,1,1,1,2,5,2,3,1
32743,0,9,4,3,1,18,13,1,8,3,3,1,2,2,1,0,2,1,1,2,2,4,2,4,1
15020,1,7,5,4,1,14,2,1,7,4,8,1,2,2,1,0,2,3,1,3,2,3,2,2,1
21112,0,9,3,4,1,21,20,3,7,6,7,1,2,2,1,0,1,3,1,1,2,4,2,3,1
8778,0,7,7,4,1,12,13,1,7,3,7,8,2,2,1,0,1,2,1,1,4,4,2,2,1
20897,0,3,3,2,1,15,12,1,8,5,7,2,2,2,1,0,1,1,1,1,2,5,2,2,1
14804,0,3,1,4,1,15,13,1,10,4,11,1,2,2,1,0,8,1,1,1,2,7,2,3,1
691,1,4,1,3,3,2,15,3,6,1,10,8,2,3,4,0,1,1,1,1,3,3,2,2,1
6086,1,4,7,4,1,14,13,1,4,2,3,1,2,2,1,0,2,3,1,3,2,3,2,2,1
31887,0,10,6,3,1,13,1,1,10,1,7,1,2,2,1,0,1,1,1,1,2,5,3,4,1
35363,0,3,1,4,5,10,1,1,10,1,8,8,2,2,1,0,1,1,1,1,4,3,2,2,1
1931,0,8,7,4,2,18,13,1,7,1,10,8,2,3,4,0,1,3,1,1,3,3,2,2,1
23340,1,5,2,4,3,19,2,5,2,1,5,1,2,3,4,0,1,3,1,1,4,3,2,4,1
28528,0,4,5,3,1,13,7,1,7,2,9,5,2,2,1,0,3,1,1,2,2,3,2,2,1
29890,0,4,7,4,1,18,18,1,2,5,6,1,2,2,1,0,2,3,1,2,2,3,2,2,1
2058,0,4,7,4,5,16,1,1,8,1,6,8,3,3,10,0,1,1,1,1,4,3,2,2,1
11670,0,4,6,4,1,17,13,1,8,4,4,1,2,2,1,0,2,2,1,3,2,5,2,5,1
11938,0,6,3,4,1,13,13,1,7,4,9,1,2,2,1,0,2,3,1,2,2,3,2,5,1
1175,0,4,2,4,1,21,13,3,4,4,4,1,2,2,1,0,2,1,1,2,2,4,2,3,1
10969,0,3,2,4,1,14,13,1,4,4,8,1,3,2,1,0,2,3,2,2,2,6,2,4,1
11195,0,7,2,4,1,24,13,2,7,3,6,7,2,2,1,0,1,3,1,1,2,3,2,2,1
26505,0,3,7,2,5,17,1,1,10,1,3,1,3,2,1,0,3,3,1,3,2,3,3,2,1
3693,1,8,4,4,1,15,13,1,7,2,6,1,2,2,1,0,1,2,1,1,2,3,2,2,1
29910,0,3,2,4,1,18,13,1,8,4,6,1,2,2,1,0,2,4,1,3,2,3,2,2,1
5651,1,3,4,4,1,19,13,3,8,4,8,1,3,2,1,0,2,2,1,2,2,4,2,5,1
13499,1,8,6,4,1,6,13,2,2,1,5,1,2,2,1,0,1,2,1,1,2,3,2,3,1
22077,0,6,4,4,1,15,13,1,4,4,10,1,2,2,1,0,2,1,1,3,2,3,2,2,1
17309,0,7,6,4,1,19,13,3,7,1,11,1,2,2,1,0,1,1,1,1,2,3,2,3,1
18060,0,3,3,4,1,14,13,1,7,4,8,1,2,2,1,0,2,1,1,3,2,3,2,2,1
12764,0,7,3,4,1,15,13,1,7,3,6,7,2,2,1,0,2,3,1,2,2,3,2,2,1
7848,0,2,4,4,5,22,13,3,4,1,8,8,2,3,4,0,1,1,1,1,5,4,2,3,1
752,1,8,7,4,1,15,13,1,7,4,10,1,3,2,1,0,8,2,1,1,2,3,2,3,1
30542,0,6,2,4,5,16,1,1,4,1,10,1,2,3,3,0,1,4,1,1,2,3,2,3,1
36606,0,11,4,4,1,17,13,1,7,2,8,2,2,2,1,0,1,4,1,1,2,5,2,4,2
3816,0,4,6,3,5,17,1,1,2,1,11,1,3,2,1,0,1,3,1,1,2,3,2,2,1
19987,0,7,1,4,4,19,13,1,10,1,8,8,2,3,4,0,1,3,1,1,4,3,2,2,1
11968,1,7,1,4,1,24,13,3,7,4,5,1,2,2,1,0,2,3,1,2,2,5,2,4,1
5771,1,6,1,4,1,17,13,3,8,2,12,1,2,2,1,0,1,1,1,1,2,3,2,3,1
20542,1,3,5,3,1,1,21,3,10,5,3,1,2,2,1,0,2,1,1,2,2,4,2,4,1
11550,0,6,3,3,1,21,13,3,7,1,6,1,2,2,8,1,5,1,1,1,2,2,2,7,1
1135,1,7,4,4,1,19,5,1,2,1,5,8,2,3,4,1,5,3,1,1,4,3,2,7,1
26465,0,4,1,4,5,22,1,3,4,1,7,8,3,3,3,0,1,3,1,1,3,3,2,3,1
21060,0,4,2,2,1,18,1,3,8,1,2,8,2,6,1,0,8,2,1,1,1,1,1,1,1
18833,0,8,5,4,1,15,13,1,10,4,10,1,2,2,1,0,2,2,1,2,2,3,2,2,1
3244,0,7,3,3,1,18,10,1,7,6,10,8,2,2,1,0,1,1,1,1,4,3,2,2,1
1952,1,6,3,4,1,14,13,1,10,1,5,8,2,3,4,0,1,3,2,1,3,3,2,2,1
34054,1,10,6,4,5,19,1,1,7,1,6,1,2,3,4,0,1,4,1,1,2,3,2,2,1
14663,1,10,7,3,1,18,13,5,7,4,2,1,2,2,1,0,2,1,1,2,2,5,2,5,1
16635,1,9,5,4,1,16,9,5,7,4,11,1,2,2,1,0,2,1,1,2,2,3,2,4,1
26389,1,8,7,4,5,19,1,1,7,1,8,8,2,3,4,0,1,3,1,1,4,3,2,2,1
23390,1,8,5,3,1,19,13,3,7,4,10,4,2,6,1,0,2,3,1,3,1,1,1,1,1
5016,1,8,2,4,1,15,7,1,10,2,3,5,2,2,1,0,1,1,1,1,2,3,2,2,1
16899,0,7,2,4,1,17,13,1,7,4,7,1,2,2,1,0,2,3,1,3,2,3,2,2,1
1671,0,5,6,4,1,20,13,2,7,1,2,1,2,2,7,0,1,3,1,1,2,3,2,2,1
16466,1,6,5,4,1,16,13,1,2,4,11,1,2,2,1,0,8,1,1,1,2,3,2,2,1
16301,0,3,6,4,1,1,13,2,8,2,6,1,2,2,1,0,1,1,1,1,2,3,2,2,1
13848,0,4,1,4,1,18,11,3,8,4,3,1,2,2,1,0,2,2,1,3,2,4,2,5,1
24019,0,9,3,4,1,15,6,1,10,4,5,1,2,2,1,0,2,1,1,3,2,3,2,2,1
16771,0,6,1,4,1,1,7,3,7,2,8,5,2,2,1,0,3,3,1,2,2,5,2,2,1
5238,1,3,7,4,5,24,1,3,10,1,9,8,3,2,1,0,1,1,1,1,3,4,2,2,1
13696,1,8,7,4,1,20,13,2,7,1,6,1,3,2,1,0,1,3,1,1,2,4,2,3,1
1618,1,8,5,4,5,13,13,1,8,1,12,8,2,3,4,0,1,1,1,1,4,3,2,2,1
694,0,8,7,3,1,11,8,1,7,1,10,1,2,2,1,0,1,1,1,1,2,3,2,2,1
31191,0,5,1,2,5,10,1,1,7,1,12,1,3,2,1,0,1,1,1,1,2,6,2,4,1
863,0,8,5,2,5,16,10,1,2,3,8,8,2,2,1,0,1,1,1,1,4,3,2,2,1
1015,1,7,6,4,1,17,13,1,2,4,4,1,2,2,1,1,2,3,1,2,2,3,2,4,1
3724,1,8,1,4,1,14,10,1,7,1,7,6,2,2,1,0,1,3,1,1,2,3,2,3,1
13052,1,5,6,4,1,20,13,3,7,4,8,1,2,2,1,0,2,1,1,2,2,5,2,2,1
17167,0,8,4,2,5,22,1,2,7,1,5,8,2,3,4,1,5,2,1,1,4,3,2,7,1
16789,1,10,6,4,5,17,1,1,10,1,8,1,3,2,1,0,1,3,1,1,2,3,2,2,1
12077,1,9,6,3,1,20,13,1,4,3,6,1,2,2,1,0,8,3,1,1,2,3,2,2,1
25779,0,3,2,4,1,16,13,1,8,4,6,8,3,2,1,0,2,2,1,3,4,5,2,5,1
6211,1,6,1,2,5,20,1,5,2,1,6,7,3,2,1,0,1,3,1,1,2,3,2,2,1
19114,1,6,7,4,4,23,4,2,10,1,7,1,2,3,5,0,1,3,1,1,2,3,2,2,1
8259,0,4,7,4,1,16,13,1,4,4,11,1,2,2,1,0,2,1,1,2,2,3,2,2,1
2505,1,9,7,4,1,18,13,3,7,4,2,1,2,2,1,0,2,1,1,3,2,4,2,3,1
16084,0,3,7,4,1,22,13,3,8,4,1,1,2,2,1,0,2,3,1,2,2,3,2,2,1
8921,0,12,5,4,1,12,4,1,7,4,8,8,2,2,1,0,2,3,1,2,2,3,2,3,1
23702,1,5,4,4,1,11,1,1,4,4,8,1,2,2,1,0,2,2,1,2,2,5,2,2,1
14732,0,4,6,4,1,24,2,2,8,5,6,1,2,2,1,0,1,1,1,1,2,5,2,3,1
2606,1,8,5,4,5,12,1,1,7,1,7,8,2,2,1,1,5,1,2,1,3,3,2,7,1
6881,0,4,1,4,1,12,13,1,7,4,7,1,2,2,1,0,2,2,1,3,2,3,2,2,1
31432,1,2,7,4,1,24,13,3,8,4,6,8,2,6,1,0,8,1,1,1,1,1,1,1,1
10404,0,10,6,4,1,16,7,1,7,2,2,1,2,2,1,0,1,2,1,1,2,3,2,2,1
10536,0,8,3,4,5,16,1,1,7,1,7,7,3,2,1,0,8,2,1,1,2,3,2,2,1
23017,1,9,7,4,1,14,13,1,7,4,9,1,2,2,1,0,2,2,1,2,2,5,3,2,1
35500,0,5,1,4,1,5,13,2,7,1,5,1,2,2,1,0,1,1,1,1,2,3,2,4,1
3612,0,8,5,4,1,5,13,2,8,4,2,1,3,2,1,0,1,1,1,1,2,5,2,3,1
2418,0,10,1,4,1,12,13,1,7,2,8,1,2,2,1,0,3,2,1,3,2,3,2,2,1
18821,1,11,4,4,1,14,2,1,7,4,9,8,2,2,1,0,2,3,1,2,2,3,3,2,1
3681,1,7,6,4,1,17,12,1,8,4,5,1,2,2,1,0,8,2,1,1,2,5,2,5,1
26797,1,4,2,4,1,18,13,3,8,4,1,1,2,2,1,0,8,2,1,1,2,4,2,3,1
8959,0,9,2,4,1,16,13,1,7,4,11,8,2,2,1,0,2,3,1,3,4,3,2,3,1
19659,1,7,2,2,5,6,1,4,2,6,8,1,2,2,1,0,1,1,1,1,2,3,2,2,1
17541,1,7,7,4,4,20,13,2,7,1,4,1,2,3,6,0,1,1,1,1,2,3,2,2,1
15623,0,4,4,4,5,21,1,3,6,1,8,1,3,2,1,0,2,2,1,2,2,3,2,4,1
18142,0,5,7,4,1,21,13,2,4,4,4,1,2,2,1,0,2,1,1,3,2,3,2,2,1
33183,0,8,2,4,4,13,13,1,2,1,6,1,2,2,1,0,1,1,1,1,2,3,2,2,1
30118,1,9,2,3,5,15,1,1,4,1,3,1,3,2,1,0,3,3,2,3,2,3,2,2,1
8564,1,9,1,4,1,18,13,5,7,3,11,1,2,2,1,0,8,3,1,1,2,5,2,2,1
31844,1,11,4,4,5,11,1,1,2,1,4,1,2,2,1,0,1,1,1,1,2,4,2,5,1
7030,1,3,5,4,5,23,13,3,10,1,9,8,2,3,4,0,1,3,1,1,4,3,2,2,1
13515,1,8,7,4,1,18,13,1,7,4,6,1,2,2,1,0,8,3,1,1,2,5,2,2,1
25239,0,7,7,4,1,20,12,3,7,4,3,1,2,2,1,0,2,2,1,2,2,3,2,4,1
25253,0,6,3,4,1,20,13,3,2,4,4,1,2,2,1,0,8,2,1,1,2,3,2,3,1
33089,1,3,6,4,1,21,13,5,8,4,6,1,2,2,1,0,2,1,1,3,2,5,2,2,1
16859,0,7,7,4,1,21,13,2,7,2,10,1,2,2,1,0,1,3,1,1,2,3,2,2,1
11490,0,2,1,4,1,16,3,1,4,1,1,8,2,3,4,0,1,1,1,1,4,3,2,2,1
22280,0,3,5,2,1,8,12,1,2,5,3,7,2,2,1,0,1,1,2,1,2,6,2,4,1
5592,1,5,2,4,1,2,13,3,2,2,7,1,2,2,1,0,1,1,1,1,2,6,2,6,1
34028,0,5,6,2,4,19,13,1,8,1,5,1,2,3,4,0,1,3,1,1,2,3,2,2,1
148,0,4,5,4,1,8,1,1,8,1,4,8,2,2,1,0,2,1,1,2,2,5,2,2,1
4072,1,10,6,4,1,15,13,1,4,4,8,1,2,2,1,0,3,1,1,1,2,3,2,2,1
8550,1,7,6,4,2,16,13,1,10,1,10,8,2,3,4,0,1,3,1,1,4,3,2,2,1
17615,0,7,1,4,1,16,7,1,7,2,5,7,2,2,1,0,1,2,1,1,4,6,2,4,1
12099,0,8,5,4,1,18,13,1,10,4,8,8,2,2,1,0,1,1,1,1,5,3,2,2,1
18143,0,11,1,4,1,10,13,1,10,4,4,8,2,2,1,0,2,1,1,3,2,3,2,2,1
552,0,3,5,4,1,2,13,3,2,1,7,1,2,3,3,0,1,3,1,1,2,3,2,3,1
11943,1,8,3,4,1,18,13,1,7,4,8,1,2,2,1,0,2,3,1,2,2,3,2,5,1
36011,0,12,2,1,5,13,1,1,4,1,9,1,2,2,1,0,1,3,1,1,2,4,2,4,1
10362,0,7,5,4,1,18,13,3,7,4,1,1,2,2,1,0,2,2,1,3,2,5,2,5,1
2077,0,7,7,2,1,2,21,3,4,1,7,8,2,3,4,0,1,3,1,1,4,3,2,2,1
12144,0,8,7,4,1,17,13,1,8,3,4,8,2,2,1,0,1,1,1,1,3,3,2,2,1
18394,0,3,1,4,5,6,1,4,7,1,7,8,3,3,4,0,1,3,1,1,5,3,2,2,1
16684,0,3,7,4,5,21,13,2,8,1,9,8,2,3,5,0,1,3,1,1,4,3,2,2,1
34076,0,4,2,2,1,21,7,3,2,2,9,2,2,2,1,0,8,4,1,1,2,5,2,2,1
306,0,7,1,4,2,20,13,6,4,1,8,1,2,2,1,0,1,3,1,1,2,3,2,2,1
36821,1,8,5,4,1,14,7,1,6,2,8,5,2,2,1,0,3,4,1,2,2,6,2,5,1
5132,0,10,7,3,1,10,7,1,7,2,3,2,2,2,1,0,1,3,1,1,2,3,2,3,1
11575,1,3,1,4,1,1,13,2,2,4,8,1,2,2,1,0,2,1,1,2,2,3,2,4,1
5699,0,7,7,3,1,22,13,3,7,4,10,1,3,2,1,0,2,1,1,2,2,3,2,5,1
1069,1,10,3,4,1,21,13,2,10,4,4,1,2,2,1,0,2,3,1,2,2,3,2,3,1
10528,1,4,3,4,1,11,13,1,4,4,6,1,3,2,1,0,2,2,1,2,2,5,2,5,1
18699,0,7,6,4,1,3,15,2,7,1,6,8,2,3,4,0,1,3,1,1,3,3,2,2,1
23642,0,5,4,4,5,7,1,1,7,1,9,1,2,2,1,0,3,2,1,3,2,3,2,4,1
24279,0,7,2,4,1,18,13,1,7,4,9,1,2,2,1,0,2,3,1,2,2,3,2,2,1
13356,1,9,7,4,1,19,13,1,7,1,7,1,2,2,1,0,1,3,1,1,2,3,2,2,1
433,0,6,7,4,4,19,13,2,7,1,4,8,3,3,4,0,1,2,1,1,3,3,2,2,1
8810,1,10,7,4,1,13,13,1,7,1,9,3,2,2,7,0,1,3,1,1,4,3,2,2,1
16145,0,9,4,4,1,13,13,1,7,4,3,1,2,2,1,0,1,3,1,1,2,3,2,3,1
3224,0,6,1,4,1,22,13,3,2,4,9,1,2,2,1,0,8,1,1,1,2,5,2,2,1
5963,1,6,2,4,1,24,13,2,7,2,9,1,3,2,1,0,1,2,2,1,2,5,2,3,1
29870,0,4,3,2,5,19,1,1,7,1,9,1,2,2,1,0,2,3,1,3,2,4,2,6,1
12197,0,8,6,3,1,16,18,1,7,5,7,6,2,6,1,1,5,1,2,1,2,2,2,7,1
14021,0,9,7,4,1,18,13,1,2,4,4,1,2,2,1,0,2,1,1,2,2,3,2,5,1
10897,0,10,4,2,5,11,1,1,10,1,8,1,3,2,1,0,2,1,1,2,2,3,2,2,3
11899,0,5,1,4,1,6,13,2,7,1,7,1,2,3,4,0,3,3,1,2,2,3,3,2,1
886,1,10,7,4,1,11,13,1,7,4,9,7,2,2,1,0,1,3,1,1,2,3,2,2,1
8630,1,9,2,4,1,16,12,1,7,5,3,7,2,2,1,0,2,3,1,2,2,3,2,2,1
831,1,9,5,4,5,14,1,1,7,1,6,1,3,3,4,0,1,3,1,1,2,3,2,2,1
17869,0,5,1,4,1,13,1,1,4,1,10,7,2,2,1,0,1,1,1,1,2,4,2,4,1
12272,1,10,4,4,1,13,13,1,2,4,2,1,2,2,1,0,2,2,1,3,2,3,2,2,1
33042,0,5,4,2,1,13,18,2,10,5,10,8,2,2,1,0,3,4,1,2,2,3,2,3,1
3150,1,7,3,4,5,1,13,3,7,1,6,8,2,3,4,0,2,1,1,4,2,3,2,2,1
13024,0,6,7,4,1,19,13,1,8,3,7,8,2,2,1,0,2,1,1,3,5,4,2,4,1
6457,1,6,7,4,1,12,13,1,2,2,12,1,2,2,1,0,1,1,1,1,2,6,2,4,1
3282,1,10,1,4,1,18,4,1,10,1,4,1,3,3,4,0,1,1,1,1,2,3,2,2,1
33830,0,5,6,4,1,10,23,1,3,4,5,1,2,2,1,0,4,4,1,1,2,4,2,5,1
35714,1,4,4,4,1,23,13,2,10,2,5,1,2,2,1,0,1,4,1,1,2,3,2,4,1
8587,0,10,6,3,4,15,13,1,7,1,5,8,2,3,4,0,1,1,1,1,3,3,2,2,1
15442,0,6,4,2,5,20,1,2,4,1,3,1,3,2,1,0,8,2,1,1,2,3,2,4,1
258,1,3,3,4,1,20,13,3,2,4,11,1,2,2,1,0,2,1,1,2,2,6,2,5,1
7431,1,1,7,4,1,17,13,1,8,4,9,7,2,2,1,0,8,2,1,1,2,3,2,2,1
14276,1,3,7,4,1,22,13,3,2,4,5,1,3,2,1,0,8,2,1,1,2,7,2,5,1
11508,1,4,2,4,1,20,13,5,4,4,3,8,2,2,1,0,2,1,1,3,3,3,2,2,1
31140,1,11,5,4,1,12,13,1,4,1,8,1,2,2,1,0,1,1,2,1,2,3,2,2,1
1724,1,8,1,4,5,1,13,3,4,1,6,1,3,3,4,0,1,3,1,1,2,5,3,5,1
12588,0,6,4,4,1,16,13,1,2,4,2,7,2,2,1,0,2,1,1,2,2,3,2,2,1
13588,1,10,4,3,5,22,1,3,7,1,2,8,3,2,1,0,2,1,1,3,3,6,2,2,1
2339,0,9,6,4,1,14,1,1,2,1,5,8,2,3,4,0,1,2,1,1,4,3,2,2,1
23918,1,6,5,3,5,1,1,3,2,1,12,8,2,6,1,0,8,2,1,1,1,1,1,1,1
6697,1,10,6,4,1,17,10,1,7,4,5,1,2,2,1,0,2,2,1,2,2,3,2,2,1
11449,1,7,4,4,1,16,7,1,10,7,12,7,2,2,1,0,2,1,1,2,2,3,2,2,1
16780,1,9,1,4,1,8,13,1,7,4,8,1,2,2,1,0,2,3,1,2,2,5,2,2,1
32245,0,8,2,3,1,21,13,3,10,2,9,5,2,2,1,1,14,1,1,1,2,2,2,7,1
340,0,4,3,4,1,14,13,1,7,2,1,1,2,2,1,0,3,2,1,3,2,3,2,2,1
14743,0,8,5,4,1,7,13,1,10,4,6,1,2,2,1,0,3,1,1,3,2,5,2,2,1
11125,1,4,1,4,1,21,13,3,4,4,5,1,2,2,1,0,2,1,1,2,2,4,2,3,1
29793,0,4,6,1,5,16,1,1,3,1,3,1,2,2,1,0,1,1,1,1,2,5,2,4,1
9062,1,5,2,4,1,6,15,1,7,1,8,1,2,3,4,0,1,1,1,1,2,3,2,2,1
27865,0,7,7,4,1,20,13,5,7,2,9,8,2,2,1,1,5,2,1,1,4,3,2,7,1
7644,0,11,5,4,5,15,1,1,7,1,9,8,3,3,3,0,1,3,1,1,4,3,2,3,1
11440,1,5,4,4,1,18,13,2,8,2,12,7,2,2,1,0,1,3,1,1,2,3,2,4,1
16052,1,10,6,4,1,12,13,1,7,4,3,8,2,2,1,0,2,1,1,3,2,3,2,4,1
23723,0,9,1,4,5,14,1,1,7,1,8,8,2,3,2,0,1,1,1,1,4,3,2,2,1
21242,0,13,1,4,1,13,6,1,8,5,7,7,2,2,1,0,1,2,1,1,2,4,2,3,1
10184,1,7,7,4,5,13,1,1,7,1,5,1,3,3,2,0,1,3,1,1,2,8,2,4,1
20850,0,5,6,4,1,13,10,1,8,5,4,1,2,2,1,0,1,1,1,1,2,6,2,3,1
12210,1,4,5,4,1,15,13,1,2,4,10,1,2,2,1,0,2,2,1,2,2,5,2,5,1
19007,1,3,5,4,1,18,13,3,2,3,2,1,2,2,1,0,1,1,1,1,2,3,2,2,1
25186,0,6,1,2,1,19,13,3,2,1,8,8,2,3,7,0,1,1,1,1,4,3,2,2,1
18430,1,4,4,4,1,16,13,1,4,3,8,7,2,2,1,0,1,3,1,1,5,5,2,2,1
2711,1,3,4,2,1,18,1,1,8,1,3,1,2,2,1,0,2,1,1,2,2,5,2,3,1
6076,0,7,7,4,1,3,13,3,7,3,4,1,2,2,1,0,1,3,1,1,2,4,2,3,1
2274,0,3,3,4,1,22,13,3,4,2,10,1,2,2,1,0,1,1,1,1,2,5,2,4,1
3475,1,6,5,4,1,15,1,1,2,1,4,1,3,3,4,1,5,3,1,1,2,2,2,7,1
21481,0,7,4,4,1,9,13,1,7,2,3,5,2,2,1,0,3,3,1,3,2,3,2,2,1
15384,1,3,3,4,1,9,1,1,2,1,1,1,2,2,1,0,2,1,1,3,2,3,2,2,1
31146,1,11,7,2,5,14,1,1,7,1,9,8,2,2,1,1,14,1,1,1,4,2,2,7,1
14190,0,3,2,4,1,12,13,1,2,4,4,1,2,2,1,0,2,1,1,2,2,5,2,2,1
2858,1,7,7,4,1,15,13,1,7,4,2,1,2,2,1,0,2,3,1,2,2,3,2,2,1
30769,0,3,5,2,1,17,13,1,2,2,4,1,2,2,1,0,1,1,1,1,2,5,2,4,1
24558,1,5,4,2,1,23,13,2,4,2,9,1,2,2,1,0,1,3,1,1,2,5,2,5,1
12676,0,9,6,4,5,13,12,1,7,1,6,8,3,3,4,0,1,3,2,1,4,3,2,3,1
12667,0,7,7,4,1,12,13,1,7,3,11,1,2,2,1,0,3,1,1,2,2,4,2,2,1
13957,1,6,5,4,1,20,13,3,8,4,9,1,2,2,1,0,8,1,1,1,2,3,3,3,1
319,1,5,1,4,4,16,13,1,4,1,10,8,2,3,4,0,1,1,1,1,4,3,2,2,1
12415,1,5,7,4,1,21,13,3,7,3,8,1,2,2,1,0,1,2,1,1,2,3,2,2,1
15964,0,7,4,4,1,20,13,2,7,3,3,6,3,2,1,0,1,3,1,1,2,5,2,2,1
22880,0,10,3,3,5,18,1,1,2,1,8,1,2,2,1,0,8,3,1,1,2,3,2,4,1
36516,0,6,7,4,1,18,13,1,10,2,5,1,3,2,1,0,3,4,1,2,2,5,2,3,2
368,1,4,3,3,1,14,1,1,8,1,2,7,3,2,1,0,1,2,1,1,2,5,2,5,1
5430,1,7,1,4,5,11,1,1,7,1,3,1,3,2,1,0,1,2,1,1,2,3,2,2,1
7291,0,3,2,4,1,24,13,2,10,2,9,1,2,2,1,0,1,2,1,1,2,3,2,3,1
20407,0,6,3,3,5,14,1,1,8,1,7,8,3,2,1,0,1,2,2,1,3,3,2,2,1
26921,0,6,2,4,5,13,1,1,2,1,3,1,3,2,1,0,1,1,1,1,2,6,2,4,1
3780,1,7,6,4,5,16,1,1,2,3,7,8,2,2,1,0,1,2,1,1,4,3,2,2,1
30762,1,4,4,4,1,7,13,1,4,2,3,1,2,2,1,0,1,1,1,1,2,5,2,4,1
7507,1,4,7,2,5,20,1,3,7,1,9,2,3,2,1,0,3,3,1,2,2,3,2,3,1
3839,1,4,3,3,1,19,18,5,10,5,7,1,3,2,1,0,1,2,1,1,2,2,2,6,1
23811,0,4,6,3,1,23,13,3,4,4,3,8,2,2,1,0,2,1,1,3,4,3,2,2,1
8330,1,9,7,2,5,10,1,1,7,1,6,8,2,2,1,0,1,3,1,1,3,3,2,2,1
10634,0,4,5,4,1,12,13,1,2,4,9,1,2,2,1,0,2,2,1,3,2,3,2,3,1
12735,1,8,4,4,1,18,13,1,8,2,5,7,2,2,1,0,1,1,1,1,2,3,2,2,1
10789,1,3,6,4,1,10,13,1,8,4,12,1,2,2,1,0,1,1,1,1,2,3,2,2,1
29861,0,4,4,2,5,7,1,1,2,1,7,1,2,2,1,0,3,4,2,2,4,3,2,2,1
18902,1,6,7,4,1,20,13,5,4,4,5,8,2,5,1,0,8,1,1,1,3,3,2,3,1
3069,0,9,1,4,1,13,13,1,7,4,10,1,2,2,1,0,2,1,1,2,2,4,2,2,1
28894,1,6,4,4,1,21,11,2,2,4,11,1,2,2,1,0,8,1,1,1,2,3,2,2,1
23533,1,9,1,4,1,12,13,1,7,4,11,1,3,2,1,0,2,3,2,2,2,3,2,3,1
10324,0,7,1,4,2,20,13,6,4,1,8,1,2,2,1,0,1,3,1,1,2,3,2,2,1
23800,0,8,1,4,5,15,1,1,2,1,1,1,2,2,1,0,1,2,1,1,2,3,2,2,1
7145,1,7,1,4,1,20,13,2,7,4,5,1,2,2,1,0,8,2,1,1,2,3,2,2,1
18740,1,3,4,4,1,18,13,1,3,4,6,1,3,2,1,0,2,2,1,2,2,5,2,2,1
31698,0,6,1,3,1,13,13,1,8,4,6,1,2,2,1,0,2,2,1,3,2,5,2,2,1
8243,1,9,6,4,1,14,19,1,7,6,10,8,2,2,1,0,1,1,1,1,3,4,2,3,1
8843,1,7,5,4,3,18,4,1,8,1,7,8,3,3,4,0,2,2,1,4,4,3,2,2,1
4783,1,7,1,4,1,19,12,1,7,1,10,1,2,2,1,0,1,1,1,1,2,5,2,2,1
2284,0,4,1,4,5,10,1,1,8,1,11,8,3,2,1,0,1,2,1,1,3,3,2,2,1
20860,0,6,7,4,5,22,1,2,8,1,5,8,3,2,1,0,5,1,2,1,3,3,2,7,1
3065,0,7,7,4,1,9,13,1,7,4,10,8,2,2,1,0,2,1,1,3,4,3,2,2,1
602,1,7,6,4,1,17,13,1,10,4,7,1,2,2,1,0,1,2,1,1,2,5,2,5,1
6325,1,4,7,4,1,20,13,3,4,4,7,1,2,2,1,0,2,1,1,2,2,3,2,2,1
30986,0,8,3,2,1,22,10,3,7,4,6,1,2,2,1,0,2,3,1,2,2,5,2,2,1
15018,0,8,1,4,1,1,13,3,7,3,7,1,2,2,1,1,12,3,1,1,2,3,2,4,1
8298,0,8,1,3,5,19,7,1,2,1,5,8,2,3,4,0,1,3,1,1,4,3,8,2,1
3240,1,9,7,3,5,13,13,1,7,1,9,1,2,3,3,0,1,1,1,1,2,3,2,3,1
34296,0,9,3,2,1,19,13,1,7,2,3,1,2,2,1,0,3,3,1,2,2,3,2,4,1
17234,0,8,6,4,1,14,13,1,8,1,7,8,2,3,6,0,1,3,1,1,4,3,2,2,1