id,Severity,age_classes,day_week,DEFORMED_classes,m_harm_classes,hour,impact1_classes,lgt_cond,make,man_coll,month,p_crash1,pcrash4,pcrash5,rel_road,reljct1,reljct2,rest_use,sex,typ_int,valign,vnum_lan,vsurcond,vtrafway,weather_classes
19730,0,8,3,4,5,17,1,1,10,1,5,8,2,2,1,0,1,1,1,1,4,3,2,2,1
18816,0,3,5,3,1,20,13,3,8,1,9,1,2,3,6,0,2,1,1,2,2,3,2,2,1
20015,1,8,1,3,1,15,13,1,7,2,10,1,2,2,1,0,1,3,1,1,2,3,2,2,1
5162,0,9,1,4,1,13,13,1,7,3,4,8,2,2,1,0,1,3,1,1,3,3,2,2,1
30787,1,9,7,3,5,8,1,1,1,1,8,2,2,2,1,0,1,1,1,1,2,5,2,4,1
20000,1,4,1,2,1,20,20,3,10,4,8,1,2,2,1,0,2,3,1,2,2,3,2,2,1
15293,1,8,6,4,1,12,13,1,10,4,12,1,2,2,1,0,2,3,1,3,2,5,2,5,1
17755,1,10,7,4,5,17,13,1,7,1,7,8,2,3,4,0,1,1,1,1,4,3,2,2,1
20707,0,8,4,3,1,12,13,1,8,2,5,1,2,2,1,0,2,2,1,2,2,5,2,2,1
14688,0,6,4,4,1,20,13,5,8,3,8,7,2,2,1,0,1,1,1,1,3,3,2,2,1
21262,0,6,6,4,5,21,1,2,8,1,8,1,2,3,4,0,1,3,1,1,2,3,2,2,1
31827,0,11,3,3,1,12,13,1,2,4,1,8,2,2,1,0,2,3,1,3,2,5,2,2,1
5346,1,5,2,4,1,9,13,1,10,4,6,7,2,2,1,0,8,3,1,1,2,3,2,2,1
31002,0,4,6,2,5,11,1,1,2,1,6,1,3,2,1,0,1,3,1,1,2,5,2,5,1
16248,0,4,1,4,1,23,13,3,2,4,7,1,2,2,1,1,2,1,1,3,2,5,2,3,1
4003,0,9,7,4,1,18,13,1,2,4,4,1,2,2,1,0,2,1,1,2,2,3,2,5,1
15078,1,5,2,4,1,19,11,5,7,1,7,8,2,3,4,0,1,1,1,1,4,3,2,2,1
1189,1,13,1,4,5,19,13,3,4,1,3,1,2,3,4,0,2,1,1,2,2,3,2,2,1
20687,0,5,3,4,1,5,13,4,4,4,4,1,2,2,1,0,2,2,1,2,2,3,2,2,1
30530,0,10,3,4,1,6,13,3,7,4,9,8,2,2,1,0,2,4,1,2,2,3,2,2,1
32745,0,7,5,2,1,18,13,1,7,4,4,1,2,2,1,0,8,3,1,1,2,3,2,2,1
10984,1,4,7,3,5,21,1,3,2,1,1,1,2,3,4,0,2,3,1,3,2,3,2,2,1
28664,1,3,3,2,1,20,13,1,4,2,5,1,2,2,1,0,3,1,1,2,2,5,2,2,1
22304,0,4,7,4,1,10,18,1,2,5,2,1,2,2,1,0,1,1,1,1,2,3,2,4,1
23698,0,4,2,4,5,18,1,1,7,1,7,1,3,2,1,0,1,2,1,1,2,3,2,4,1
20899,0,5,5,3,1,21,8,3,7,4,8,1,2,2,1,0,2,1,1,2,2,3,2,2,1
24581,0,8,3,3,1,18,13,3,7,2,1,1,2,2,1,0,1,3,1,1,2,4,2,4,1
35399,0,4,4,4,1,8,13,1,3,2,10,1,2,2,1,1,12,1,1,1,2,5,2,4,1
31639,0,6,4,3,1,14,7,1,2,2,10,1,2,2,1,0,3,1,1,2,2,5,2,5,1
15600,1,10,7,4,5,15,1,1,7,1,6,1,3,2,1,0,3,1,1,2,2,3,2,3,1
29848,0,6,7,2,5,15,1,1,4,1,3,1,2,2,1,0,1,3,2,1,2,3,2,6,1
16476,1,8,1,4,1,19,13,3,2,2,12,1,2,2,1,0,3,3,1,2,2,4,2,3,1
29741,0,4,6,3,5,22,1,2,4,1,6,1,3,2,1,0,1,1,2,1,2,3,2,2,1
20916,0,7,2,2,1,5,13,3,2,2,9,5,2,2,1,0,2,1,1,2,2,4,2,6,1
18110,1,11,7,4,1,16,13,1,7,2,7,1,2,2,1,0,1,2,1,1,2,4,2,4,1
34687,0,5,2,4,1,9,13,1,2,1,4,1,2,2,1,0,1,4,1,1,3,3,2,4,1
33113,0,9,4,2,1,19,7,1,8,2,7,5,2,2,1,0,3,1,1,3,2,3,2,2,1
25880,0,4,4,4,1,12,13,1,4,4,2,1,2,2,1,0,2,2,1,2,2,5,2,2,1
32408,1,5,7,4,1,13,13,1,7,4,7,1,2,2,1,0,2,3,1,2,2,5,2,2,1
17384,0,12,3,4,1,17,10,1,7,4,6,8,2,2,1,0,2,2,1,2,2,3,2,2,1
6213,1,4,4,4,1,22,13,3,8,1,5,8,2,3,4,0,1,1,1,1,4,4,2,4,1
10073,0,5,1,4,4,16,13,1,10,1,7,1,2,3,4,0,1,3,1,1,2,3,2,2,1
19610,0,4,4,2,1,16,13,1,4,4,11,7,2,2,1,0,2,1,1,3,2,3,8,2,1
23174,0,9,4,2,1,8,13,1,7,2,6,1,2,2,1,0,1,2,2,1,2,5,2,4,1
24426,0,8,7,4,1,15,4,1,7,5,9,1,2,2,1,0,2,2,1,2,2,3,2,6,1
15767,1,8,6,4,1,15,13,1,8,4,12,1,2,2,1,0,2,2,2,2,2,4,2,3,1
17908,1,7,5,4,1,12,13,1,7,4,9,1,2,2,1,0,2,3,1,3,2,5,2,4,1
16313,0,2,2,4,1,20,13,2,2,3,9,1,2,2,1,0,2,3,1,3,2,3,2,2,1
22642,0,7,1,2,1,16,13,1,10,2,10,5,2,2,1,0,3,3,1,3,2,7,2,2,1
14738,1,9,4,4,1,23,13,3,3,3,6,1,2,2,1,1,2,1,1,3,2,3,2,2,1
14674,1,9,5,4,1,21,4,3,7,4,5,1,2,2,1,0,4,3,1,1,2,4,2,3,1
11028,1,6,6,4,5,24,1,2,11,1,3,8,2,3,4,0,1,3,1,1,4,3,2,2,1
15071,0,5,4,4,1,20,2,3,2,6,6,1,2,2,1,0,1,2,1,1,2,3,2,2,1
31908,0,4,2,4,5,16,1,1,10,1,7,1,2,2,1,0,1,3,1,1,2,3,3,2,1
813,1,7,3,4,5,7,1,1,7,1,3,8,3,2,1,0,2,3,1,2,4,5,2,5,1
5166,1,10,6,4,1,16,22,1,7,4,4,1,3,2,1,0,1,1,1,1,2,3,2,3,1
7054,1,5,7,4,1,16,13,1,10,2,5,1,3,2,1,0,8,3,1,1,2,3,2,2,1
5976,1,4,7,3,5,21,1,3,2,1,1,1,2,3,4,0,2,3,1,3,2,3,2,2,1
13642,1,6,7,2,5,21,1,2,7,1,4,8,3,3,4,0,1,3,1,1,4,3,2,2,1
15881,1,3,3,4,1,21,13,3,4,2,7,1,2,2,1,1,12,3,1,1,2,5,2,5,1
14604,0,8,5,4,1,17,13,1,7,3,10,1,2,2,1,0,1,2,2,1,2,3,2,2,1
10723,0,12,3,4,1,7,1,1,8,1,8,8,2,2,1,0,1,2,1,1,3,3,2,2,1
16718,1,4,5,4,1,16,13,1,10,2,5,1,2,2,1,0,4,2,1,1,2,3,2,2,1
15014,0,9,6,4,1,11,12,1,2,6,7,1,2,2,1,0,1,2,1,1,2,3,2,3,1
36700,1,8,7,4,1,12,13,1,8,1,10,1,2,2,1,0,1,4,1,1,2,3,2,2,1
18516,0,7,7,4,5,15,1,1,10,1,6,8,2,3,4,0,1,3,2,1,3,3,2,2,1
22940,1,6,2,3,1,14,13,1,7,4,6,8,2,2,1,0,2,3,1,3,2,3,2,2,1
3252,1,5,1,4,5,13,1,1,2,1,11,8,2,3,4,0,1,1,1,1,4,3,2,2,1
13053,1,5,1,4,1,23,13,3,8,4,8,1,2,2,1,0,2,1,1,2,2,3,2,2,1
2126,0,3,1,3,1,10,13,1,8,3,4,8,2,2,1,0,1,1,2,1,3,3,2,2,1
10996,0,6,5,4,1,17,2,3,8,1,1,1,2,3,4,0,1,3,1,1,2,3,2,3,1
5433,1,6,6,4,1,9,13,1,2,2,4,1,2,2,1,0,1,2,1,1,2,5,2,4,1
36527,1,9,2,4,1,17,13,1,2,3,5,1,2,2,1,0,2,4,1,3,2,4,2,4,3
20714,0,10,5,2,1,22,18,2,7,4,6,1,2,2,1,0,8,2,1,1,2,2,2,3,1
8628,0,5,7,4,1,11,13,1,4,4,3,1,3,2,1,0,2,1,1,2,2,3,2,3,1
5601,1,9,7,4,5,9,1,1,4,1,8,8,3,3,6,0,1,2,1,1,4,3,2,2,1
16225,1,4,5,4,1,22,13,3,10,1,3,1,2,2,1,0,3,3,1,2,2,3,2,3,1
16035,0,7,7,4,5,2,1,2,3,1,2,1,2,2,1,0,1,3,1,1,2,3,2,2,1
11325,0,4,5,4,1,24,13,2,2,4,9,1,2,2,1,0,2,3,1,3,2,4,2,3,1
20406,1,5,6,3,1,22,13,3,2,4,7,1,2,2,1,0,2,1,1,2,2,5,2,5,1
798,1,7,5,4,1,12,2,1,2,5,5,1,3,2,1,0,2,1,1,3,2,5,2,3,1
25207,0,4,3,2,4,13,13,1,2,1,10,8,2,3,4,0,1,1,1,1,4,3,2,2,1
20172,1,5,7,3,5,19,1,5,4,1,4,1,3,2,1,0,1,2,2,1,2,5,2,4,3
16050,1,7,7,4,5,19,13,2,7,2,3,1,2,2,1,0,1,3,1,1,2,3,2,2,1
18086,1,6,7,4,1,20,13,3,8,1,9,8,2,3,4,0,3,3,1,3,5,5,2,2,1
1382,0,7,6,4,1,22,13,2,10,3,12,1,2,2,1,0,1,1,1,1,2,3,2,4,1
42,0,9,2,4,2,21,13,3,7,1,6,8,2,3,4,0,1,1,1,1,3,3,2,3,1
7532,0,6,5,4,1,19,13,1,2,4,4,1,2,2,1,0,2,1,1,3,2,5,2,3,1
15896,0,7,1,4,5,13,1,1,7,1,8,8,2,3,4,0,1,3,1,1,4,3,2,2,1
6702,1,9,4,4,5,15,13,1,2,4,5,1,2,2,1,0,1,3,1,1,2,3,3,2,1
5185,0,9,1,4,1,21,13,3,10,3,5,8,2,2,1,0,1,3,1,1,3,6,2,5,1
7840,1,5,2,4,1,22,13,3,10,4,10,1,2,2,1,0,2,2,1,3,2,3,2,2,1
18826,1,9,1,4,1,21,13,3,7,4,9,1,2,2,1,1,2,2,2,7,2,3,2,4,1
20831,1,9,1,4,1,12,13,1,7,4,3,1,2,2,1,0,2,1,1,2,2,3,2,2,1
3337,0,10,7,3,1,19,13,1,7,1,7,8,2,2,1,0,1,3,1,1,5,3,2,2,1
22883,0,6,4,4,1,1,13,3,8,1,9,1,2,3,4,0,1,2,1,1,3,3,2,6,1
31832,1,13,6,2,1,17,12,1,2,5,4,8,2,2,1,0,2,3,1,2,2,5,2,4,1
7845,1,4,1,4,1,22,13,3,4,2,6,7,2,2,1,0,1,2,1,1,2,4,2,4,1
14830,1,9,5,4,1,18,13,1,10,4,5,1,2,2,1,0,2,1,1,3,2,3,2,2,1
34096,0,6,3,4,1,22,13,2,10,1,9,1,2,3,4,0,1,1,1,1,3,3,2,2,1
2372,1,8,3,2,4,9,2,1,8,1,7,1,2,3,4,0,1,2,1,1,2,3,2,2,1
17737,1,3,4,2,1,18,1,1,8,1,3,1,2,2,1,0,2,1,1,2,2,5,2,3,1
21695,1,8,2,2,1,20,10,3,7,5,1,7,2,2,1,0,1,2,1,1,2,7,2,2,1
8937,0,6,6,4,5,9,1,1,7,1,9,1,2,2,1,0,1,3,1,1,2,3,2,3,1
27070,0,7,4,4,1,16,13,1,7,2,8,1,3,2,1,0,1,3,1,1,2,4,2,4,1
30545,0,8,2,4,1,18,13,5,7,3,10,8,2,2,1,0,1,3,1,1,3,3,2,2,1
11153,1,10,5,4,1,13,13,1,7,2,5,1,2,2,1,0,1,1,1,1,2,3,2,2,1
7942,1,4,1,4,1,16,13,1,7,4,4,1,3,2,1,0,2,1,1,3,2,3,2,2,1
34582,0,4,5,4,1,16,13,1,2,2,7,1,2,2,1,0,1,3,1,1,2,3,2,2,1
34114,1,6,3,4,5,21,1,2,4,1,5,8,2,3,4,0,1,3,1,1,3,3,2,2,1
13479,0,6,1,4,4,7,1,2,7,1,3,1,2,3,4,0,1,3,1,1,2,3,2,2,1
12525,0,3,1,4,1,20,12,2,4,4,3,1,2,2,1,0,2,1,1,2,2,3,2,3,1
9079,0,7,7,2,1,2,7,2,7,2,10,2,2,2,1,0,1,1,1,1,2,3,2,3,1
20388,1,5,4,2,1,16,13,1,7,4,6,8,2,2,1,0,8,1,2,1,1,1,1,1,1
10176,0,10,1,4,5,12,1,1,7,1,5,1,2,3,4,0,1,3,1,1,2,3,2,2,1
3508,0,5,5,4,1,13,10,1,8,4,7,1,2,2,1,0,2,3,1,2,2,3,2,2,1
22151,0,7,6,3,1,10,7,1,2,2,3,3,2,2,1,0,3,1,1,2,2,4,2,2,1
13232,1,9,7,4,1,18,13,1,7,3,8,8,2,2,1,0,1,2,1,1,3,3,2,2,1
9770,1,3,7,4,5,24,1,2,2,1,9,1,2,3,4,0,1,1,1,1,2,5,2,3,1
22376,0,7,3,4,5,19,1,1,2,1,9,6,2,2,1,1,5,1,1,1,3,2,3,7,1
30564,0,4,2,4,1,17,13,1,7,2,4,1,2,2,1,0,8,3,1,1,2,5,2,2,1
16482,1,5,5,4,1,21,13,3,4,4,11,1,2,2,1,0,2,1,1,2,2,4,2,3,1
9092,0,7,6,3,1,20,10,2,7,1,9,8,2,3,4,0,1,1,1,1,4,3,2,2,1
13636,0,5,7,4,1,11,13,1,4,4,3,1,3,2,1,0,2,1,1,2,2,3,2,3,1
25141,1,12,7,4,1,12,13,1,7,2,3,1,2,2,1,0,1,1,1,1,2,4,2,3,1
3462,0,6,1,4,4,7,1,2,7,1,3,1,2,3,4,0,1,3,1,1,2,3,2,2,1
4883,1,12,7,4,4,13,12,1,10,1,7,8,2,3,4,0,1,1,1,1,3,3,2,2,1
7341,1,4,7,4,1,20,1,3,4,1,4,1,2,2,1,0,1,2,1,1,2,5,2,5,1
9802,0,8,7,4,1,16,13,1,7,3,2,1,2,2,1,0,1,1,2,1,2,3,2,2,1
5846,1,8,6,4,1,20,13,5,2,3,6,1,3,2,1,0,2,1,1,2,2,5,2,5,1
14124,1,6,7,2,1,16,21,1,7,5,1,2,2,2,1,0,5,3,1,1,2,3,2,2,1
34256,0,4,1,2,1,24,7,2,10,2,8,1,2,2,1,0,2,4,1,3,2,6,2,5,1
1920,0,6,7,4,1,16,13,1,2,3,9,8,2,2,1,0,1,1,1,1,4,3,2,2,1
9588,1,3,2,2,5,15,1,1,8,1,11,8,2,3,4,0,1,1,1,1,3,3,2,2,1
8057,0,6,7,4,4,6,13,4,7,1,9,8,2,3,4,0,1,2,1,1,5,3,2,2,1
33273,0,4,6,4,1,2,13,3,7,4,10,1,2,2,1,0,3,3,1,3,2,4,2,3,1
9830,0,6,7,4,1,17,13,1,10,3,6,1,2,2,1,0,2,1,1,3,2,3,2,5,1
15757,1,3,6,4,1,19,13,2,10,2,12,1,2,2,1,0,1,2,1,1,2,6,2,4,1
5999,0,10,4,4,5,15,1,1,7,1,2,1,2,3,1,0,1,3,1,1,2,3,2,2,1
27226,1,7,3,4,1,19,21,1,2,5,4,8,2,2,1,0,1,2,1,1,4,3,3,4,1
12103,0,8,1,4,1,18,13,1,4,4,8,1,3,2,1,0,8,3,1,1,2,3,2,2,1
17716,0,7,4,4,1,14,13,1,7,2,8,1,2,2,1,0,2,1,1,2,2,3,2,2,1
34458,1,7,6,4,1,9,4,1,2,4,6,4,2,2,1,0,2,4,1,2,2,3,2,2,1
18234,0,8,4,4,1,6,13,4,2,3,8,1,2,2,1,0,1,1,1,1,2,3,2,2,1
2872,1,6,4,4,1,19,13,1,1,4,8,1,3,2,1,0,2,1,1,2,2,3,2,3,1
4189,1,7,5,4,5,1,1,3,1,1,3,1,3,2,1,0,1,1,1,1,2,4,2,4,1
23785,1,7,3,2,1,18,13,1,7,2,6,1,2,2,1,0,1,3,1,1,2,3,2,4,1
26633,1,8,7,3,5,21,1,3,7,1,7,1,2,2,1,0,2,2,2,2,2,5,2,2,1
8261,1,5,1,4,5,13,1,1,2,1,11,8,2,3,4,0,1,1,1,1,4,3,2,2,1
16736,1,7,1,4,1,16,2,1,7,1,6,1,2,3,4,0,1,3,1,1,2,3,2,2,1
12212,1,10,1,4,1,14,7,1,2,2,9,1,2,2,1,0,3,1,1,3,2,3,2,2,1
10938,1,8,4,4,1,18,13,1,7,4,6,1,2,2,1,0,2,3,1,4,2,3,3,2,4
3247,1,8,7,4,1,14,4,1,7,5,10,1,2,2,1,0,1,1,1,1,2,3,2,2,1
30494,1,9,7,4,1,13,13,1,7,4,6,1,2,2,1,0,1,3,1,1,2,5,2,5,1
33186,0,8,6,4,1,15,13,1,7,2,7,1,2,2,1,0,1,1,1,1,2,3,2,3,1
6020,1,6,6,4,5,24,1,2,11,1,3,8,2,3,4,0,1,3,1,1,4,3,2,2,1
20597,0,6,6,2,5,12,1,1,4,1,8,1,2,2,1,0,2,1,1,2,2,5,2,2,1
5028,0,4,1,4,5,23,1,3,4,1,4,8,2,3,4,0,1,3,1,1,4,3,2,2,1
8239,1,11,1,4,5,19,1,2,10,1,10,8,2,3,4,0,1,1,1,1,4,3,2,2,1
11018,0,3,6,4,5,6,1,2,4,1,2,8,2,3,4,0,1,3,1,1,3,3,2,2,1
33142,0,9,5,4,1,16,13,1,7,2,9,1,2,2,1,0,1,1,1,1,2,5,2,2,1
4891,0,4,3,4,1,16,13,1,2,4,9,1,2,2,1,0,2,3,1,3,2,3,2,2,1
19740,0,4,6,4,1,24,2,2,8,5,6,1,2,2,1,0,1,1,1,1,2,5,2,3,1
6229,0,7,1,4,1,7,1,1,2,1,7,8,2,2,1,0,1,1,1,1,3,4,3,4,1
12731,1,4,2,4,1,17,13,5,4,4,1,1,3,2,1,0,2,1,1,2,2,5,2,2,1
9758,0,5,5,4,1,23,13,2,7,2,8,1,2,2,1,1,12,1,1,1,2,7,2,4,1
29761,0,4,7,1,1,21,13,3,2,4,9,7,2,2,1,0,2,1,1,3,2,3,3,2,1
18557,1,7,1,4,5,20,1,1,2,1,8,8,3,3,4,0,1,3,1,1,4,3,2,2,1
7356,1,3,2,4,1,12,13,1,3,4,5,1,2,2,1,0,8,2,1,1,2,5,2,5,1
31439,0,6,3,4,5,6,1,1,7,1,3,1,2,2,1,0,1,1,1,1,2,6,2,4,1
11955,1,7,7,4,1,18,13,1,8,1,10,8,2,3,4,0,1,1,1,1,4,3,2,2,1
30873,1,11,3,4,1,11,10,1,7,4,7,1,2,2,1,0,2,3,1,2,2,3,2,2,1
16667,1,4,1,4,1,17,13,1,10,4,9,1,2,2,1,0,2,2,1,2,2,3,2,4,1
31677,0,3,4,4,1,15,13,1,8,4,6,1,2,2,1,0,8,2,1,1,2,5,2,5,1
16658,0,4,4,4,1,19,4,1,8,1,6,8,2,2,1,0,1,2,1,1,3,3,2,2,1
21151,0,3,2,2,1,13,13,1,8,2,10,7,2,2,1,0,1,2,1,1,2,7,2,4,1
3932,1,7,4,4,4,24,13,2,8,1,9,1,2,3,4,0,1,3,1,1,2,3,2,3,1
23158,0,6,1,2,1,16,21,1,7,5,6,7,2,2,1,0,1,3,1,1,2,3,2,2,1
6938,0,8,4,4,1,20,13,2,7,4,10,1,2,2,1,0,2,3,1,2,2,3,2,2,1
660,0,4,1,4,1,14,13,1,8,4,10,1,2,2,1,0,8,2,1,1,2,3,2,3,1
7436,1,9,4,4,1,22,13,2,4,3,6,1,2,2,1,0,8,2,1,1,2,5,2,2,1
23667,0,3,2,2,1,19,15,1,2,1,5,5,2,2,4,0,3,1,1,2,2,3,2,2,1
2370,0,7,3,4,1,18,13,1,7,4,6,1,2,2,1,0,8,2,1,1,2,3,2,2,1
22561,0,3,3,2,1,9,13,1,4,4,10,8,2,2,1,0,1,3,1,1,2,5,2,2,1
20917,1,3,1,3,1,18,13,1,4,2,9,8,2,6,1,0,8,1,1,1,1,1,1,1,1
13615,0,7,6,4,1,18,13,1,7,4,9,8,2,2,1,0,1,1,1,1,3,3,2,2,1
33119,1,4,6,4,1,2,13,3,4,2,8,1,2,2,1,0,1,1,1,1,2,3,2,4,1
12698,1,9,6,3,1,20,13,5,7,1,5,1,2,2,1,0,1,2,1,1,2,3,2,2,1
9828,1,5,3,4,1,20,13,5,10,4,6,1,2,2,1,0,8,1,1,1,2,5,2,5,1
8494,0,9,1,4,1,17,13,1,7,3,5,8,2,2,1,0,1,3,1,1,3,3,2,2,1
24345,0,5,1,4,1,11,13,1,4,4,10,1,2,2,1,0,2,2,1,3,2,3,2,2,1
9822,0,6,5,4,1,16,13,1,7,4,6,1,2,2,1,0,8,1,1,1,2,3,2,2,1
22953,0,8,7,2,5,13,1,1,7,1,6,1,2,2,1,0,2,3,1,3,2,3,2,2,1
2176,1,9,2,2,1,17,13,3,2,4,11,1,2,2,1,0,2,1,1,2,2,5,2,2,1
13758,1,7,1,4,1,18,2,1,7,1,7,8,3,3,2,0,1,3,1,1,4,3,2,2,1
18988,1,5,1,4,1,15,13,1,4,2,7,7,2,2,1,0,1,3,1,1,5,3,2,2,1
2801,0,7,7,4,1,17,10,1,3,1,5,5,2,3,4,0,1,2,1,1,2,3,2,2,1
35499,0,6,1,4,5,10,1,1,7,1,9,8,2,2,1,0,14,4,1,1,4,3,2,7,1
36120,0,4,3,2,1,17,12,1,8,6,9,8,2,2,1,0,3,4,2,2,2,4,2,5,1
29455,1,10,1,2,4,11,6,1,8,1,8,1,2,3,4,0,1,3,1,1,2,4,2,4,1
5840,1,9,5,4,5,14,1,1,7,1,6,1,3,3,4,0,1,3,1,1,2,3,2,2,1
377,1,4,7,3,1,11,15,1,10,1,2,1,2,3,4,0,1,2,1,1,2,3,2,2,1
36745,0,9,7,2,1,11,23,1,1,5,3,8,2,2,1,0,3,1,1,3,2,3,2,2,1
25243,0,6,2,4,5,23,1,3,10,1,4,1,3,2,1,0,1,3,1,1,4,3,2,6,1
12783,0,7,7,4,1,20,13,3,10,2,5,7,2,2,1,0,1,1,1,1,2,4,2,4,1
396,0,5,7,3,1,2,13,2,7,2,3,1,2,2,1,0,1,2,1,1,2,5,2,4,1
15459,1,7,1,4,1,18,1,3,2,1,1,8,2,2,1,0,1,1,1,1,3,3,2,2,1
16949,1,11,4,4,1,17,13,1,7,2,9,1,2,2,1,0,1,3,1,1,2,3,2,5,1
2183,1,4,3,4,1,18,13,3,4,4,12,1,2,2,1,0,2,1,1,3,2,3,2,3,1
20946,0,7,7,2,1,13,11,1,4,4,4,1,2,2,1,0,2,1,2,3,2,5,2,2,1
35056,1,7,2,4,1,18,13,1,7,3,9,8,2,2,1,0,8,4,1,1,3,5,2,2,1
18435,0,6,7,4,1,17,13,1,4,3,8,8,2,2,1,0,1,3,1,1,3,3,2,2,1
5879,1,9,4,4,5,11,1,1,7,1,8,2,3,2,1,0,1,3,1,1,3,3,2,2,1
20195,1,7,6,4,1,4,13,3,10,4,8,1,2,2,1,0,2,2,2,3,2,3,2,3,1
23751,0,3,4,3,1,16,18,1,3,5,12,1,2,2,1,0,3,2,1,2,2,3,2,2,1
30782,0,4,7,4,1,9,7,1,2,2,6,1,2,2,1,0,1,4,1,1,2,6,2,4,1
36419,1,7,1,4,3,4,10,3,7,1,10,1,2,3,3,0,1,3,1,1,2,3,2,4,1
714,0,4,2,4,1,17,13,1,10,4,9,1,2,2,1,0,2,2,1,2,2,3,2,2,1
29738,0,7,2,2,1,21,21,2,7,5,5,8,2,2,1,0,1,1,1,1,4,3,2,2,1
4657,0,5,6,4,1,2,13,2,10,1,7,8,2,3,5,0,1,3,1,1,4,3,2,3,1
35394,0,7,1,2,1,14,7,1,7,2,10,1,2,2,1,0,1,1,1,1,2,6,2,5,1
10114,1,4,7,4,1,22,13,2,2,4,10,1,2,2,1,0,2,1,1,2,2,3,2,2,1
27447,0,3,4,4,1,15,18,1,10,5,6,1,2,2,1,0,1,3,1,1,2,4,2,3,1
31943,1,3,1,4,5,15,1,1,4,1,9,8,3,2,1,0,3,3,1,2,2,3,2,2,1
30436,0,5,7,4,5,19,1,1,7,1,7,1,2,2,1,0,3,3,1,2,2,3,2,2,1
15870,0,9,6,4,1,16,21,1,10,4,7,8,2,2,1,1,2,1,2,2,2,4,2,3,1
15979,0,3,2,4,1,14,13,1,4,4,8,1,3,2,1,0,2,3,2,2,2,6,2,4,1
19894,0,9,6,4,1,15,13,1,8,3,9,1,2,2,1,0,2,1,1,3,2,3,2,2,1
19999,0,10,2,3,5,11,1,1,7,1,8,1,2,2,1,0,2,3,1,2,2,3,2,2,1
23075,0,9,7,4,5,9,1,1,4,1,7,8,2,5,1,0,1,2,1,1,4,3,2,2,1
34041,1,4,6,4,1,17,13,1,4,1,8,1,3,2,1,0,1,3,1,1,2,4,2,2,1
26626,0,5,1,4,3,1,13,2,3,1,7,8,2,3,4,0,1,2,1,1,4,3,2,2,1
17418,1,11,2,4,5,13,1,1,7,1,8,1,2,2,1,0,8,2,1,1,2,3,2,2,1
29638,0,5,3,4,1,22,18,3,7,4,8,1,2,2,1,0,8,4,1,1,2,5,2,5,1
3518,0,9,3,4,5,5,1,3,7,1,8,1,2,2,1,0,1,3,1,1,2,3,2,4,1
33858,1,5,5,4,1,18,13,1,8,4,7,1,2,2,1,0,8,4,1,1,2,3,2,3,1
4731,1,5,3,4,1,14,13,1,10,4,7,1,2,2,1,0,2,1,1,2,2,5,2,4,1
17038,1,10,1,4,5,24,1,3,7,1,7,8,2,3,3,0,1,3,1,1,3,4,2,4,1
24624,0,9,7,4,1,15,13,1,2,4,5,1,2,2,1,0,3,2,1,3,2,3,2,2,1
22292,0,12,3,3,1,13,13,1,2,4,3,1,2,2,1,0,2,1,1,2,2,3,2,2,1
27456,0,3,7,4,4,20,18,1,8,1,7,8,2,3,4,0,1,2,1,1,3,3,2,2,1
1045,0,7,6,4,1,23,7,3,4,2,4,2,2,2,1,0,1,3,1,1,2,4,2,3,1
10779,1,6,1,4,1,17,13,3,8,2,12,1,2,2,1,0,1,1,1,1,2,3,2,3,1
18372,0,8,5,4,1,20,13,5,7,1,7,8,3,2,1,0,1,3,1,1,5,3,2,2,1
16944,0,4,3,4,1,13,13,1,2,2,9,7,2,2,1,1,12,3,1,1,4,3,2,4,1
6773,1,8,2,4,1,15,13,1,7,2,8,1,2,2,1,0,1,3,1,1,2,3,2,2,1
15344,0,9,3,4,1,10,4,1,8,4,9,8,3,2,1,0,1,2,1,1,3,3,2,2,1
12366,0,9,6,4,1,13,13,1,4,4,5,1,2,2,1,0,2,2,1,2,2,3,2,2,1
11701,1,2,6,4,1,17,13,1,4,4,5,1,2,2,1,0,2,2,1,2,2,3,2,2,1
28196,0,3,5,4,1,18,18,1,4,5,10,1,2,2,1,0,1,2,1,1,2,4,2,4,1
7565,0,8,5,4,4,8,13,2,8,1,9,8,2,3,6,0,1,1,1,1,5,3,2,2,1
18895,1,8,7,4,5,13,1,1,7,1,4,1,2,3,3,0,1,1,1,1,2,3,2,3,1
888,0,7,5,4,3,16,15,1,7,1,9,8,3,3,4,0,1,3,1,1,4,3,2,2,1
9879,0,7,5,4,1,22,3,3,3,1,4,8,2,3,4,0,1,1,1,1,4,3,2,2,1
33551,1,5,7,4,3,19,1,3,7,1,2,8,3,3,4,0,1,1,1,1,4,4,2,2,1
5314,0,5,7,4,1,12,12,1,7,6,8,8,2,2,1,0,1,3,1,1,3,3,2,2,1
6301,1,9,6,4,2,15,13,1,7,1,9,1,2,2,1,0,1,3,1,1,2,3,2,4,1
559,0,3,3,4,5,10,13,1,8,2,8,7,2,2,1,1,12,2,1,1,2,5,2,4,1
627,1,3,6,3,1,22,1,3,4,1,9,1,3,2,1,0,8,2,1,1,2,3,2,2,1
6852,0,6,1,4,1,2,13,2,2,1,4,8,2,3,5,0,1,3,1,1,4,4,2,2,1
4508,0,3,4,3,1,24,13,3,4,4,10,1,2,2,1,0,2,2,1,2,2,5,2,2,1
6044,1,11,6,3,1,17,13,1,10,4,3,1,2,2,1,0,1,1,1,1,2,3,2,2,1