id,Severity,age_classes,day_week,DEFORMED_classes,m_harm_classes,hour,impact1_classes,lgt_cond,make,man_coll,month,p_crash1,pcrash4,pcrash5,rel_road,reljct1,reljct2,rest_use,sex,typ_int,valign,vnum_lan,vsurcond,vtrafway,weather_classes
117,1,10,6,4,5,15,1,1,4,1,2,1,2,2,1,0,1,1,1,1,2,3,2,2,1
12521,1,14,7,4,4,14,3,1,7,1,1,1,2,3,6,0,1,1,1,1,2,3,2,2,1
12405,0,7,1,4,1,17,18,1,7,4,8,1,2,2,1,0,8,2,2,1,2,3,2,2,1
25518,1,5,5,4,1,19,22,1,7,5,5,1,2,2,1,0,1,3,1,1,2,3,2,2,1
36108,0,9,1,2,1,17,7,1,8,2,9,2,2,2,1,0,2,4,1,3,2,5,2,2,1
526,0,5,4,3,1,5,7,4,7,2,7,1,2,2,1,0,1,2,1,1,2,6,2,4,1
29678,0,5,7,2,1,18,13,2,10,1,1,1,2,2,1,0,1,4,1,1,2,3,2,2,1
3467,0,3,1,4,1,7,13,4,2,3,3,1,2,2,1,0,1,3,1,1,2,3,2,2,1
36405,0,7,4,2,5,23,1,2,7,1,10,8,2,2,1,0,1,3,1,1,4,3,2,2,1
10954,0,7,4,4,1,20,13,2,7,3,3,6,3,2,1,0,1,3,1,1,2,5,2,2,1
1895,0,3,6,4,5,23,1,2,10,1,8,8,2,3,4,0,1,3,1,1,3,3,2,2,1
18721,0,5,7,4,1,24,16,2,10,1,6,8,2,3,5,0,1,1,1,1,4,3,2,2,1
18295,0,5,2,3,1,23,9,2,8,5,9,7,2,2,1,0,1,3,1,1,2,3,2,4,1
20507,0,3,7,3,1,14,12,1,4,5,1,1,2,2,1,0,1,1,2,1,2,4,2,4,1
5674,0,9,5,4,1,5,13,2,2,4,9,1,2,2,1,0,2,1,1,2,2,3,2,2,1
5189,1,6,6,4,1,13,13,1,4,2,6,8,3,2,1,0,1,1,1,1,4,3,2,4,1
15712,1,8,5,4,1,12,21,1,7,4,9,8,2,2,1,0,1,1,2,1,3,3,2,2,1
11167,1,6,1,4,5,1,1,3,2,1,2,1,2,2,1,0,2,3,1,3,2,4,2,3,1
15370,0,7,3,4,5,15,1,1,7,1,1,8,2,3,5,0,1,1,1,1,3,3,2,2,1
10484,1,6,5,3,1,15,13,1,4,4,5,8,2,2,1,0,2,2,1,2,4,5,2,2,1
33966,0,3,7,4,1,23,13,3,10,4,8,1,2,2,1,0,2,4,1,2,2,3,3,2,1
11330,1,9,1,3,1,9,11,1,4,4,9,1,2,2,1,1,2,3,1,2,2,3,2,5,1
11269,1,10,6,4,1,10,13,1,7,2,2,7,2,2,1,0,1,3,1,1,2,4,2,3,1
15286,1,3,3,4,1,20,13,3,2,4,11,1,2,2,1,0,2,1,1,2,2,6,2,5,1
1619,1,3,7,4,5,16,1,1,4,1,12,1,2,2,1,0,1,3,1,1,2,3,2,2,1
7055,1,9,1,4,1,8,13,1,7,3,5,1,2,2,1,0,2,3,1,3,2,3,2,2,1
20273,0,4,5,2,1,15,13,1,2,2,10,5,2,2,1,0,1,1,1,1,2,5,2,2,1
18689,0,3,7,4,1,12,13,1,10,4,3,1,3,2,1,0,8,1,1,1,2,3,2,2,1
26782,1,6,7,2,1,17,13,3,7,2,11,1,2,2,1,0,3,3,1,3,2,3,2,2,1
13272,1,8,5,4,5,9,1,1,7,1,12,8,2,2,1,0,1,1,1,1,3,3,3,2,1
31539,0,6,4,2,1,8,19,1,2,5,11,1,2,2,1,0,1,4,1,1,2,4,2,4,1
12439,1,1,7,4,1,17,13,1,8,4,9,7,2,2,1,0,8,2,1,1,2,3,2,2,1
3666,1,5,6,4,1,19,13,3,2,1,5,1,2,3,5,0,1,3,1,1,2,3,3,6,1
3827,0,6,4,4,1,11,4,1,8,4,11,1,3,2,1,0,2,1,1,3,2,3,3,2,1
18491,0,9,5,4,1,10,13,1,7,4,2,1,2,2,1,0,8,3,1,1,2,3,2,2,1
9734,1,4,7,4,1,13,13,1,2,3,7,7,2,2,1,0,1,1,1,1,2,3,2,2,1
23700,0,7,6,2,1,12,4,1,7,4,7,8,2,6,1,0,8,2,1,1,1,1,1,1,1
31116,0,9,1,2,1,11,23,1,7,1,5,2,2,2,1,0,1,1,1,1,5,4,2,4,1
29775,0,8,6,1,1,8,4,1,7,4,9,5,2,2,1,0,1,1,2,1,2,3,2,2,1
22249,0,6,4,3,1,16,7,1,4,2,2,2,2,2,1,0,3,1,1,2,2,4,2,6,1
6519,1,7,1,4,1,10,13,1,7,3,5,8,2,2,1,0,1,1,1,1,4,3,2,2,1
17661,0,11,5,4,5,15,1,1,7,1,9,8,3,3,3,0,1,3,1,1,4,3,2,3,1
13599,1,2,2,2,1,18,13,1,2,4,6,1,2,2,1,0,2,3,1,2,2,3,2,2,1
32858,0,4,7,4,2,15,1,1,7,1,3,8,3,3,4,0,1,4,2,1,3,3,2,2,1
1607,1,7,5,4,1,20,13,2,8,1,11,1,2,2,1,0,1,1,1,1,2,5,2,3,1
5427,0,5,5,4,1,19,13,5,4,3,3,8,2,2,1,0,1,2,1,1,3,3,2,2,1
18744,0,10,3,4,1,12,13,1,2,4,7,8,2,2,1,0,8,1,1,1,4,3,2,2,1
31775,0,6,1,2,1,16,13,1,7,4,10,5,2,2,1,0,8,3,1,1,1,1,1,1,1
14754,0,4,1,4,4,23,13,2,2,1,7,8,2,3,4,0,1,1,1,1,3,3,2,2,1
17117,0,8,6,4,5,23,1,2,7,1,9,8,3,3,2,0,1,3,1,1,4,3,2,2,1
30905,0,9,4,2,5,19,1,1,7,1,6,1,2,2,1,0,8,3,1,1,2,3,2,2,1
20483,1,5,1,4,5,3,13,2,2,1,8,8,2,3,4,0,1,2,1,1,4,3,2,2,1
11249,0,4,1,4,1,13,1,1,2,1,7,1,2,2,1,0,8,3,1,1,2,3,2,2,1
1581,0,6,1,4,1,23,13,2,4,2,10,1,3,2,1,0,1,1,1,1,2,3,2,2,1
1332,1,3,3,4,1,17,10,1,7,4,10,8,2,2,1,0,8,1,1,1,2,3,2,2,1
9656,1,7,5,3,5,12,1,1,8,1,9,7,2,2,1,0,1,3,1,1,2,3,2,4,1
17653,1,4,1,4,4,18,13,1,7,1,7,1,2,3,4,0,1,1,1,1,2,3,2,2,1
25282,0,4,6,4,1,15,5,1,10,5,7,7,2,2,1,0,1,2,1,1,2,5,2,4,1
20135,0,3,3,4,5,13,1,1,2,1,7,8,3,2,1,1,5,1,1,1,3,2,2,7,1
25134,1,3,3,4,1,17,13,1,2,4,1,1,2,2,1,0,8,1,1,1,2,4,2,3,1
9892,0,10,3,4,1,18,1,1,7,1,7,8,2,3,2,0,1,2,1,1,4,3,2,2,1
11936,0,4,7,4,1,16,13,1,3,3,9,8,2,2,1,0,1,1,1,1,3,3,2,2,1
28657,0,3,6,2,5,12,1,1,7,1,5,1,2,3,4,0,1,1,1,1,2,3,2,2,1
9229,1,4,1,3,2,23,13,3,4,1,4,8,2,3,8,1,12,1,1,1,4,4,2,4,1
12772,0,8,1,4,1,17,13,5,2,1,10,8,2,3,4,0,1,3,1,1,4,3,2,2,1
28852,1,4,6,4,1,21,1,3,7,1,10,1,3,2,1,0,2,1,1,3,2,3,2,5,1
22750,0,7,2,4,5,17,1,1,7,1,10,1,2,2,1,0,3,3,1,3,2,3,2,2,1
9455,1,9,1,3,3,1,13,3,3,1,7,8,2,3,10,0,1,2,1,1,5,4,2,6,1
11226,0,7,1,4,1,22,7,3,7,2,7,5,2,2,1,0,3,3,1,2,2,5,2,3,1
335,1,10,6,4,4,12,13,1,2,1,12,8,2,3,4,0,1,3,1,1,4,3,2,2,1
1644,1,4,1,4,1,14,7,1,4,2,10,1,2,2,1,0,1,2,1,1,2,6,2,4,1
24520,0,7,1,2,5,19,1,1,7,1,7,2,3,2,1,0,3,3,1,2,2,5,2,3,1
5883,0,4,7,4,5,19,10,1,7,4,8,1,2,2,1,0,1,3,1,1,2,3,2,2,1
2609,1,4,3,4,3,16,13,1,4,1,7,1,2,3,4,0,3,1,1,1,2,5,2,5,1
13285,0,8,7,4,5,20,1,2,7,1,8,8,2,3,4,0,1,3,1,1,3,3,2,2,1
19934,1,10,5,4,1,16,11,1,10,4,5,1,2,2,1,0,2,3,1,2,2,3,2,2,1
18562,1,6,6,3,5,20,1,2,7,1,10,1,2,3,4,0,1,3,1,1,4,3,2,2,1
1300,0,3,7,4,1,24,13,2,4,4,9,8,2,2,1,0,2,1,1,2,4,3,2,3,1
4173,0,8,6,3,1,16,13,1,10,4,4,1,2,2,1,1,2,1,1,2,2,3,2,3,1
3897,1,4,3,4,5,19,1,1,4,1,6,1,2,3,4,0,1,3,1,1,2,3,2,2,1
30608,0,7,3,2,1,9,12,1,8,4,9,8,2,2,1,0,2,4,1,2,2,3,2,2,1
21548,0,7,5,4,1,6,13,1,10,2,8,1,2,2,1,0,1,3,1,1,2,6,2,4,1
8053,1,6,4,4,1,19,1,1,7,1,8,1,3,2,1,0,2,1,1,3,2,3,2,2,1
18085,0,4,1,4,1,9,13,1,2,1,9,1,2,3,4,0,3,2,1,2,2,7,2,2,1
27306,0,4,3,2,1,8,13,1,10,4,9,1,2,2,1,0,2,3,1,2,2,5,2,2,1
17196,0,10,7,3,4,12,13,1,8,1,10,8,2,3,4,0,1,3,1,1,4,3,2,2,1
12023,0,9,7,4,5,15,1,1,10,1,6,6,2,3,3,0,1,3,1,1,3,3,2,3,1
16112,1,11,5,4,1,10,13,1,7,4,4,7,2,2,1,0,2,3,1,3,2,3,2,2,1
35029,0,5,7,4,1,21,13,2,4,4,5,1,2,2,1,0,1,3,1,1,2,3,2,2,1
13118,1,3,1,4,1,11,13,1,4,4,1,1,2,2,1,0,7,1,1,1,2,5,2,3,1
13633,1,8,7,4,1,24,12,6,7,4,3,1,2,2,1,0,2,3,1,2,2,3,2,2,1
8132,1,10,3,4,1,11,13,1,10,4,4,1,2,2,1,0,2,1,1,3,2,5,2,4,1
5711,0,4,5,2,2,22,13,2,10,1,10,1,2,2,1,0,1,2,1,1,2,5,2,4,1
8054,1,6,4,4,1,7,13,1,2,4,8,1,2,2,1,0,2,1,2,3,2,7,2,2,1
24156,1,7,7,4,1,13,12,1,8,5,3,1,2,2,1,0,3,1,1,2,2,3,2,3,1
32657,0,10,7,4,1,16,13,1,7,4,6,8,2,2,1,0,2,3,1,2,2,3,2,2,1
6112,1,6,3,4,5,23,1,3,7,2,3,1,2,2,1,0,1,3,1,1,2,5,2,3,1
21110,0,9,3,4,1,21,20,3,7,6,7,1,2,3,1,0,1,3,1,1,2,4,2,3,1
5796,0,4,7,4,1,2,13,3,10,4,11,1,2,2,1,0,2,2,1,3,2,3,2,3,1
24352,0,6,1,4,1,13,7,1,2,2,11,1,2,2,1,0,1,2,1,1,2,5,2,4,1
9180,0,3,2,4,1,12,13,1,2,4,4,1,2,2,1,0,2,1,1,2,2,5,2,2,1
13929,0,6,1,4,1,24,13,3,4,2,6,1,2,2,1,0,2,3,1,2,2,3,2,2,1
12454,0,7,7,4,1,17,13,1,7,3,10,1,2,2,1,0,1,2,1,1,2,3,2,2,1
22231,0,10,7,3,1,13,2,1,7,7,1,1,2,2,1,0,3,1,1,2,2,5,2,4,1
893,0,7,1,4,1,20,13,2,7,3,11,1,2,2,1,0,1,3,1,1,2,3,2,2,1
22358,1,2,1,3,1,18,13,1,4,4,9,8,2,2,1,0,2,3,1,2,2,3,2,4,1
16190,1,4,1,4,5,19,1,1,2,2,6,1,2,2,1,0,1,1,1,1,2,3,2,4,1
9392,1,7,4,2,1,5,7,2,7,2,7,2,2,2,1,0,8,2,1,1,2,5,2,5,1
33110,1,9,7,4,1,20,1,5,7,1,7,8,3,2,1,0,1,1,1,1,3,3,2,2,1
17428,1,8,3,4,1,17,13,1,2,3,8,1,2,2,1,0,8,2,1,1,2,3,2,2,1
13869,0,3,4,4,1,13,13,1,10,4,2,1,2,2,1,0,2,3,1,3,2,3,2,3,1
32240,1,3,4,4,1,4,13,3,2,1,12,1,3,3,7,0,1,1,1,1,2,5,2,2,1
13494,0,10,7,4,5,21,1,2,7,1,4,1,3,2,1,0,1,3,1,1,2,5,2,4,1
10260,1,9,4,4,1,17,18,1,7,4,11,8,2,2,1,0,2,3,1,3,2,2,2,3,1
11072,1,4,6,4,3,1,15,3,10,1,1,8,2,3,4,0,1,3,1,1,4,3,2,2,1
9824,1,9,5,4,4,12,13,1,7,1,6,8,2,3,5,0,3,1,1,3,4,3,2,2,1
15410,0,11,1,4,1,11,1,1,7,1,2,8,2,2,1,0,1,1,1,1,3,3,2,2,1
12734,1,8,7,4,1,8,13,1,7,4,5,1,3,2,1,0,2,1,1,2,2,5,2,4,1
8718,1,9,1,4,1,12,13,1,7,4,6,1,2,2,1,0,2,3,1,3,2,4,2,2,1
12828,1,4,6,4,1,10,13,1,7,2,7,1,3,2,1,0,2,1,1,2,2,3,2,4,1
3741,1,7,1,4,1,18,2,1,7,1,7,8,3,3,2,0,1,3,1,1,4,3,2,2,1
12871,1,4,7,4,5,14,1,1,8,1,11,1,3,2,1,0,1,2,1,1,2,5,2,4,1
18101,1,7,4,4,1,19,13,3,10,3,10,7,2,2,1,0,2,1,1,3,2,5,2,2,1
5855,1,4,6,4,1,20,13,5,2,4,7,8,2,2,1,0,2,1,1,2,2,5,2,3,1
11012,0,10,1,4,1,9,13,1,2,4,1,8,2,2,1,0,1,1,1,1,5,3,3,2,1
11423,1,4,5,4,4,23,10,3,2,1,11,8,2,3,3,0,1,1,1,1,3,5,2,4,1
19704,1,7,7,4,4,13,13,1,7,1,4,8,2,3,4,0,1,1,2,1,4,3,2,2,1
33585,0,6,6,3,1,15,13,1,4,2,5,1,2,2,1,0,8,3,1,1,2,3,2,2,1
8008,1,6,7,4,1,16,13,1,4,4,7,1,2,2,1,0,1,1,1,1,2,5,2,2,1
23975,0,8,6,2,1,18,18,1,2,5,8,7,2,2,1,0,1,2,1,1,2,4,2,4,1
4258,1,3,7,4,1,22,13,3,2,4,5,1,3,2,1,0,8,2,1,1,2,7,2,5,1
15866,0,4,2,4,1,1,13,3,2,2,6,1,2,2,1,0,1,3,1,1,2,4,2,4,1
359,0,3,4,3,5,19,1,2,2,1,1,1,3,2,1,0,1,2,1,1,2,3,3,4,1
22301,0,3,1,4,1,12,2,1,10,4,3,1,2,2,1,0,8,1,1,1,2,3,2,2,1
1457,1,8,1,4,5,16,10,1,7,4,8,1,2,2,1,0,2,3,1,2,2,3,2,5,1
35793,1,5,1,2,1,17,13,1,4,2,5,1,2,2,1,0,1,4,1,1,2,4,2,4,1
17797,1,9,1,4,5,21,15,3,7,1,5,8,2,3,5,0,1,1,1,1,5,3,3,2,1
12382,1,8,1,4,5,18,1,1,7,4,6,1,2,2,1,0,1,2,1,1,2,3,2,2,1
5051,1,2,2,4,1,20,10,3,4,4,6,8,2,2,1,0,8,1,1,1,4,3,2,2,1
1272,1,8,6,4,5,20,1,2,7,1,8,1,2,2,1,0,1,1,1,1,2,3,2,2,1
3216,1,5,5,4,1,18,11,1,8,6,8,8,2,2,1,0,1,1,1,1,3,3,2,2,1
15426,0,3,7,4,3,7,15,1,8,1,3,1,2,3,3,0,1,2,1,1,2,4,2,3,1
16483,1,8,1,4,5,16,10,1,7,4,8,1,2,2,1,0,2,3,1,2,2,3,2,5,1
8183,1,5,6,4,1,16,10,1,8,6,7,1,2,2,1,0,1,1,1,1,2,5,2,2,1
18889,1,11,6,2,5,19,1,1,8,1,4,1,2,3,3,0,1,3,1,1,2,3,2,4,1
20503,0,8,1,2,1,12,7,1,7,2,11,5,2,2,1,0,3,3,1,2,2,5,2,2,1
23734,0,8,1,2,1,17,1,1,4,1,10,8,2,2,1,0,8,1,1,1,4,5,2,5,1
6607,1,10,7,3,1,18,13,1,7,4,4,1,2,2,1,0,2,1,1,2,2,3,2,2,1
3913,1,7,6,4,1,13,13,1,7,2,8,1,2,2,1,0,1,1,1,1,2,3,2,3,1
7632,1,11,1,2,1,19,13,1,2,1,8,8,2,3,5,0,1,1,1,1,4,3,2,2,1
838,0,7,4,4,1,22,21,3,2,4,6,8,2,2,1,0,2,3,1,3,2,3,2,3,1
30785,0,4,3,2,1,7,13,1,7,2,7,7,2,2,1,0,1,1,1,1,2,5,2,4,1
20381,0,8,7,2,1,10,1,1,10,1,6,1,3,2,1,0,3,2,1,3,2,5,2,2,1
18197,0,4,1,4,4,5,13,2,2,1,7,1,2,3,4,0,2,1,1,3,2,3,2,2,1
29583,0,5,5,3,3,3,13,3,10,1,3,8,2,3,4,0,5,3,1,1,3,3,2,7,1
14221,1,4,6,4,1,23,13,3,10,4,4,1,2,2,1,0,2,3,1,2,2,3,2,2,1
3737,1,7,7,4,1,24,13,3,10,4,7,1,2,2,1,1,2,1,1,2,2,4,3,3,1
6340,1,4,7,4,4,8,13,1,2,1,10,8,2,3,5,0,1,1,1,1,4,3,3,2,1
30197,1,5,3,4,1,17,13,1,2,4,3,1,3,2,1,0,2,4,1,4,2,5,2,2,1
2098,1,6,7,4,1,16,18,1,7,4,8,4,2,2,1,0,2,3,1,2,2,3,2,3,1
3137,1,8,6,4,1,14,13,1,2,3,5,1,2,2,1,0,1,1,1,1,2,3,2,2,1
10115,0,7,6,4,1,23,13,6,2,4,6,1,2,2,1,0,2,2,1,2,2,3,2,2,1
525,1,7,1,3,5,14,15,1,6,1,7,6,2,3,4,0,1,2,1,1,4,3,2,4,1
81,0,9,4,4,1,16,11,1,8,4,10,1,2,2,1,0,3,1,1,2,2,3,2,3,1
8863,0,10,2,4,5,18,1,5,7,1,2,1,3,3,3,0,1,1,1,1,2,3,2,4,1
30316,1,9,7,4,1,16,13,1,7,2,8,8,2,2,1,0,3,3,1,3,4,3,2,2,1
2612,1,9,3,4,1,5,13,2,8,1,7,1,3,2,1,0,1,1,1,1,2,3,2,2,1
15337,0,8,4,4,4,24,21,2,7,1,8,8,2,3,4,0,1,3,1,1,4,3,2,2,1
3151,1,11,2,4,4,12,13,1,10,1,6,8,2,3,4,0,1,1,1,1,3,3,2,2,1
27943,0,8,4,2,5,15,1,1,2,1,8,1,3,2,1,0,1,1,1,1,2,3,2,2,1
16493,1,4,7,4,1,12,13,1,4,4,10,1,2,2,1,0,8,3,1,1,2,4,2,3,1
1756,1,4,3,4,1,16,13,1,2,4,6,1,3,2,1,0,2,2,1,3,2,3,2,2,1
1521,1,3,2,4,1,21,7,3,10,2,5,5,2,2,1,0,1,1,1,1,2,5,2,2,1
15287,1,3,7,4,1,12,13,1,4,4,11,1,2,2,1,0,3,1,1,2,2,5,2,5,1
36379,1,3,1,4,1,17,13,5,4,4,9,7,2,2,1,0,2,3,1,2,2,3,2,2,1
22795,0,6,5,1,1,15,10,1,10,4,4,8,2,2,1,0,2,3,1,3,2,5,2,2,1
33687,0,11,7,2,5,13,1,1,2,1,8,8,3,2,1,0,1,4,1,1,4,3,9,2,1
12703,1,8,7,4,5,8,1,1,10,1,7,7,2,2,1,1,5,1,1,1,3,2,2,7,1
31048,1,9,1,2,5,9,1,1,7,1,1,1,2,2,1,0,1,4,1,1,2,7,2,4,1
13517,0,7,7,2,5,13,1,1,2,1,6,1,3,2,1,0,1,3,1,1,2,3,2,2,1
17532,1,10,7,4,1,15,13,1,8,4,3,1,2,2,1,0,1,1,1,1,2,4,2,3,1
27408,0,7,1,4,5,16,13,1,8,1,4,8,2,3,4,0,1,2,1,1,5,3,2,2,1
9012,0,9,7,4,1,18,13,1,2,4,4,1,2,2,1,0,2,1,1,2,2,3,2,5,1
11856,0,6,5,4,1,15,13,1,10,2,2,1,2,2,1,0,3,1,1,3,2,3,2,2,1
15844,1,4,6,3,1,23,13,3,2,4,4,1,2,2,1,0,8,1,1,1,2,4,2,4,1
13002,1,4,5,4,1,14,13,1,2,4,7,1,2,2,1,0,2,1,1,4,2,5,2,5,1
8420,0,4,1,4,1,16,13,1,7,1,9,7,2,3,4,0,1,3,1,1,5,3,2,2,1
6899,1,9,2,4,1,17,1,1,7,1,8,8,3,2,1,0,1,3,1,1,3,3,2,2,1
8411,1,5,2,4,1,20,13,2,7,2,9,1,2,2,1,1,12,3,1,1,2,3,2,3,1
11448,1,4,3,3,1,23,7,3,4,2,12,2,2,2,1,0,3,1,1,4,2,3,2,4,1
15500,1,6,3,4,1,12,13,1,4,3,5,1,2,2,1,0,2,2,1,2,2,5,2,2,1
1886,0,8,5,4,1,17,13,1,7,3,7,8,2,2,1,0,1,3,2,1,3,3,2,2,1
17154,0,4,7,4,4,17,13,1,8,3,4,8,3,3,1,0,1,1,1,1,3,3,2,2,1
954,1,6,2,4,1,24,13,2,7,2,9,1,3,2,1,0,1,2,2,1,2,5,2,3,1
14934,0,8,2,3,1,16,13,1,7,1,6,1,2,2,1,0,1,3,1,1,2,3,2,2,1
5841,0,6,7,4,5,15,1,1,4,1,6,8,3,3,4,0,1,1,1,1,4,3,2,2,1
2475,0,7,4,4,1,10,11,1,7,4,7,1,2,2,1,0,1,2,1,1,2,3,2,2,1
10015,1,10,7,4,1,12,7,1,7,2,9,7,2,2,1,0,8,3,2,1,2,3,2,2,1
1614,1,10,6,4,1,15,7,1,7,2,12,1,2,2,1,0,1,1,1,1,2,3,2,3,1
11991,0,4,7,4,1,2,13,3,3,1,8,1,2,3,4,0,2,3,1,3,2,5,2,4,1
871,1,11,7,2,5,12,1,1,7,1,8,2,3,3,4,0,8,3,1,1,2,3,2,2,1
22252,0,3,5,3,1,23,13,2,10,4,3,1,2,2,1,0,2,1,1,2,2,3,2,2,1
6151,1,3,3,4,1,20,13,5,4,2,5,1,2,2,1,0,1,1,1,1,2,3,2,3,1
5004,1,8,6,4,5,15,13,1,7,1,8,1,2,3,4,0,1,2,1,1,2,3,2,2,1
750,1,3,2,4,1,18,21,3,4,1,11,7,2,3,7,0,1,1,1,1,3,3,2,3,1
11224,0,2,3,4,1,3,13,3,2,4,7,1,2,2,1,0,2,3,1,2,2,3,2,5,1
20722,0,3,2,2,3,19,10,1,2,1,6,4,2,3,4,0,3,3,1,3,2,3,2,2,1
31170,0,2,4,3,1,14,13,1,10,2,8,2,2,2,1,0,8,1,1,1,2,3,2,3,1
1296,1,5,7,4,1,20,13,3,4,2,8,1,2,2,1,0,1,1,1,1,2,4,2,3,1
12760,0,5,3,4,1,9,13,1,6,2,5,1,3,2,1,0,2,3,1,2,2,3,3,2,1
28192,1,6,4,4,3,4,13,3,10,1,7,1,2,3,8,1,13,2,1,1,2,4,2,4,1
32632,0,6,5,2,1,12,7,1,10,2,4,5,2,2,1,0,2,4,1,3,2,4,2,4,1
1616,1,5,5,4,1,13,13,1,7,4,12,1,2,2,1,0,2,1,1,2,2,3,2,4,1
25580,0,3,1,4,1,3,18,2,4,5,11,8,2,2,1,0,2,3,1,3,2,3,2,2,1
19836,0,5,2,4,1,16,13,1,10,2,5,1,2,2,1,0,1,1,1,1,2,3,2,4,1
34058,0,4,6,4,1,20,21,1,2,1,6,1,2,2,1,0,1,1,1,1,2,3,2,2,1
23107,0,6,6,4,1,18,7,3,2,2,10,1,2,2,1,0,1,2,2,1,2,3,2,3,1
35505,1,10,1,4,3,5,13,2,7,1,5,1,2,3,1,0,1,1,1,1,2,3,2,4,1
2906,0,3,3,4,1,20,13,3,4,1,11,1,2,3,3,0,1,1,1,1,2,4,2,3,1
31749,0,8,7,2,1,13,13,1,7,2,9,5,2,2,1,0,3,4,1,3,2,5,2,2,1
18832,1,9,1,4,1,14,13,1,7,4,10,1,2,2,1,0,2,1,1,2,2,3,2,2,1
25665,0,4,7,4,1,14,8,1,10,5,6,1,2,2,1,0,3,2,1,3,2,3,2,2,1
25658,0,7,7,2,1,14,13,1,7,5,6,5,2,2,1,0,3,2,1,3,2,3,2,2,1
987,0,11,6,4,1,19,13,2,7,1,2,8,2,2,1,0,1,3,1,1,3,3,2,3,1
19003,0,5,1,4,1,13,13,1,7,3,9,1,2,2,1,0,1,2,1,1,2,3,2,2,1
24721,0,8,5,3,1,17,13,1,7,4,11,1,2,2,1,0,2,3,1,2,2,3,2,2,1
29803,0,6,2,4,1,18,13,1,4,4,4,1,2,2,1,0,2,1,1,3,2,4,2,3,1
1933,0,6,1,4,1,13,13,1,2,2,10,7,2,2,1,0,2,1,1,2,2,3,2,3,1
12856,0,2,4,4,5,22,13,3,4,1,8,8,2,3,4,0,1,1,1,1,5,4,2,3,1
20206,0,4,3,3,1,14,18,1,4,4,4,1,2,6,1,0,8,1,1,1,1,1,1,1,1
18911,0,6,6,4,1,21,13,2,7,3,5,1,2,2,1,0,1,3,1,1,2,3,2,2,1
28613,1,7,6,4,5,11,1,1,8,1,11,1,2,2,1,0,1,3,2,1,2,7,2,3,1
16534,1,7,1,4,1,19,13,1,4,4,5,1,2,2,1,0,4,3,1,1,2,3,2,2,1
13026,0,6,6,4,1,19,13,1,10,4,7,1,2,2,1,0,2,1,1,3,2,3,2,2,1
23757,0,4,4,3,1,14,13,1,8,4,3,8,2,2,1,0,1,2,1,1,2,5,2,2,1
7696,0,3,3,4,1,16,11,1,4,4,8,8,2,2,1,0,1,1,1,1,4,3,2,2,1
35876,0,3,1,4,1,20,13,3,2,2,2,1,2,2,1,0,1,1,1,1,2,4,2,4,1
6465,1,5,5,4,1,21,13,3,4,4,11,1,2,2,1,0,2,1,1,2,2,4,2,3,1
11043,0,9,4,4,1,20,13,2,7,2,3,1,2,2,1,0,3,3,1,2,2,5,2,2,1
4051,0,2,6,4,1,18,13,1,2,3,8,8,3,2,1,0,1,1,1,1,4,3,2,2,1
25179,0,4,4,3,5,23,1,3,8,1,7,1,2,2,1,0,1,1,1,1,2,3,2,2,1
11339,0,3,1,4,1,4,13,2,4,2,10,1,2,2,1,0,1,3,1,1,2,5,2,2,1
28460,1,11,6,2,5,16,1,1,2,1,6,8,2,2,1,0,1,1,1,1,3,3,2,2,1
5579,0,5,2,4,1,17,13,1,2,3,6,8,2,2,1,0,1,1,1,1,3,3,2,2,1
6115,1,9,7,4,1,14,4,1,7,4,4,1,2,2,1,0,2,3,1,2,2,3,2,5,1
6013,1,9,7,3,5,19,1,3,7,1,2,1,2,2,1,0,1,3,1,1,2,3,2,3,1
4660,0,10,2,4,1,7,4,4,7,4,6,1,2,2,1,0,2,1,1,2,2,3,3,5,1
17898,1,6,4,4,1,19,13,1,1,4,8,1,3,2,1,0,2,1,1,2,2,3,2,3,1
7649,0,7,2,4,5,12,1,1,2,1,10,8,2,2,1,0,1,1,2,1,4,3,2,2,1
1407,0,11,1,4,1,15,13,1,7,4,11,1,2,2,1,0,1,1,1,1,2,3,2,2,1
324,1,8,3,4,1,6,13,4,7,1,10,1,2,2,1,0,1,2,1,1,2,3,2,2,1
14031,0,9,1,4,1,9,13,1,4,3,5,1,2,2,1,0,1,1,1,1,2,3,2,2,1
20865,1,9,7,4,1,3,13,3,11,3,5,1,2,2,1,0,1,1,1,1,2,3,2,4,1
16323,1,5,7,4,1,20,13,3,4,2,8,1,2,2,1,0,1,1,1,1,2,4,2,3,1
30407,0,9,7,4,1,9,13,1,10,4,5,1,2,2,1,0,2,3,1,2,2,3,2,6,1
17677,1,8,2,4,1,16,13,1,7,2,8,1,2,2,1,0,8,1,1,1,2,5,2,2,1
22342,1,6,4,4,1,21,13,3,4,4,4,8,2,2,1,0,2,1,1,3,2,3,2,4,1
35504,1,10,1,4,1,5,13,2,7,1,5,1,2,2,1,0,1,1,1,1,2,3,2,4,1
19635,0,5,7,3,1,2,13,3,7,3,12,1,2,6,1,0,1,3,1,1,2,3,2,2,1
31630,1,2,4,4,1,21,21,3,2,4,6,1,2,2,1,0,2,4,1,2,2,3,2,2,1
17956,1,5,5,4,1,14,4,1,7,4,5,1,2,2,1,0,2,1,1,3,2,5,2,2,1