id,Severity,age_classes,day_week,DEFORMED_classes,m_harm_classes,hour,impact1_classes,lgt_cond,make,man_coll,month,p_crash1,pcrash4,pcrash5,rel_road,reljct1,reljct2,rest_use,sex,typ_int,valign,vnum_lan,vsurcond,vtrafway,weather_classes
17195,1,6,2,2,1,14,1,1,8,1,9,1,3,2,1,0,8,1,1,1,2,5,2,2,1
17110,1,7,6,2,4,17,13,1,2,1,8,7,2,3,4,0,1,3,1,1,2,3,2,2,1
208,1,9,7,4,1,11,18,1,7,6,9,8,2,2,1,0,1,1,1,1,3,3,2,2,1
10388,1,4,1,4,1,10,13,1,7,3,1,8,2,2,1,0,1,2,1,1,3,3,2,2,1
17584,0,7,2,4,1,10,13,1,7,1,9,8,2,3,6,0,1,1,1,1,3,3,2,2,1
7359,0,8,7,4,1,14,1,1,7,1,5,8,2,2,1,0,2,2,1,2,4,5,2,5,1
3447,1,13,1,3,5,15,1,1,2,1,9,8,3,3,4,0,1,1,1,1,5,3,2,2,1
20005,0,8,7,3,1,11,13,1,7,1,9,8,2,3,4,0,1,3,1,1,3,3,2,2,1
2001,0,4,5,4,1,17,13,1,7,4,5,1,2,2,1,0,2,3,1,4,2,3,2,2,1
29346,0,5,3,3,1,20,7,3,4,2,8,4,2,2,1,0,3,3,1,2,2,3,2,3,1
20453,0,7,6,2,1,2,13,2,7,1,6,1,2,2,1,0,1,2,1,1,2,5,2,2,1
31727,0,3,6,3,1,1,13,2,4,1,8,1,2,2,1,0,1,4,1,1,2,3,2,2,1
19267,1,3,6,2,5,24,13,3,7,1,4,8,2,3,4,0,1,3,1,1,3,3,2,2,1
18665,1,7,7,4,1,13,12,1,7,4,4,1,2,2,1,0,2,3,1,3,2,3,2,2,1
19761,1,7,7,4,1,19,13,1,7,4,7,1,3,2,1,0,2,1,1,2,2,6,2,3,1
9990,0,4,5,3,5,24,13,3,4,1,9,1,2,2,1,0,1,3,1,1,2,3,2,2,1
8723,1,3,4,4,1,18,13,1,3,4,6,1,3,2,1,0,2,2,1,2,2,5,2,2,1
26639,0,7,7,4,5,20,1,1,2,1,7,1,2,2,1,0,3,2,1,2,2,5,2,2,1
6027,1,9,4,4,1,15,1,1,2,1,2,1,2,3,3,0,1,1,1,1,2,4,2,3,1
22585,1,8,6,4,5,8,1,1,10,1,4,1,2,2,1,0,1,3,1,1,2,3,2,2,1
11788,1,7,1,4,1,20,13,5,8,3,7,1,2,2,1,0,2,3,1,2,2,5,2,2,1
10116,1,10,4,4,1,17,13,1,7,4,8,1,2,2,1,0,2,1,1,2,2,3,2,2,1
11646,1,4,7,4,1,13,13,1,7,3,4,8,2,2,1,0,1,3,2,1,4,3,2,2,1
7755,0,9,4,4,1,10,13,1,7,3,6,1,2,2,1,0,1,3,1,1,2,3,2,2,1
10257,1,6,5,4,1,17,13,1,3,4,10,1,3,2,1,0,8,1,1,1,2,5,2,5,1
22310,0,3,1,2,1,21,13,3,4,4,5,8,2,2,1,0,8,1,1,1,1,1,1,1,1
19771,0,8,2,4,5,10,1,1,7,1,6,8,2,3,4,0,1,1,1,1,4,3,2,2,1
11924,0,3,6,4,1,22,13,3,10,3,9,1,2,2,1,0,1,3,1,1,2,4,2,4,1
20267,1,6,3,3,5,21,1,2,7,1,9,8,3,2,1,0,1,2,1,1,4,3,2,2,1
13953,1,12,7,2,5,10,1,1,8,1,9,1,2,2,1,0,1,3,1,1,2,3,2,3,1
16495,0,4,5,4,1,22,13,2,8,4,1,1,3,2,1,0,2,1,1,3,2,3,2,2,1
16455,1,6,7,4,1,23,13,3,4,4,12,1,2,2,1,0,2,1,1,3,2,7,2,5,1
8130,1,7,7,3,5,14,1,1,8,1,4,8,2,2,1,0,1,1,1,1,3,3,2,2,1
21254,0,4,7,4,1,18,13,1,2,2,7,1,2,2,1,0,3,3,1,3,2,5,2,2,1
6797,1,4,7,4,1,18,13,1,7,4,8,1,2,2,1,0,2,3,1,2,2,3,2,2,1
9627,0,7,7,2,1,13,7,1,7,2,12,1,2,2,1,0,1,3,1,1,2,3,2,2,1
4961,0,7,1,4,4,19,13,1,10,1,8,8,2,3,4,0,1,3,1,1,4,3,2,2,1
12923,0,3,3,4,1,20,13,3,4,1,11,1,2,3,3,0,1,1,1,1,2,4,2,3,1
20985,0,3,6,2,1,19,13,2,2,4,10,8,2,2,1,0,8,1,1,1,2,5,2,5,1
15115,0,4,1,4,1,20,13,2,4,4,10,1,2,2,1,0,8,1,1,1,2,3,2,3,1
9686,1,7,7,4,4,13,13,1,7,1,4,8,2,3,4,0,1,1,2,1,4,3,2,2,1
7559,0,7,1,4,2,20,13,2,8,1,8,1,2,2,1,0,1,1,1,1,2,3,2,3,1
11768,1,6,7,4,5,15,1,1,10,1,8,1,3,2,1,0,1,3,1,1,2,3,2,2,1
26953,0,4,7,3,1,2,23,3,7,5,6,1,2,2,1,0,1,1,1,1,2,6,2,4,1
22212,0,10,1,2,1,13,7,1,7,2,10,1,2,2,1,0,8,3,1,1,2,3,2,2,1
12218,1,12,4,4,5,13,1,1,10,1,2,8,2,4,6,0,1,3,1,1,4,3,2,2,1
18194,1,8,7,3,5,18,1,1,7,1,6,1,3,2,1,0,1,1,1,1,2,5,2,2,1
33136,0,4,4,4,4,14,13,1,10,1,8,8,2,3,4,0,1,1,1,1,4,3,2,2,1
5570,0,4,7,4,1,18,1,1,10,1,8,8,2,2,1,0,1,2,1,1,3,3,2,2,1
3764,0,9,4,4,1,22,2,2,7,1,8,8,3,3,4,0,1,3,1,1,4,3,2,2,1
13535,0,9,3,4,5,5,1,3,7,1,8,1,2,2,1,0,1,3,1,1,2,3,2,4,1
12861,0,4,3,4,1,1,13,3,8,1,10,8,3,3,4,0,1,1,1,1,3,4,2,4,1
6323,0,6,3,4,1,7,13,1,2,1,9,1,2,2,1,0,1,1,1,1,2,3,2,2,1
7283,0,3,3,4,1,22,13,3,4,2,10,1,2,2,1,0,1,1,1,1,2,5,2,4,1
11142,0,9,6,4,1,15,13,1,7,3,4,1,2,2,1,0,2,3,1,2,2,4,2,3,1
9851,0,4,7,4,1,18,13,1,4,3,8,8,2,2,1,0,1,1,1,1,4,5,2,2,1
14814,0,5,7,4,1,14,13,1,2,4,3,1,2,2,1,0,2,1,1,2,2,3,2,2,1
1697,1,10,7,4,5,9,1,1,2,1,5,8,2,3,4,0,1,3,1,1,4,3,2,2,1
13916,1,3,4,4,1,24,13,3,2,1,6,8,2,3,4,0,1,3,1,1,3,4,2,4,1
6242,1,4,5,4,1,10,13,1,4,1,7,1,2,2,1,0,2,1,1,2,2,4,2,3,1
22700,1,6,3,3,1,11,13,1,8,2,6,2,2,2,1,0,1,3,1,1,2,3,2,2,1
690,0,7,7,3,1,22,13,3,7,4,10,1,3,2,1,0,2,1,1,2,2,3,2,5,1
12105,0,5,4,4,1,11,13,1,4,4,8,1,3,2,1,0,2,3,1,2,2,5,2,2,1
27188,1,5,2,4,1,4,13,3,7,1,4,8,2,2,1,0,1,1,1,1,3,3,2,2,1
6078,1,10,3,4,1,21,13,2,10,4,4,1,2,2,1,0,2,3,1,2,2,3,2,3,1
6923,0,4,6,4,1,2,13,2,4,2,9,1,2,2,1,0,1,3,1,1,2,3,2,4,1
14065,1,8,5,4,1,10,13,1,2,1,8,1,2,2,1,0,1,1,1,1,2,3,2,2,1
13567,1,6,5,4,1,16,13,1,7,4,10,1,2,2,1,0,8,3,1,1,2,5,2,2,1
31862,0,9,4,3,1,16,1,1,7,2,5,7,2,2,1,0,1,3,1,1,2,3,2,4,1
17603,0,3,4,4,1,13,13,1,8,2,4,1,2,2,1,0,1,1,1,1,2,3,2,2,1
20576,0,8,2,3,1,7,7,4,7,2,3,2,2,2,1,0,3,1,2,2,2,5,2,2,1
15322,0,9,1,4,1,20,13,1,2,3,6,8,2,2,1,0,1,3,1,1,3,3,2,2,1
3413,0,6,3,4,1,1,13,2,7,4,9,1,2,2,1,0,2,3,1,2,2,3,2,2,1
26034,0,3,5,2,5,17,1,1,8,1,8,1,3,2,1,0,2,2,1,3,2,3,2,2,1
12567,0,7,1,4,2,20,13,2,8,1,8,1,2,2,1,0,1,1,1,1,2,3,2,3,1
36101,0,8,7,2,1,15,13,1,8,2,9,7,2,2,1,0,14,4,1,1,2,2,2,7,1
18989,1,8,5,4,1,16,13,1,10,3,7,1,2,2,1,0,2,3,1,3,2,3,2,2,1
17163,0,8,7,3,5,21,1,2,2,1,5,8,3,3,4,0,1,1,1,1,3,3,2,2,1
1594,1,9,6,4,1,15,7,1,8,2,11,5,2,2,1,1,8,1,1,1,2,3,2,2,1
16057,1,9,6,4,1,19,13,2,7,4,4,1,2,2,1,0,2,3,1,2,2,3,2,2,1
3705,0,6,5,4,2,23,13,2,7,1,7,8,2,3,4,0,1,3,1,1,4,3,2,2,1
30910,0,4,4,2,1,22,18,2,8,4,9,8,2,2,1,0,8,4,1,1,5,4,2,3,1
18208,1,4,3,4,1,11,13,1,10,4,7,1,2,2,1,0,3,1,1,1,2,5,2,2,1
12030,0,3,7,4,5,22,1,2,2,1,7,8,2,3,4,0,1,3,1,1,4,3,2,2,1
7678,1,4,7,4,1,23,13,3,4,4,7,7,2,2,1,0,2,3,1,2,2,3,2,2,1
30928,1,5,6,2,1,18,3,3,7,5,11,2,2,2,1,0,1,3,1,1,2,5,2,4,1
11006,0,2,3,4,1,17,13,1,10,4,2,1,2,2,1,0,2,1,1,3,2,4,2,3,1
14903,0,5,1,3,1,19,2,1,2,1,7,1,2,3,2,0,1,3,1,1,2,3,2,2,1
6471,1,4,1,4,1,20,10,3,4,2,10,1,2,2,2,0,1,1,1,1,2,4,2,4,1
31767,0,8,4,4,1,16,13,1,7,1,10,1,2,3,4,0,1,4,2,1,2,5,2,6,1
17930,1,8,6,4,1,21,13,3,10,2,3,1,2,2,1,0,2,3,1,3,2,4,2,4,1
4985,0,8,6,2,1,18,13,3,4,1,10,8,2,3,4,0,1,3,1,1,4,3,2,2,1
12112,0,5,1,4,1,11,13,1,2,4,9,1,3,2,1,0,8,1,1,1,2,3,2,2,1
12728,1,3,4,2,1,18,1,1,8,1,3,1,2,2,1,0,2,1,1,2,2,5,2,3,1
20304,0,8,1,3,1,18,8,1,7,4,6,1,2,2,1,0,2,1,1,2,2,6,2,2,1
16516,1,6,1,4,1,18,7,3,7,2,1,2,2,2,1,0,3,1,1,3,2,3,2,2,1
18121,1,4,1,4,1,2,13,3,8,2,11,1,2,2,1,0,1,1,1,1,2,4,2,4,1
16011,0,4,4,4,1,20,13,2,10,1,2,1,2,2,1,1,5,1,1,1,2,2,2,7,1
15127,1,8,7,4,1,22,13,3,7,4,4,1,2,2,1,0,2,3,1,3,2,3,2,2,1
19904,0,4,7,4,1,6,3,4,7,6,6,1,2,2,1,0,1,1,1,1,2,3,2,2,1
35501,0,5,1,4,3,5,13,2,7,1,5,1,2,3,1,0,1,1,1,1,2,3,2,4,1
2008,1,4,7,4,1,23,13,3,8,3,6,1,2,2,1,0,2,2,1,3,2,3,2,2,1
985,1,7,4,4,5,6,1,2,7,1,2,1,2,2,1,0,2,3,1,2,2,5,8,5,1
5959,1,8,4,4,1,21,13,2,4,2,6,1,3,2,1,0,1,3,1,1,2,7,2,4,1
2448,0,8,7,4,1,16,10,1,2,1,11,8,2,3,6,0,1,2,1,1,4,3,2,2,1
13335,1,12,6,4,5,13,1,1,7,1,6,7,2,3,4,0,1,1,1,1,4,3,2,2,1
29598,0,7,2,3,1,12,13,1,2,4,5,8,2,2,1,0,8,3,1,1,1,1,1,1,1
30372,0,8,1,2,1,16,18,1,2,5,8,1,2,2,1,1,12,3,1,1,2,3,2,3,1
17245,0,4,7,4,1,18,13,2,3,3,10,1,2,2,1,0,1,2,1,1,2,3,2,2,1
6426,0,4,7,4,1,18,13,3,8,4,11,1,2,2,1,0,2,1,1,2,2,5,2,3,1
15320,1,9,7,4,1,16,13,1,7,4,6,8,2,2,1,0,1,2,1,1,4,5,2,3,1
21977,1,10,7,4,5,11,1,1,7,1,6,1,2,2,1,0,2,1,1,3,2,3,2,4,1
10328,1,3,3,3,5,24,2,6,8,1,8,1,2,3,3,0,1,3,1,1,2,3,2,4,1
24030,1,5,7,3,1,20,13,3,4,4,8,8,2,2,1,1,2,1,1,2,2,3,2,3,1
15135,0,5,1,4,1,15,13,1,6,3,8,1,2,2,1,0,2,2,2,2,2,3,2,4,1
19818,1,8,4,4,1,17,13,3,7,4,2,1,2,2,1,0,2,1,1,3,2,3,2,2,1
8858,1,7,7,4,1,19,13,2,7,4,2,1,2,2,1,0,2,1,1,3,2,3,2,2,1
6620,1,7,3,4,5,14,1,1,7,1,11,8,2,3,5,0,1,1,1,1,4,3,3,2,1
29691,0,4,7,2,1,21,13,2,2,4,4,8,2,2,1,0,8,4,1,1,2,3,2,2,1
17495,0,6,5,1,1,20,7,1,2,2,7,1,2,2,1,1,12,2,1,1,2,3,2,4,1
5254,0,8,7,4,5,14,1,1,7,1,11,1,2,3,2,0,1,1,1,1,2,3,2,2,1
7093,1,7,6,2,4,17,13,1,2,1,8,7,2,3,4,0,1,3,1,1,2,3,2,2,1
18200,1,5,6,4,1,16,10,1,8,6,7,1,2,2,1,0,1,1,1,1,2,5,2,2,1
19717,1,8,7,2,4,11,13,1,8,1,4,1,2,3,4,0,1,1,2,1,2,3,2,2,1
12355,1,4,7,4,1,15,13,1,7,4,5,1,2,2,1,0,8,1,1,1,2,5,2,5,1
22851,0,8,4,4,1,16,1,1,7,1,8,1,3,2,1,0,3,3,1,2,2,5,2,2,1
28311,0,6,3,2,5,19,1,5,7,1,5,8,2,3,4,0,1,1,1,1,3,3,2,2,1
10690,1,3,1,4,1,12,13,1,4,3,9,8,2,2,1,0,1,1,1,1,3,3,2,2,1
33081,1,3,5,4,4,24,13,2,2,1,5,1,2,3,4,0,1,1,1,1,2,3,2,2,1
29020,0,5,7,2,5,19,1,1,7,1,4,1,3,2,1,0,8,2,1,1,2,3,2,2,1
25047,0,6,7,3,1,13,7,1,7,2,7,5,2,2,1,0,3,1,1,2,2,5,2,2,1
20872,1,6,4,1,5,12,1,1,8,1,6,8,2,3,4,0,1,1,2,1,4,3,2,3,1
28530,0,7,2,4,5,12,1,1,7,1,10,1,2,2,1,0,1,3,1,1,2,5,3,3,1
19698,1,8,6,3,1,21,13,3,7,4,8,1,2,2,1,0,2,3,1,2,2,5,2,5,1
25010,0,11,2,2,5,17,1,1,8,1,5,8,2,2,1,0,3,1,1,3,2,3,2,2,1
28696,1,4,3,4,1,22,7,3,4,2,7,1,2,2,1,0,1,3,1,1,2,5,2,2,1
1030,1,9,6,4,1,19,13,2,7,4,4,1,2,2,1,0,2,3,1,2,2,3,2,2,1
11773,1,4,3,4,1,16,13,1,2,4,6,1,3,2,1,0,2,2,1,3,2,3,2,2,1
13819,1,6,7,4,1,12,1,1,8,1,9,7,3,2,1,1,12,1,1,1,2,3,2,3,1
18993,1,8,6,4,1,14,1,1,7,1,8,1,2,2,1,0,2,2,1,3,2,3,2,2,1
34414,0,7,4,3,1,7,12,1,7,2,4,1,2,2,1,0,1,3,1,1,2,3,2,4,1
10824,0,7,7,4,1,19,13,2,7,1,1,1,2,3,7,0,1,3,1,1,2,3,2,2,1
22102,0,7,6,2,1,16,13,1,7,4,3,8,3,2,1,0,8,2,1,1,3,3,2,2,1
21505,1,7,5,4,5,12,1,1,7,1,5,1,2,2,1,0,1,3,1,1,2,5,2,5,1
36439,0,7,6,4,4,18,11,3,10,1,12,1,3,3,3,0,1,1,1,1,2,3,2,3,1
34294,1,9,2,2,1,10,21,1,7,4,3,1,2,2,1,0,2,4,1,3,2,6,2,5,1
20755,0,8,7,2,1,23,18,2,7,5,8,5,2,2,1,0,3,2,1,2,2,3,3,2,1
31793,1,3,7,4,1,11,13,1,2,4,1,1,2,2,1,0,8,4,2,1,2,7,2,5,1
10197,1,6,6,4,1,13,13,1,4,2,6,8,3,2,1,0,1,1,1,1,4,3,2,4,1
31623,0,3,2,2,1,22,13,3,4,2,6,1,2,2,1,0,1,1,1,1,2,3,2,3,1
14243,0,3,6,4,1,19,13,1,2,4,4,3,2,2,1,0,2,1,1,2,2,7,2,3,1
31781,1,4,7,2,1,17,13,3,10,4,11,8,2,2,1,0,8,4,1,1,2,5,2,5,1
36665,0,3,5,4,2,14,13,1,4,1,12,8,2,3,4,0,1,4,1,1,4,3,2,2,2
10863,1,4,6,4,1,20,13,5,2,4,7,8,2,2,1,0,2,1,1,2,2,5,2,3,1
21821,0,5,1,4,5,22,1,3,7,1,4,8,2,4,4,0,1,3,1,1,3,3,2,2,1
2854,1,4,7,4,5,14,1,1,8,1,11,1,3,2,1,0,1,2,1,1,2,5,2,4,1
6002,0,8,7,2,5,11,7,1,7,2,3,2,2,2,1,0,3,3,2,1,2,3,2,3,1
13388,1,7,4,3,3,20,4,5,2,1,7,1,3,3,5,0,1,3,1,1,2,3,2,2,1
22947,1,4,5,4,5,14,1,1,2,1,6,1,3,3,3,0,1,2,1,1,2,4,2,4,1
8288,0,8,1,4,5,18,13,1,7,1,4,8,2,3,4,0,1,1,1,1,5,3,2,2,1
33065,1,7,6,4,5,17,1,1,7,1,3,1,2,2,1,0,2,1,1,2,2,5,2,2,1
11595,1,7,7,4,1,18,13,1,7,4,9,1,2,2,1,0,8,1,1,1,2,3,2,2,1
29413,0,2,3,2,5,16,1,1,2,1,5,1,3,2,1,0,1,4,1,1,2,5,2,5,1
8767,0,6,2,2,1,23,1,2,7,1,8,8,3,2,5,0,1,3,1,1,4,3,2,2,1
17108,0,8,5,4,1,18,13,1,10,4,8,8,2,2,1,0,1,1,1,1,5,3,2,2,1
13820,1,8,1,4,1,19,13,5,4,3,9,8,2,2,1,0,1,1,1,1,4,3,2,2,1
20125,1,6,2,4,1,18,13,5,8,3,4,8,2,2,1,0,1,1,1,1,3,3,2,2,1
36261,0,3,7,3,1,17,4,1,4,5,5,1,2,2,1,0,1,1,1,1,2,6,3,4,1
35960,0,3,4,4,1,8,1,1,8,1,7,1,3,2,1,0,2,1,1,3,2,4,2,4,1
17692,1,4,4,4,5,21,1,5,10,1,7,8,2,3,4,0,1,1,1,1,4,5,2,4,1
15225,1,4,1,4,5,7,1,1,10,1,8,8,2,2,1,0,1,3,1,1,3,3,2,2,1
16592,1,11,7,3,5,15,13,1,2,1,9,8,2,3,4,0,1,1,1,1,3,3,2,2,1
26342,0,3,5,4,1,20,13,5,8,3,6,1,2,2,1,0,2,2,1,3,2,5,2,5,1
17327,1,10,7,4,1,17,12,1,7,1,8,8,2,3,4,0,1,2,1,1,3,3,2,2,1
22132,0,9,1,2,1,13,18,1,7,5,9,8,2,2,1,0,2,2,1,3,5,3,2,2,1
3345,0,4,1,4,4,23,13,2,4,1,7,8,3,3,5,0,1,3,1,1,5,3,2,2,1
8621,0,8,5,4,1,5,13,2,8,4,2,1,3,2,1,0,1,1,1,1,2,5,2,3,1
24506,0,8,6,3,5,17,1,1,7,1,6,1,3,2,1,0,8,1,1,1,2,5,2,5,1
2907,0,4,5,4,3,12,13,1,8,1,8,1,3,3,4,0,3,3,1,2,2,3,2,3,1
1080,0,5,1,4,1,4,13,2,7,1,5,8,2,3,4,0,1,3,1,1,4,3,2,2,1
20315,1,3,2,4,1,23,13,3,2,2,7,1,2,2,1,0,1,2,1,1,2,3,2,2,1
5822,1,7,3,4,5,7,1,1,7,1,3,8,3,2,1,0,2,3,1,2,4,5,2,5,1
5549,0,4,2,4,1,13,13,1,4,4,7,1,2,2,1,0,8,1,1,1,2,3,2,2,1
7388,1,6,6,4,1,24,4,2,2,1,7,8,2,3,4,0,1,3,1,1,4,3,2,2,1
2771,1,9,1,4,5,21,15,3,7,1,5,8,2,3,5,0,1,1,1,1,5,3,3,2,1
21365,1,4,2,4,1,8,13,1,2,4,4,1,2,2,1,0,8,3,1,1,2,3,2,2,1
22665,1,9,3,4,1,9,1,1,7,1,3,1,2,2,1,0,2,2,1,2,2,3,2,2,1
23806,0,6,3,3,1,8,18,1,4,5,2,5,2,2,1,1,5,1,1,1,2,4,2,7,1
15328,0,3,5,4,3,18,13,1,2,1,7,7,2,3,4,0,1,1,1,1,2,3,2,3,1
23656,0,7,5,4,1,9,4,1,7,5,2,1,2,2,1,0,1,1,1,1,2,7,2,4,1
5508,1,4,1,4,5,16,7,1,2,2,4,2,3,2,1,0,1,2,1,1,2,6,2,4,1
1757,0,9,5,4,1,12,4,1,7,4,7,1,2,2,1,0,2,3,1,2,2,4,2,6,1
20241,0,3,5,4,1,13,13,1,2,4,6,8,3,2,1,0,8,2,1,1,3,3,2,2,1
26613,0,8,1,2,5,14,1,1,3,1,5,1,3,2,1,0,1,2,1,1,4,4,2,4,1
25076,0,4,3,4,1,17,13,1,8,4,8,1,2,2,1,0,2,1,1,2,2,5,2,2,1
13943,1,6,6,4,1,14,7,1,11,2,9,2,2,2,1,0,8,1,1,1,2,3,2,3,1
17094,0,4,7,4,1,13,13,1,7,4,7,1,2,2,1,0,4,3,1,1,2,5,2,2,1
6103,1,7,7,4,5,6,1,4,10,1,4,8,2,3,4,1,5,1,1,1,3,3,2,7,1
31729,1,3,6,3,1,21,21,3,10,5,8,8,2,2,1,0,8,4,1,1,1,1,1,1,1
807,0,7,7,4,1,19,13,2,7,1,1,1,2,3,7,0,1,3,1,1,2,3,2,2,1
6341,1,3,3,4,1,17,10,1,7,4,10,8,2,2,1,0,8,1,1,1,2,3,2,2,1
13956,1,8,6,4,1,22,7,3,2,2,8,2,2,2,1,0,1,3,1,1,2,3,2,2,1
13751,0,10,5,4,1,8,7,1,3,2,7,3,2,2,1,0,1,2,1,1,2,3,2,3,1
18276,0,4,7,4,1,16,13,1,4,4,11,1,2,2,1,0,2,1,1,2,2,3,2,2,1
31027,0,3,2,3,1,14,21,1,2,4,1,4,2,6,1,0,1,1,1,1,4,3,2,2,1
7911,1,9,5,4,1,6,13,1,2,1,5,8,3,3,4,1,5,3,1,1,3,2,2,7,1
8636,0,7,4,4,1,13,12,1,8,4,5,1,3,2,1,0,2,2,1,2,2,3,2,2,1
17672,0,10,1,4,1,13,1,1,2,1,10,8,2,2,1,0,1,1,1,1,3,3,2,2,1
24330,1,6,3,4,1,9,13,1,4,4,7,1,2,2,1,0,8,2,1,1,2,3,2,2,1
22402,0,8,6,3,1,17,13,1,10,2,11,1,2,2,1,0,1,1,1,1,2,4,2,4,1
27855,0,4,1,4,1,12,13,1,2,2,5,1,2,2,1,0,3,2,1,1,2,3,2,4,3
6423,0,7,2,4,1,18,13,3,7,4,12,1,2,2,1,0,2,3,1,3,2,5,2,2,1
31178,0,4,1,4,5,17,1,5,8,1,10,8,2,2,1,0,1,1,1,1,3,3,2,2,1
12100,1,5,6,4,4,17,13,1,4,1,8,1,3,3,4,0,1,3,1,1,2,3,2,2,1
3241,1,6,3,4,1,13,13,1,7,4,9,1,2,2,1,0,2,1,1,3,2,6,2,3,1
16838,1,4,3,4,1,21,13,2,4,4,9,1,2,2,1,0,2,3,1,2,2,5,2,4,1
12693,0,9,7,4,1,15,5,1,8,5,9,7,2,2,1,0,1,3,1,1,3,3,2,3,1
3494,0,11,5,4,1,15,3,1,7,4,2,1,2,2,1,0,2,3,1,2,2,3,2,2,1
34110,1,10,7,2,1,20,21,2,2,1,4,8,2,2,1,1,14,3,1,1,3,2,2,7,1
12353,1,5,7,4,1,12,13,1,4,2,4,1,2,2,1,0,1,2,1,1,2,3,2,2,1
34071,0,7,2,3,1,8,19,1,3,1,8,1,2,2,1,0,1,4,1,1,2,3,2,2,1
30422,0,9,1,2,1,14,13,1,7,2,6,1,2,2,1,0,3,3,1,3,2,5,2,2,1
1552,1,6,3,2,1,21,13,3,10,4,8,1,2,2,1,0,2,1,1,2,2,3,2,2,1
14946,0,5,4,3,1,21,13,2,7,1,6,1,2,2,1,0,1,3,1,1,2,3,2,2,1
29587,0,3,2,3,1,14,1,1,7,1,4,1,2,2,1,0,8,2,1,1,2,5,2,5,1
16681,0,4,7,4,1,2,12,3,2,1,7,8,2,3,4,0,1,3,1,1,3,3,2,4,1
7863,1,4,7,4,5,14,1,1,8,1,11,1,3,2,1,0,1,2,1,1,2,5,2,4,1
11902,0,7,3,4,1,23,13,2,2,2,7,1,2,2,1,0,1,3,1,1,2,3,2,2,1
32078,0,7,3,2,5,19,1,1,7,1,7,8,3,5,1,0,1,4,1,1,3,3,2,2,1
8542,1,8,1,4,5,18,13,1,7,1,9,8,2,3,4,0,1,3,1,1,3,3,2,2,1
32804,1,5,7,4,3,23,13,3,10,1,10,8,3,3,4,0,1,3,1,1,4,3,2,4,1
17562,1,3,7,4,1,18,7,1,2,2,6,1,2,2,1,0,1,1,1,1,2,3,2,3,1
25539,1,8,4,4,1,16,18,1,3,4,6,1,3,2,1,0,2,3,1,3,2,3,2,2,1
30022,0,10,2,4,5,11,1,1,10,1,9,1,3,2,1,0,1,4,1,1,4,3,3,2,1
8743,0,10,5,4,1,8,7,1,3,2,7,3,2,2,1,0,1,2,1,1,2,3,2,3,1
11745,1,10,6,4,1,14,13,1,7,4,7,1,2,2,1,0,8,3,1,1,2,5,2,2,1
15687,0,4,1,4,1,14,13,1,8,4,10,1,2,2,1,0,8,2,1,1,2,3,2,3,1
15040,0,8,4,4,1,5,4,3,7,4,3,8,2,2,1,0,2,1,1,2,4,3,2,3,1
5169,1,8,1,4,5,18,13,1,7,2,5,7,2,3,2,0,1,1,1,1,2,3,2,2,1
414,0,6,4,2,5,20,1,2,4,1,3,1,3,2,1,0,8,2,1,1,2,3,2,4,1
13321,0,3,3,4,5,9,13,1,4,4,5,7,2,2,1,0,2,1,1,2,2,3,2,2,1
10066,0,6,6,4,1,21,13,3,7,4,7,1,2,2,1,0,2,1,1,2,2,3,2,3,1
23942,0,7,2,2,1,17,18,3,10,5,11,7,2,2,1,0,1,1,1,1,2,7,2,4,1
14054,1,10,2,4,1,11,2,1,2,4,7,8,2,2,1,0,2,1,1,3,2,3,2,2,1
15888,1,9,2,4,5,16,12,1,7,1,8,8,2,3,4,0,1,3,1,1,3,3,2,2,1
28071,0,4,6,2,5,16,13,1,4,1,12,8,3,2,1,0,8,2,1,1,2,3,2,2,2
12969,1,5,4,4,1,21,13,3,10,4,6,1,2,2,1,0,2,1,1,2,2,3,2,4,1
14725,0,4,7,4,2,15,13,1,2,1,5,1,2,3,4,0,1,1,1,1,2,3,2,2,1
1192,0,5,4,4,1,7,13,1,4,4,6,1,2,2,1,0,2,1,1,2,2,3,2,2,1
8355,0,8,5,4,1,20,13,5,7,1,7,8,3,2,1,0,1,3,1,1,5,3,2,2,1
16083,0,7,6,4,1,15,13,1,10,4,1,1,2,2,1,0,4,1,1,1,2,3,3,4,1
29557,1,6,1,3,1,13,13,1,8,4,1,8,2,2,1,0,2,1,1,3,2,3,2,2,1
25994,1,9,6,4,5,15,1,1,7,1,6,8,3,3,4,1,5,1,1,1,3,2,3,7,1
7514,1,9,7,4,1,18,13,3,7,4,2,1,2,2,1,0,2,1,1,3,2,4,2,3,1
27869,1,6,3,4,1,19,11,3,7,4,3,1,2,2,1,0,2,2,1,3,2,3,2,3,1
3873,1,8,1,4,1,13,13,1,2,2,5,1,2,2,1,0,1,3,1,1,2,3,2,3,1
31438,1,9,5,2,1,18,13,1,7,2,7,2,2,2,1,0,1,1,1,1,2,7,2,4,1
21508,1,9,7,4,1,15,13,1,7,1,5,1,2,2,1,0,1,3,1,1,2,3,2,2,1
18176,1,7,3,4,5,1,13,3,7,1,6,8,2,3,4,0,2,1,1,4,2,3,2,2,1
6711,1,5,7,4,5,1,1,3,10,2,6,1,3,2,1,0,1,3,1,1,2,5,2,2,1
22465,0,12,5,3,1,16,7,1,7,2,7,2,2,2,1,0,1,3,1,1,2,3,2,4,1