id,Severity,age_classes,day_week,DEFORMED_classes,m_harm_classes,hour,impact1_classes,lgt_cond,make,man_coll,month,p_crash1,pcrash4,pcrash5,rel_road,reljct1,reljct2,rest_use,sex,typ_int,valign,vnum_lan,vsurcond,vtrafway,weather_classes
3273,1,7,7,4,5,12,1,1,7,1,10,8,3,3,4,0,1,3,1,1,4,3,2,2,1
7379,0,7,3,4,1,18,13,1,7,4,6,1,2,2,1,0,8,2,1,1,2,3,2,2,1
5816,0,7,7,4,1,19,13,2,7,1,1,1,2,3,7,0,1,3,1,1,2,3,2,2,1
34854,0,10,4,4,1,15,7,1,7,2,5,2,2,2,1,0,3,3,1,2,2,3,2,4,1
20014,0,8,1,2,1,15,7,1,7,2,10,1,2,2,1,0,1,3,1,1,2,3,2,2,1
18376,0,5,6,4,1,23,13,2,7,4,7,1,2,2,1,0,2,3,1,2,2,3,2,2,1
20343,0,3,6,2,1,24,19,3,6,4,7,8,2,2,1,0,2,1,1,2,2,3,2,4,1
11748,1,4,7,4,1,12,13,1,2,4,7,1,2,2,1,0,2,2,1,2,2,3,2,2,1
33137,0,5,4,4,3,10,13,1,8,1,9,1,2,3,4,0,1,1,1,1,2,5,2,3,1
17793,1,4,1,4,1,18,13,1,8,4,5,1,2,2,1,0,2,1,1,3,2,3,2,2,1
30459,0,6,1,4,1,24,15,2,7,1,2,1,2,3,3,0,3,3,1,3,2,3,2,2,1
16392,1,6,7,4,1,18,13,5,7,4,10,1,2,2,1,0,2,1,1,4,2,3,2,2,1
8860,0,3,4,2,1,13,13,1,4,4,2,1,2,2,1,0,2,1,1,3,2,3,2,3,1
9080,0,6,7,4,1,2,13,2,7,2,10,1,2,2,1,0,1,1,1,1,2,3,2,3,1
35034,1,4,7,4,5,12,1,1,7,1,6,8,2,2,1,0,1,3,1,1,4,3,9,2,1
11235,1,5,6,4,1,16,13,1,4,1,5,1,2,3,5,0,2,1,1,3,2,3,2,2,1
3668,0,4,5,4,1,7,13,1,2,2,5,1,3,2,1,0,8,2,1,1,2,3,2,2,1
10457,1,9,6,4,1,10,13,1,7,4,4,1,2,2,1,0,2,2,2,2,2,3,2,2,1
32664,0,8,6,2,5,13,1,1,7,1,7,1,2,2,1,0,8,3,1,1,2,6,2,5,1
34073,0,4,2,2,1,21,13,3,4,2,9,1,2,2,1,0,8,4,1,1,2,5,2,2,1
7895,0,5,6,4,1,10,13,1,7,4,12,7,2,2,1,0,8,3,1,1,2,3,2,2,1
28030,0,5,4,2,5,22,18,2,8,5,10,7,2,2,1,0,1,2,1,1,2,4,2,4,1
14991,0,10,2,3,5,11,1,1,7,1,8,1,2,2,1,0,2,3,1,2,2,3,2,2,1
30770,0,3,5,2,1,17,13,1,2,2,4,2,2,2,1,0,1,1,1,1,2,5,2,4,1
3171,0,4,1,4,4,5,13,2,2,1,7,1,2,3,4,0,2,1,1,3,2,3,2,2,1
8109,1,4,7,4,1,15,13,1,4,1,1,8,2,3,4,0,1,1,1,1,3,3,2,2,1
4978,0,8,7,4,5,20,1,2,7,1,9,1,2,3,3,0,1,3,1,1,2,3,3,3,1
11189,1,5,6,4,1,7,13,1,4,4,1,7,2,2,1,0,4,3,1,1,2,3,2,2,1
10743,0,8,2,4,5,14,1,1,2,1,10,8,3,3,4,0,1,1,1,1,3,3,2,2,1
11996,0,4,7,4,1,13,13,1,10,4,9,1,2,2,1,0,2,3,1,2,2,3,2,2,1
31079,1,4,6,4,1,7,19,1,8,7,5,1,2,2,1,0,1,1,1,1,2,6,2,4,1
1444,1,4,6,4,5,23,7,2,7,2,12,5,2,2,1,0,1,1,1,1,2,3,2,2,1
3656,1,4,3,4,1,17,13,1,10,6,6,1,2,2,1,0,1,1,1,1,2,3,2,2,1
13548,1,7,1,4,5,20,1,1,2,1,8,8,3,3,4,0,1,3,1,1,4,3,2,2,1
8380,1,7,4,3,3,20,4,5,2,1,7,1,3,3,5,0,1,3,1,1,2,3,2,2,1
6083,1,9,7,4,1,24,13,3,7,2,1,1,2,2,1,0,2,3,1,3,2,5,2,3,1
17599,0,7,6,4,5,21,13,2,7,1,3,1,2,3,4,0,1,3,1,1,2,3,3,2,1
19754,1,6,1,4,1,11,13,1,10,3,7,8,2,2,1,0,1,1,1,1,4,4,2,2,1
31308,0,8,7,3,5,11,1,1,2,1,2,8,2,6,1,0,8,3,1,1,1,1,1,1,1
33259,0,11,6,2,5,18,1,1,7,1,7,1,2,2,1,0,1,4,1,1,2,4,2,4,1
5385,0,5,2,4,3,21,1,3,2,1,2,7,3,2,1,0,1,2,1,1,2,4,2,5,1
6796,1,5,7,4,1,14,13,1,2,3,7,7,2,2,1,0,1,3,1,1,3,3,2,2,1
24223,0,8,5,4,5,20,1,2,8,1,8,1,2,2,1,0,3,1,1,2,2,3,2,2,1
22038,0,5,7,4,5,11,1,1,4,1,3,3,3,2,1,0,1,2,1,1,2,5,2,4,1
4364,1,10,2,2,1,7,13,1,7,2,7,1,2,2,1,0,2,1,1,3,2,4,2,2,1
10496,1,6,1,4,5,15,1,1,8,1,5,8,2,3,3,0,1,1,1,1,3,3,2,4,1
1519,1,5,5,4,3,10,13,1,2,1,5,1,3,3,4,0,3,1,1,3,2,3,2,2,1
8509,0,7,7,2,5,13,1,1,2,1,6,1,3,2,1,0,1,3,1,1,2,3,2,2,1
10434,0,3,5,4,1,13,13,1,4,4,3,1,2,2,1,0,2,2,1,2,2,4,2,2,1
13683,1,5,6,4,1,19,13,3,2,1,5,1,2,3,5,0,1,3,1,1,2,3,3,6,1
4060,0,7,5,4,1,16,13,1,10,4,9,8,2,2,1,0,1,1,1,1,3,3,3,2,1
29228,0,7,1,1,1,12,7,1,2,2,7,1,2,2,1,0,1,4,1,1,2,3,2,3,1
2669,1,4,7,4,1,23,13,3,4,4,7,7,2,2,1,0,2,3,1,2,2,3,2,2,1
16247,0,7,1,4,1,7,1,1,2,1,7,8,2,2,1,0,1,1,1,1,3,4,3,4,1
6683,1,4,7,4,1,16,13,1,7,4,4,7,2,2,1,0,2,3,1,2,2,3,2,2,1
428,0,5,4,4,1,12,15,1,2,1,4,1,3,3,4,0,1,2,1,1,2,5,2,2,1
15292,1,9,4,4,5,12,1,1,7,1,11,1,3,2,1,0,3,3,2,3,2,5,2,5,1
8627,1,4,7,3,1,14,13,1,4,1,3,1,3,2,1,0,2,1,1,2,2,3,2,2,1
435,0,11,3,4,5,14,1,1,7,1,4,8,2,3,4,0,1,1,1,1,4,3,2,2,1
11302,1,9,7,4,1,10,7,1,7,2,9,2,2,2,1,0,1,1,1,1,2,3,2,3,1
13982,1,10,7,4,5,12,1,1,7,1,8,8,2,3,4,0,1,3,1,1,4,3,2,2,1
2989,0,8,6,4,1,19,12,1,7,4,7,1,2,2,1,0,1,1,1,1,2,3,2,2,1
34561,1,10,4,4,1,14,13,1,7,2,8,1,2,2,1,0,2,3,1,3,2,3,2,2,1
23368,0,3,3,2,1,20,18,5,7,4,6,1,2,2,1,0,2,3,2,2,2,3,2,2,1
13786,0,7,7,4,1,12,13,1,7,3,7,8,2,2,1,0,1,2,1,1,4,4,2,2,1
12133,1,3,5,4,5,6,15,1,4,1,3,8,2,3,4,0,1,1,1,1,3,3,2,6,1
15808,0,3,2,1,1,24,13,3,2,1,12,1,2,2,1,0,1,2,1,1,2,5,2,5,1
13369,1,3,5,4,1,11,13,1,4,3,7,8,2,2,1,0,1,3,1,1,3,3,2,2,1
3417,1,3,3,2,1,17,1,1,8,1,8,1,3,2,1,0,2,3,1,3,2,3,2,2,1
11942,0,6,6,3,1,20,1,1,2,1,8,8,2,3,5,0,1,3,1,1,3,3,2,2,1
3393,0,6,6,4,1,23,13,3,4,1,8,8,3,3,5,0,1,3,1,1,5,5,2,2,1
1262,1,8,1,4,1,12,13,1,7,4,7,1,2,2,1,0,2,3,1,2,2,4,2,3,1
33425,0,3,7,4,1,20,22,5,10,4,5,7,2,2,1,0,1,4,1,1,3,3,2,2,1
14945,1,9,1,4,1,12,13,1,7,2,6,1,2,2,1,0,2,3,1,3,2,3,2,2,1
19004,1,3,3,4,1,19,13,2,8,1,9,1,2,2,1,0,3,3,1,3,2,3,2,2,1
7962,1,4,2,4,1,23,13,2,10,2,6,7,2,2,1,0,1,1,1,1,2,5,2,4,1
3748,1,9,1,4,1,20,13,2,2,4,7,1,2,2,1,0,2,2,2,3,2,3,2,2,1
6865,1,6,3,4,1,18,21,1,7,4,5,1,2,2,1,0,2,3,1,2,2,3,2,2,1
5556,0,8,1,3,1,16,2,1,7,4,6,1,2,2,1,0,2,2,1,3,2,5,2,5,1
24556,0,6,4,4,5,18,1,1,2,1,9,1,2,2,1,0,3,1,1,2,2,3,2,2,1
26377,0,5,1,4,1,1,13,3,2,4,8,1,2,2,1,0,2,3,1,3,2,3,3,2,1
2840,0,4,1,4,1,3,13,3,10,1,7,3,2,3,4,0,2,2,1,3,3,5,2,2,1
23286,0,6,7,4,5,12,1,1,7,1,10,1,2,2,1,0,1,3,1,1,2,5,2,4,1
13013,0,7,3,4,1,2,13,3,4,4,6,1,2,2,1,0,2,3,1,2,2,3,2,4,1
12032,1,10,5,4,5,16,3,1,2,1,8,8,2,3,4,0,1,3,2,1,4,3,2,2,1
30148,0,11,1,2,1,9,13,1,7,4,12,1,2,2,1,0,2,3,1,2,2,3,2,2,1
10021,0,4,6,4,1,12,13,1,4,3,2,8,2,2,1,0,1,1,1,1,3,3,2,2,1
15706,0,8,1,3,1,12,18,1,1,3,9,8,2,2,1,0,1,1,1,1,3,3,2,2,1
20189,0,6,7,4,1,13,13,1,4,2,6,1,2,2,1,0,1,2,1,1,2,4,2,4,1
24327,0,6,1,3,1,19,13,1,10,2,7,1,2,2,1,0,1,2,1,1,2,4,2,4,1
9252,0,4,1,2,1,10,13,1,10,4,5,8,2,2,1,0,1,1,1,1,3,3,2,2,1
23747,1,5,6,4,3,20,13,2,10,1,12,1,2,3,4,1,5,1,1,1,3,2,2,7,1
16219,0,5,4,4,1,7,13,1,4,4,6,1,2,2,1,0,2,1,1,2,2,3,2,2,1
14889,0,7,5,4,1,22,3,3,3,1,4,8,2,3,4,0,1,1,1,1,4,3,2,2,1
22675,1,3,7,2,1,18,13,3,2,2,2,2,2,2,1,0,1,3,1,1,2,5,2,4,1
33712,0,4,5,4,1,5,19,4,2,5,11,1,2,2,1,0,1,1,1,1,2,4,2,4,1
21997,0,9,1,4,5,15,1,1,10,1,7,8,2,3,4,1,5,1,1,1,4,2,8,7,1
2751,0,10,4,4,1,21,13,2,3,4,7,1,2,2,1,0,2,3,1,4,2,3,2,2,1
20731,0,7,7,2,5,11,10,1,7,1,7,8,3,3,4,0,1,1,1,1,4,3,2,2,1
11068,1,6,7,4,5,13,1,1,7,1,1,1,2,2,1,0,2,2,1,2,2,3,2,2,1
13111,1,5,6,3,1,20,13,5,4,4,7,1,2,2,1,0,1,1,1,1,2,3,2,2,1
22706,0,8,3,2,5,16,1,1,2,1,6,1,2,3,6,0,1,3,1,1,2,5,2,2,1
17398,1,8,3,2,4,9,2,1,8,1,7,1,2,3,4,0,1,2,1,1,2,3,2,2,1
5586,0,10,2,3,1,7,13,1,7,3,6,8,2,2,1,0,1,1,1,1,3,3,2,2,1
20340,1,5,4,3,1,16,13,1,10,4,7,8,2,2,1,0,2,1,1,2,2,5,2,2,1
1693,1,9,4,4,5,15,13,1,2,4,5,1,2,2,1,0,1,3,1,1,2,3,3,2,1
9171,1,4,3,2,5,18,1,3,4,1,3,1,2,2,1,0,2,3,1,3,2,3,2,2,1
27172,0,4,2,4,1,19,13,2,4,4,11,1,2,2,1,0,2,2,1,2,2,3,2,3,1
14928,1,10,6,4,1,16,13,1,7,4,5,7,2,2,1,0,2,3,1,2,2,3,2,2,1
14274,0,4,6,3,1,2,13,3,7,4,5,1,2,2,1,0,2,3,1,3,2,5,2,5,1
25440,0,4,1,4,1,22,13,3,4,3,8,1,2,2,1,0,2,3,1,3,2,4,2,3,1
22362,1,8,1,4,5,20,1,3,10,1,9,8,3,3,4,0,5,3,1,1,3,2,2,7,1
1954,1,3,1,3,5,24,1,2,10,1,6,8,2,3,4,0,1,3,1,1,3,3,3,2,1
9959,0,6,1,4,5,19,1,1,7,1,8,8,2,2,1,0,1,3,1,1,4,3,2,2,1
30323,0,3,3,4,1,16,12,1,7,4,9,1,2,2,1,0,2,3,1,2,2,3,2,2,1
23400,0,4,5,1,1,16,1,1,7,1,11,5,2,2,1,0,3,3,1,2,2,3,2,2,1
19797,0,6,4,4,1,15,13,1,4,4,10,1,2,2,1,0,2,1,1,3,2,3,2,2,1
3208,0,8,4,4,1,6,13,4,2,3,8,1,2,2,1,0,1,1,1,1,2,3,2,2,1
3342,0,8,1,4,1,14,13,1,7,3,7,8,2,2,1,0,1,3,1,1,3,3,2,2,1
31171,1,5,6,2,1,6,18,3,8,5,10,7,2,2,1,0,1,1,1,1,2,5,2,4,1
14953,0,7,3,4,1,19,13,1,7,4,7,1,2,2,1,0,2,3,1,2,2,3,2,2,1
6383,1,9,6,4,1,19,13,3,7,4,10,1,2,2,1,0,2,1,1,2,2,5,2,5,1
3510,1,3,6,4,2,5,13,2,2,1,7,1,2,2,1,0,1,3,1,1,2,3,2,2,1
1501,0,9,5,4,4,19,13,1,7,1,4,8,2,3,6,0,1,1,1,1,4,3,2,2,1
12417,1,9,5,4,5,21,1,1,7,1,7,8,2,3,4,0,1,2,1,1,4,3,2,2,1
18257,0,4,5,4,1,24,7,2,10,2,10,1,2,2,1,0,3,1,1,2,2,5,2,2,1
8129,0,9,1,4,1,20,13,5,7,4,4,1,2,2,1,0,4,1,2,1,2,3,2,2,1
32718,1,3,4,4,1,18,13,3,2,4,1,1,2,2,1,0,2,1,1,3,2,3,2,2,1
1498,1,4,6,4,1,7,13,1,10,4,4,1,3,2,1,0,2,1,1,2,2,5,2,5,1
18507,1,9,3,4,1,16,7,1,7,2,5,1,2,2,1,0,1,3,1,1,2,3,2,3,1
3485,0,9,1,4,1,17,13,1,7,3,5,8,2,2,1,0,1,3,1,1,3,3,2,2,1
34047,0,5,6,4,5,17,1,1,7,1,3,8,2,2,1,0,3,3,1,3,2,3,9,2,1
8913,1,6,4,4,1,6,13,4,7,1,7,1,2,2,1,0,1,1,1,1,2,3,2,2,1
8121,1,6,5,4,5,11,13,1,8,1,3,8,2,3,4,0,1,1,1,1,4,3,2,2,1
859,1,8,6,4,5,15,2,1,7,4,8,1,2,2,1,1,2,3,1,2,2,3,2,2,1
14655,1,11,4,3,5,15,1,1,1,1,2,8,2,3,4,0,1,1,1,1,4,7,2,3,1
3408,1,7,3,4,5,18,13,1,7,1,9,8,2,3,4,0,1,3,1,1,5,3,2,2,1
7740,1,3,3,4,1,17,1,1,4,1,8,1,3,2,1,0,2,1,1,2,2,5,2,2,1
15379,0,3,7,3,1,14,18,1,2,6,1,1,2,2,1,0,1,2,1,1,2,6,2,5,1
1837,1,7,1,3,5,14,1,1,11,1,12,1,2,2,1,0,1,1,1,1,2,3,2,2,1
25219,0,8,5,4,1,7,13,1,2,2,1,1,2,2,1,0,1,2,1,1,2,4,2,3,1
6604,1,13,5,2,1,15,22,1,8,4,4,1,2,2,1,0,2,1,1,2,2,3,2,2,1
7435,0,9,3,4,1,7,10,4,7,6,9,8,2,2,1,0,1,2,1,1,3,3,2,2,1
9653,1,10,7,3,1,18,13,5,7,4,2,1,2,2,1,0,2,1,1,2,2,5,2,5,1
19045,1,5,7,4,5,13,13,1,7,2,5,1,2,2,1,0,1,1,1,1,2,3,2,4,1
13653,0,8,1,4,5,12,11,1,7,1,5,8,2,3,4,0,1,3,1,1,3,3,2,2,1
27262,0,3,7,4,5,11,1,1,7,1,6,1,3,2,1,0,1,2,1,1,4,4,2,3,1
4663,0,5,1,4,2,10,13,1,10,1,8,8,3,3,4,0,1,1,1,1,3,3,2,2,1
20652,0,5,5,3,1,18,2,3,4,5,12,1,2,2,1,0,1,1,1,1,2,7,2,4,1
7342,0,7,1,4,1,21,13,3,7,2,4,1,2,2,1,0,1,1,1,1,2,5,2,5,1
62,1,6,4,4,5,13,1,1,2,1,8,8,2,3,4,0,5,2,1,1,3,4,2,7,1
25722,1,8,7,4,1,13,18,1,7,6,7,8,2,2,1,0,1,3,1,1,4,3,2,2,1
27885,0,10,1,2,4,12,13,1,7,1,6,8,2,2,1,0,3,1,1,5,4,3,2,6,1
5843,1,8,4,4,1,15,13,1,10,1,6,1,2,3,4,0,1,1,1,1,2,3,2,2,1
35364,0,2,5,2,1,12,18,1,2,5,8,7,2,2,1,0,1,1,1,1,2,5,2,4,1
29773,0,9,6,4,1,18,4,1,4,4,10,1,2,2,1,0,8,1,1,1,2,7,2,2,1
2952,1,5,4,4,1,21,13,3,10,4,6,1,2,2,1,0,2,1,1,2,2,3,2,4,1
11576,1,3,7,4,2,10,13,1,8,1,8,8,2,3,5,0,1,1,1,1,4,3,2,2,1
35418,1,6,1,4,1,14,21,1,7,5,11,1,2,2,1,0,1,1,1,1,2,4,2,4,1
6722,0,5,7,4,1,15,7,1,7,2,6,1,2,2,1,0,1,3,1,1,2,3,2,2,1
21523,0,8,5,4,1,8,13,1,7,4,3,8,2,2,1,0,1,2,1,1,3,3,3,2,1
11814,0,5,6,4,5,21,13,2,7,2,9,1,2,2,1,0,1,3,1,1,2,3,2,4,1
31936,0,7,7,4,1,11,13,1,2,4,9,1,2,2,1,0,2,1,1,3,2,5,2,5,1
34418,0,5,6,4,1,19,1,1,10,1,4,1,2,2,1,0,1,4,1,1,2,3,2,2,1
13550,1,8,1,4,5,18,13,1,7,1,9,8,2,3,4,0,1,3,1,1,3,3,2,2,1
4932,1,3,1,4,5,2,1,3,8,1,7,2,3,2,1,0,3,3,1,3,2,3,2,2,1
15080,1,5,1,4,1,10,13,1,2,4,7,1,2,2,1,0,8,1,1,1,2,4,2,2,1
11925,1,10,4,4,1,17,13,1,7,4,8,1,2,2,1,0,8,3,1,1,2,3,2,2,1
8656,1,2,3,4,1,19,7,1,10,7,5,1,3,2,1,0,2,1,1,2,2,3,2,2,1
248,1,4,6,4,1,13,13,1,4,2,11,7,2,2,1,1,12,1,1,1,2,4,2,6,1
6150,1,3,1,4,1,22,13,3,4,2,6,1,2,2,1,0,2,1,1,3,2,3,2,3,1
3034,0,3,3,4,1,14,13,1,7,4,8,1,2,2,1,0,2,1,1,3,2,3,2,2,1
7880,1,10,4,4,2,16,13,1,7,1,8,1,2,2,1,0,1,3,1,1,2,3,2,3,1
33680,0,10,3,3,5,7,13,1,4,1,6,1,2,2,1,0,1,4,1,1,2,3,2,2,1
28087,1,4,7,2,1,17,13,1,4,1,3,1,2,3,4,0,1,1,1,1,2,3,2,2,1
6288,1,4,6,4,1,17,13,1,10,4,5,1,2,2,1,0,2,3,1,3,2,5,2,5,1
5605,0,4,4,4,5,21,1,3,6,1,8,1,3,2,1,0,2,2,1,2,2,3,2,4,1
16265,1,7,5,3,1,17,11,1,10,4,6,8,2,2,1,0,8,3,1,1,2,3,2,2,1
36378,0,5,7,4,1,2,7,2,4,2,9,5,2,2,1,0,5,1,1,1,4,3,2,7,1
31032,0,10,4,2,1,15,13,1,10,4,1,8,2,2,1,0,1,1,1,1,2,3,2,2,1
29768,0,6,3,3,1,20,11,3,6,6,10,1,2,2,1,0,1,1,1,1,2,3,2,2,1
24539,0,7,5,4,5,22,1,3,7,1,8,8,2,3,4,0,1,3,1,1,5,3,2,3,1
13134,0,11,1,4,1,10,13,1,10,4,4,8,2,2,1,0,2,1,1,3,2,3,2,2,1
35607,0,4,4,4,1,14,13,1,10,4,9,1,2,2,1,0,8,1,1,1,2,4,2,5,1
18437,0,4,1,4,1,16,13,1,7,1,9,7,2,3,4,0,1,3,1,1,5,3,2,2,1
20579,1,6,7,4,1,13,13,1,10,2,5,1,2,2,1,0,3,3,1,3,2,4,2,4,1
10056,0,8,6,4,5,21,13,3,7,1,6,1,2,3,4,0,3,1,1,1,2,3,2,2,1
16378,1,4,4,4,1,18,13,1,10,4,7,7,2,2,1,0,2,3,1,3,2,3,3,2,1
25329,1,5,6,4,1,14,13,1,4,4,5,1,2,2,1,0,8,3,1,1,2,3,2,2,1
19908,1,10,7,4,1,10,13,1,2,4,7,1,2,2,1,0,2,1,1,2,2,3,2,3,1
15157,1,10,2,4,1,16,13,1,2,4,3,1,2,2,1,0,2,3,1,3,2,3,2,3,1
23956,1,8,6,4,1,6,13,1,7,5,7,8,2,2,1,0,1,1,1,1,4,6,2,4,1
24545,0,4,5,2,5,19,1,1,4,1,9,8,2,3,4,0,5,1,1,1,5,2,2,7,1
2278,1,8,1,4,5,19,1,2,7,1,10,8,3,3,6,0,1,1,1,1,4,3,2,2,1
18127,1,3,1,4,1,11,13,1,4,4,1,1,2,2,1,0,7,1,1,1,2,5,2,3,1
24969,1,9,4,4,3,12,13,1,8,1,3,8,2,3,8,1,5,1,1,1,3,2,2,7,1
22803,1,9,4,4,1,17,13,1,7,4,5,8,2,2,1,0,8,3,1,1,2,5,2,2,1
13791,0,4,3,4,1,17,12,1,4,6,8,1,3,2,1,0,1,1,1,1,2,3,2,2,1
15823,0,8,4,4,1,5,13,3,2,3,9,8,2,2,1,0,1,1,1,1,3,3,2,3,1
12317,1,4,5,4,1,18,13,1,10,1,8,1,2,3,4,1,5,2,1,1,2,2,2,7,1
8413,1,4,4,4,1,16,13,1,4,3,8,7,2,2,1,0,1,3,1,1,5,5,2,2,1
14445,1,8,5,2,5,22,10,3,7,1,8,1,2,3,3,0,1,3,1,1,2,5,2,3,1
20776,0,3,3,2,1,13,13,1,8,2,8,1,2,2,1,0,1,2,1,1,2,3,2,2,1
3868,0,3,7,4,1,1,13,3,2,1,4,8,3,3,4,0,3,3,1,2,5,5,2,3,1
25206,0,6,2,4,4,24,13,3,4,1,10,8,2,3,4,0,1,2,1,1,4,3,3,2,1
20678,0,6,1,4,1,19,13,5,7,2,4,1,2,2,1,0,1,2,1,1,2,3,2,2,1
25020,0,8,6,4,3,22,13,3,2,1,6,1,2,3,4,0,1,1,1,1,2,5,2,4,1
3038,0,6,3,4,1,17,13,1,2,4,8,8,2,2,1,0,2,1,1,4,4,3,2,2,1
5760,0,4,2,4,1,23,13,3,2,4,11,1,3,2,1,0,2,1,1,3,2,3,2,2,1
15412,0,9,7,4,1,12,13,1,2,3,1,1,2,2,1,0,1,2,1,1,2,3,2,4,1
15957,1,8,4,4,1,13,13,1,7,3,5,8,2,2,1,0,1,3,1,1,3,3,2,2,1
21022,0,6,2,3,1,9,13,1,4,4,7,8,2,2,1,0,8,3,1,1,2,5,2,2,1
23127,0,4,1,3,5,16,1,1,7,1,4,1,3,2,1,0,1,2,1,1,2,3,2,2,1
33688,1,9,6,2,5,8,1,1,7,1,8,2,2,2,1,0,2,3,1,2,2,3,2,2,1
3019,0,3,1,4,1,17,13,1,10,4,8,1,2,2,1,0,8,1,1,1,2,3,2,2,1
11695,1,3,4,4,1,17,13,1,4,4,4,1,2,2,1,0,8,2,1,1,2,3,2,2,1
5175,1,9,7,4,5,15,15,1,7,1,5,1,2,2,1,0,1,3,1,1,2,3,2,2,1
9869,1,4,7,2,5,11,1,1,2,1,10,8,2,3,5,0,1,1,1,1,4,3,2,2,1
18499,0,8,3,4,1,15,1,1,2,1,4,1,2,2,1,0,2,3,1,2,2,5,2,2,1
32840,0,5,2,2,5,16,1,1,2,1,1,8,2,3,4,0,1,4,1,1,3,3,2,2,1
27394,0,4,7,4,5,21,1,2,7,1,3,1,3,2,1,0,1,3,1,1,2,3,2,2,1
25145,0,7,4,1,1,11,13,1,4,2,4,1,2,2,1,0,3,2,1,2,2,3,2,3,1
4834,0,9,1,4,4,19,13,1,2,1,8,8,2,3,5,0,1,1,1,1,4,3,2,2,1
2009,1,4,7,4,1,16,13,1,8,4,6,1,2,2,1,0,2,2,1,3,2,3,2,2,1
13638,1,9,2,4,1,16,12,1,7,5,3,7,2,2,1,0,2,3,1,2,2,3,2,2,1
11941,1,5,4,4,1,17,13,1,4,4,8,1,2,2,1,0,8,3,1,1,2,4,2,3,1
3621,1,9,2,4,1,16,12,1,7,5,3,7,2,2,1,0,2,3,1,2,2,3,2,2,1
20451,0,4,7,3,5,2,1,3,4,1,6,1,3,2,1,0,1,2,1,1,2,3,2,4,1
20676,0,5,1,2,1,16,13,1,8,4,4,8,2,2,1,0,8,2,1,1,4,5,2,5,1
3140,0,5,1,4,1,15,13,1,2,4,5,1,2,2,1,0,2,1,1,2,2,5,2,2,1
4034,1,9,1,4,1,24,7,3,7,2,6,1,2,2,1,0,2,1,1,3,2,3,2,2,1
4885,0,5,1,3,1,19,2,1,2,1,7,1,2,3,2,0,1,3,1,1,2,3,2,2,1
2732,0,3,7,4,1,19,13,5,4,4,9,1,2,2,1,0,8,1,1,1,2,3,2,2,1
1436,0,4,6,4,5,3,13,2,10,2,12,1,2,2,1,0,1,1,1,1,2,4,2,4,1
151,0,3,1,4,1,3,1,3,2,1,4,8,3,2,1,0,1,3,1,1,3,3,2,2,1
2128,0,4,7,4,4,17,13,1,8,3,4,8,3,3,1,0,1,1,1,1,3,3,2,2,1
22185,1,5,1,4,5,11,1,1,10,1,5,8,2,2,1,0,2,3,1,2,3,3,2,2,1
6776,0,6,3,4,1,14,13,1,7,1,8,8,2,4,4,0,1,3,1,1,3,3,2,2,1
12003,1,7,7,4,1,2,1,3,7,1,2,1,2,3,7,0,1,3,1,1,2,3,2,2,1
15879,1,10,1,2,5,13,1,1,7,1,7,8,3,3,3,0,1,3,1,1,3,3,2,4,1
5593,1,4,2,4,4,12,13,1,2,1,7,8,2,3,4,0,1,1,1,1,3,3,2,2,1
27231,0,7,7,4,5,21,1,3,10,1,3,6,2,3,10,0,5,3,1,1,2,2,2,7,1
12092,1,8,1,4,4,21,13,2,7,1,7,8,3,3,4,0,1,1,1,1,4,3,3,2,1
12842,0,5,3,4,5,1,1,3,7,1,8,8,2,2,1,0,1,2,1,1,3,3,2,2,1
24910,1,8,1,3,5,1,1,2,7,1,10,8,2,3,4,0,1,2,2,1,3,3,2,2,1
29780,0,2,4,3,1,11,10,1,2,4,10,8,2,2,1,0,2,1,1,2,2,5,2,3,1
9982,1,4,1,2,1,20,20,3,10,4,8,1,2,2,1,0,2,3,1,2,2,3,2,2,1
28464,0,7,3,4,1,15,3,1,10,4,7,8,2,2,1,0,1,1,1,1,2,3,2,2,1
430,1,9,4,4,1,17,13,3,7,4,1,1,2,2,1,0,2,3,1,2,2,5,2,2,1
4794,0,8,7,4,1,16,13,1,7,3,2,1,2,2,1,0,1,1,2,1,2,3,2,2,1
29494,0,4,5,2,1,22,7,3,7,2,6,2,2,2,1,0,3,2,1,2,2,5,2,5,1
20750,0,5,6,3,5,20,1,1,10,1,7,8,2,2,1,0,3,2,1,3,5,3,2,2,1
7811,1,3,7,4,1,16,13,1,2,1,7,1,3,3,2,0,1,3,1,1,2,3,2,2,1
18106,0,3,2,4,1,15,13,1,10,4,11,1,2,2,1,0,2,1,1,2,2,3,2,4,1
16606,1,3,4,4,5,19,1,5,2,1,10,8,2,3,3,0,1,1,1,1,3,3,2,4,1
2195,1,10,1,4,1,14,7,1,2,2,9,1,2,2,1,0,3,1,1,3,2,3,2,2,1
29764,0,7,6,4,1,6,13,3,10,4,9,1,2,2,1,0,2,1,1,2,2,3,2,2,1
25164,0,3,3,2,1,16,6,1,2,5,5,2,2,2,1,0,3,1,1,2,2,3,2,3,1
36348,0,2,5,4,5,16,1,1,2,1,8,1,3,2,1,0,2,1,1,3,2,5,2,2,1
10385,1,5,3,4,1,5,13,2,10,2,2,1,2,2,1,0,1,1,1,1,2,4,2,4,1
23370,0,9,1,2,5,14,1,1,7,1,8,1,2,2,1,0,1,3,1,1,2,3,2,2,1
16456,1,13,2,4,1,14,13,1,7,4,12,8,2,2,1,0,8,1,1,1,2,3,2,3,1