id,Severity,age_classes,day_week,DEFORMED_classes,m_harm_classes,hour,impact1_classes,lgt_cond,make,man_coll,month,p_crash1,pcrash4,pcrash5,rel_road,reljct1,reljct2,rest_use,sex,typ_int,valign,vnum_lan,vsurcond,vtrafway,weather_classes
20870,1,3,6,3,1,20,13,1,2,2,6,1,2,2,1,0,2,1,1,3,2,3,2,2,1
833,0,12,2,4,1,11,13,1,2,1,6,8,3,3,4,0,1,1,1,1,4,3,2,2,1
29722,0,6,6,2,5,16,1,1,10,1,6,7,2,2,1,0,1,4,1,1,2,3,2,3,1
25766,0,7,6,4,1,16,13,1,7,2,4,1,3,2,1,0,1,2,1,1,2,5,2,5,1
16280,1,4,6,4,1,16,13,1,4,4,5,1,2,2,1,0,8,3,1,1,2,5,2,2,1
8625,1,8,7,4,1,24,12,6,7,4,3,1,2,2,1,0,2,3,1,2,2,3,2,2,1
82,1,12,6,4,1,6,10,3,7,4,11,1,2,2,1,0,1,1,1,1,2,3,2,2,1
20638,1,8,3,4,1,15,7,1,8,2,11,1,2,2,1,0,2,1,1,3,2,4,2,3,1
16238,0,3,2,3,1,18,13,1,2,2,5,1,2,2,1,0,3,1,1,3,2,3,2,2,1
10797,0,4,2,4,5,8,1,1,4,1,12,1,3,2,1,0,2,3,1,3,2,3,2,3,1
32676,1,5,6,2,3,22,12,3,2,1,7,8,3,3,4,0,1,3,1,1,5,3,9,2,1
12970,1,4,2,4,1,23,13,2,10,2,6,7,2,2,1,0,1,1,1,1,2,5,2,4,1
2479,0,7,2,3,1,12,2,1,7,1,8,1,2,2,1,0,1,3,1,1,2,3,2,2,1
18350,1,7,3,4,5,20,1,1,7,1,6,8,2,3,4,1,12,3,1,1,4,3,2,3,1
14216,1,8,5,3,1,6,7,3,2,2,3,7,2,2,1,0,1,2,1,1,2,8,2,5,1
7467,1,5,4,3,1,16,13,1,2,2,5,1,2,2,1,0,1,3,1,1,2,4,2,4,1
7757,1,8,2,4,1,9,13,1,7,3,7,1,2,2,1,0,1,3,1,1,2,3,2,2,1
30638,0,7,7,4,1,22,13,2,7,1,8,1,2,2,1,0,1,3,1,1,2,3,2,2,1
18527,1,5,1,4,1,12,13,1,2,4,6,1,2,2,1,0,2,2,1,2,2,5,2,2,1
12132,1,10,3,3,1,18,5,3,7,4,2,1,2,2,1,0,2,2,1,2,2,5,2,5,1
1176,0,3,7,4,1,16,13,1,10,4,4,1,2,2,1,0,2,3,1,3,2,3,2,2,1
286,1,12,7,4,1,10,13,1,2,3,6,8,2,2,1,0,1,3,1,1,4,3,2,2,1
8631,1,5,1,4,1,14,13,1,2,4,4,8,2,2,1,0,2,1,2,4,2,3,2,2,1
32091,1,7,1,4,1,19,13,2,7,2,10,1,2,2,1,0,1,4,1,1,2,4,2,4,3
14789,0,6,4,4,1,15,13,1,4,4,10,1,2,2,1,0,2,1,1,3,2,3,2,2,1
15872,0,8,1,2,5,22,1,2,7,1,7,8,3,5,1,0,1,3,1,1,4,3,2,2,1
8600,0,6,5,3,4,21,13,2,10,1,7,8,2,3,4,0,1,1,1,1,4,3,2,2,1
17676,0,7,7,4,1,12,13,1,7,3,11,1,2,2,1,0,3,1,1,2,2,4,2,2,1
3862,1,4,5,4,1,13,13,1,8,1,3,8,2,3,4,0,1,3,1,1,3,3,2,2,1
23303,0,8,3,4,1,17,13,1,10,4,5,8,2,6,1,0,8,2,1,1,1,1,1,1,1
18653,0,7,4,4,1,13,12,1,8,4,5,1,3,2,1,0,2,2,1,2,2,3,2,2,1
16135,1,4,1,4,1,21,13,3,4,4,5,1,2,2,1,0,2,1,1,2,2,4,2,3,1
707,1,5,7,4,5,11,1,1,10,1,10,1,2,2,1,0,8,2,1,1,2,5,2,5,1
22667,0,4,5,4,1,18,21,3,7,5,3,1,2,2,1,0,1,2,1,1,2,4,2,3,1
12899,1,7,5,4,1,12,13,1,7,4,9,1,2,2,1,0,2,3,1,3,2,5,2,4,1
16957,0,8,7,4,2,18,13,1,7,1,10,8,2,3,4,0,1,3,1,1,3,3,2,2,1
29457,0,10,1,2,1,16,7,1,7,2,8,1,2,2,1,0,1,4,1,1,2,3,2,2,1
11060,1,5,6,4,1,23,13,3,10,2,4,1,2,2,1,0,1,3,1,1,2,4,2,3,1
13358,0,9,1,3,5,19,10,1,2,1,7,8,3,3,4,0,1,3,1,1,5,3,2,2,1
27083,0,5,7,4,1,18,4,3,4,7,12,1,3,2,1,0,2,1,1,2,2,3,2,3,1
13797,1,7,6,4,5,16,1,1,2,3,7,8,2,2,1,0,1,2,1,1,4,3,2,2,1
19356,0,7,1,3,1,1,13,2,7,2,6,1,2,2,1,0,3,3,1,2,2,4,2,3,1
19876,1,11,6,4,1,13,12,1,2,5,9,1,2,2,1,0,1,1,1,1,2,3,2,4,1
21093,0,6,5,2,1,13,13,1,10,4,6,8,2,2,1,0,3,2,1,2,2,5,2,2,1
31373,0,4,4,2,1,16,18,1,10,5,7,1,2,2,1,1,5,4,1,1,2,3,2,4,1
9677,1,6,4,4,1,16,13,1,8,2,6,7,2,2,1,0,8,3,1,1,2,3,2,3,1
18937,0,6,1,4,1,24,13,3,4,2,6,1,2,2,1,0,2,3,1,2,2,3,2,2,1
29437,1,9,2,2,5,12,1,1,2,1,7,1,2,2,1,0,8,4,2,1,2,5,3,2,1
4616,1,4,7,2,1,16,13,1,4,3,12,8,3,2,1,0,1,3,1,1,4,3,2,2,1
11627,0,4,7,4,1,19,13,2,2,4,11,1,2,2,1,0,2,1,1,3,2,3,2,2,1
15186,0,10,1,4,5,12,1,1,7,1,5,1,2,3,4,0,1,3,1,1,2,3,2,2,1
1144,1,4,4,4,1,20,13,3,2,1,5,8,2,3,3,0,1,3,1,1,4,3,2,3,1
30274,1,3,7,3,1,13,13,1,2,4,2,1,2,2,1,0,2,3,1,3,2,3,3,2,1
515,0,3,5,4,1,19,13,1,10,3,6,8,2,2,1,0,1,2,1,1,3,3,2,2,1
10772,1,7,6,4,5,16,1,1,2,1,12,8,2,5,1,0,1,1,1,1,4,2,2,2,1
30622,0,6,6,2,1,15,13,1,4,2,5,2,2,2,1,0,3,4,1,2,3,2,2,3,1
6742,1,10,1,4,1,15,13,1,2,3,7,1,2,2,1,0,1,1,1,1,2,5,2,3,1
29578,1,4,5,4,1,1,11,3,2,5,2,1,2,2,1,0,1,1,1,1,2,6,2,4,1
5035,1,6,5,4,1,21,13,3,4,4,5,1,2,2,1,0,3,1,1,3,2,3,2,2,1
27458,0,4,5,1,5,8,1,1,3,1,7,1,2,2,1,0,1,2,1,1,2,3,2,3,1
6967,0,7,1,3,4,24,13,2,7,1,6,8,3,3,4,0,1,3,1,1,3,3,2,2,1
22147,1,10,5,3,1,19,13,3,7,4,1,8,2,2,1,0,2,1,1,2,2,4,2,5,1
21088,0,8,1,4,1,15,13,1,1,4,6,1,2,2,1,0,4,2,1,1,2,4,2,3,1
15486,0,2,3,4,1,18,18,3,2,4,3,1,2,2,1,0,2,3,1,2,2,3,2,2,1
6935,1,8,3,4,1,18,13,1,7,4,8,1,2,2,1,0,2,3,1,2,2,3,2,5,1
555,1,6,1,3,5,14,1,1,7,2,8,1,3,2,1,0,8,2,1,1,2,5,2,2,1
6266,1,7,1,4,1,16,13,1,7,2,8,7,2,2,1,0,1,3,1,1,2,6,3,4,1
894,1,8,1,4,1,18,13,3,7,2,12,1,2,2,1,0,1,3,1,1,2,3,2,5,1
22245,0,4,1,4,3,23,15,2,4,1,2,1,2,3,3,0,3,1,1,2,2,3,2,3,1
5392,0,11,1,4,1,11,1,1,7,1,2,8,2,2,1,0,1,1,1,1,3,3,2,2,1
34472,1,10,5,4,1,20,13,5,7,4,7,1,3,2,1,0,2,3,1,3,2,5,2,2,1
15351,0,4,2,4,5,19,1,6,2,1,10,8,2,3,4,0,2,3,1,3,3,5,2,3,1
9858,1,11,6,4,1,13,12,1,2,5,9,1,2,2,1,0,1,1,1,1,2,3,2,4,1
738,1,8,1,4,1,15,13,1,2,2,10,1,2,2,1,0,1,1,1,1,2,3,2,3,1
1760,1,6,1,4,5,1,13,2,7,1,7,1,2,3,3,0,1,3,1,1,2,5,2,4,1
28720,1,8,6,1,5,19,1,1,2,1,7,1,2,2,1,0,1,3,2,1,2,3,2,2,1
13698,1,7,6,4,1,17,12,1,8,4,5,1,2,2,1,0,8,2,1,1,2,5,2,5,1
11204,1,4,4,4,1,20,13,1,10,4,6,8,2,2,1,0,2,1,1,2,2,3,2,2,1
18288,1,9,2,4,5,21,1,2,7,1,8,1,2,3,4,0,1,3,1,1,2,3,2,2,1
17698,0,3,3,4,1,5,13,2,4,2,8,1,2,2,1,0,7,1,1,1,2,3,2,3,1
29523,0,6,3,3,5,19,1,1,4,1,8,8,3,2,1,0,2,3,1,2,2,2,2,2,1
15553,0,5,4,3,1,5,7,4,7,2,7,1,2,2,1,0,1,2,1,1,2,6,2,4,1
35017,1,9,2,4,1,18,13,1,7,4,5,1,2,2,1,0,2,3,1,2,2,5,2,3,1
20202,1,6,6,2,1,13,13,1,4,4,6,5,2,2,1,0,2,2,1,2,2,3,2,2,1
13322,0,13,7,4,1,13,13,1,8,2,6,1,2,2,1,0,1,1,1,1,2,3,2,2,1
9363,0,6,5,3,1,21,13,3,4,2,7,1,2,2,1,0,1,3,1,1,2,5,2,4,1
6298,1,9,7,4,5,17,13,1,7,1,7,7,2,3,4,0,1,3,1,1,2,3,2,3,1
15230,0,3,4,4,4,2,15,2,2,1,9,8,2,3,4,0,1,1,1,1,4,3,2,3,1
22681,1,6,7,4,1,17,20,1,4,5,2,1,2,2,1,0,1,2,1,1,2,3,2,6,1
12948,0,5,6,4,1,6,19,1,8,1,5,8,3,3,3,0,1,1,1,1,3,4,2,4,1
20832,1,9,1,4,1,12,13,1,7,4,3,8,2,2,1,0,2,1,1,2,2,4,2,2,1
24795,0,6,7,2,1,11,13,1,1,2,6,1,2,2,1,0,8,2,1,1,2,3,2,2,1
3279,0,8,1,4,5,18,13,1,7,1,4,8,2,3,4,0,1,1,1,1,5,3,2,2,1
15496,0,4,6,4,1,7,13,1,7,4,5,1,3,2,1,0,8,2,1,1,2,3,2,2,1
14937,1,5,3,4,1,13,13,1,4,4,6,1,3,2,1,0,2,3,1,2,2,3,2,2,1
14472,0,4,2,2,1,2,13,3,4,1,4,8,2,3,4,0,1,1,1,1,4,5,2,3,1
7180,0,5,1,4,1,19,13,2,2,4,10,1,2,2,1,0,7,1,1,1,2,3,2,3,1
5719,0,10,6,4,1,5,13,2,10,2,10,1,2,2,1,0,1,1,1,1,2,3,2,5,1
32694,0,8,7,2,1,19,12,1,7,1,8,1,2,2,1,0,3,4,1,2,2,5,2,4,1
30443,1,9,5,4,1,17,13,1,10,2,10,1,2,2,1,0,1,3,1,1,2,5,2,5,1
95,0,7,3,4,1,21,13,3,4,3,9,1,2,2,1,0,2,1,1,4,2,3,2,2,1
345,1,3,3,4,1,9,13,1,4,3,1,1,2,2,1,0,3,2,1,2,2,5,2,5,1
11653,1,4,6,4,1,4,8,2,7,1,7,1,2,2,3,0,1,3,1,1,2,3,3,4,1
2737,1,3,4,4,1,16,13,1,2,4,10,1,3,2,1,0,2,1,1,2,2,5,2,5,1
21283,0,5,3,4,1,15,13,1,10,4,10,1,3,2,1,0,2,3,1,2,2,3,2,2,1
19199,0,8,6,3,1,16,13,1,10,4,4,1,2,2,1,1,2,1,1,2,2,3,2,3,1
31286,0,4,7,2,1,17,2,1,4,4,9,1,2,2,11,0,8,4,1,1,2,5,2,5,1
2060,1,9,6,3,1,20,13,1,4,3,6,1,2,2,1,0,8,3,1,1,2,3,2,2,1
1078,0,8,6,4,1,12,7,1,4,2,3,1,2,2,1,0,1,3,1,1,2,3,2,2,1
4758,1,4,4,4,1,20,13,3,7,4,8,1,3,2,1,0,2,1,1,2,2,5,2,4,1
5303,0,7,1,4,1,21,13,6,2,1,6,1,2,2,1,0,1,3,1,1,2,3,2,2,1
17440,0,8,1,4,1,19,13,1,7,3,8,1,2,2,1,0,8,2,1,1,2,3,2,2,1
26400,0,10,5,2,5,18,1,1,7,1,9,1,2,2,1,0,3,3,1,2,2,5,3,2,1
15971,0,6,2,4,5,22,13,3,8,1,6,3,2,4,4,0,2,3,1,2,2,5,2,4,1
34792,1,7,7,2,5,2,1,2,7,1,12,1,2,3,4,0,1,4,1,1,2,3,2,2,1
1043,1,5,6,4,1,23,13,3,10,2,4,1,2,2,1,0,1,3,1,1,2,4,2,3,1
26621,0,5,4,4,5,1,1,3,7,1,6,1,2,2,1,1,12,3,1,1,2,4,2,4,1
23686,1,10,2,4,4,12,18,1,7,1,5,8,2,3,4,0,1,1,1,1,3,3,2,2,1
12837,1,7,1,2,5,20,1,3,8,1,8,1,3,2,1,1,11,1,1,1,2,6,3,4,1
32639,0,3,2,4,1,18,13,1,4,4,5,1,2,2,1,0,2,4,1,3,2,6,2,5,1
21562,0,4,7,4,5,20,1,3,7,1,10,8,2,6,1,0,8,2,1,1,1,1,1,1,1
17188,0,3,2,2,1,19,13,1,4,1,7,1,2,2,1,0,1,1,1,1,2,3,2,2,1
14109,1,5,6,4,1,21,13,3,2,4,6,1,2,2,1,0,8,1,2,1,2,3,2,5,1
14421,0,4,1,4,1,2,13,3,4,1,8,8,2,3,4,0,1,1,1,1,4,5,3,4,1
11283,1,8,5,3,1,8,7,1,10,2,8,1,2,2,1,0,2,1,2,3,2,3,2,2,1
23532,1,9,1,2,1,12,13,1,7,4,11,8,2,2,1,0,2,3,2,2,2,3,2,3,1
20727,0,6,7,2,1,12,13,1,2,3,6,8,2,2,1,0,1,3,1,1,4,3,2,2,1
20287,0,8,1,3,2,15,13,1,8,1,11,8,2,3,4,0,1,1,2,1,3,3,2,2,1
1273,0,5,2,4,1,20,13,2,4,4,9,1,2,2,1,1,3,1,1,3,2,3,2,3,1
29031,1,3,5,4,1,5,13,2,4,4,6,1,2,2,1,0,2,2,1,3,2,3,2,2,1
34574,0,9,3,4,1,17,13,1,7,2,6,1,2,2,1,0,3,3,1,2,2,3,2,2,1
15749,0,8,1,4,1,16,13,1,10,4,10,8,2,2,1,0,1,2,1,1,4,3,2,2,1
13720,1,6,6,4,1,22,11,3,8,4,6,8,2,2,1,0,2,3,1,3,2,3,2,2,1
222,1,6,4,4,5,17,1,5,7,1,10,1,3,2,1,0,1,1,1,1,2,4,2,4,1
22811,1,6,7,4,3,1,15,3,8,1,4,1,2,3,4,0,1,2,1,1,4,5,2,2,1
6281,1,8,6,4,5,20,1,2,7,1,8,1,2,2,1,0,1,1,1,1,2,3,2,2,1
31998,0,7,6,3,1,15,13,1,10,2,12,5,2,2,1,0,2,3,1,3,2,5,2,5,1
33357,0,6,1,4,1,16,13,1,7,4,9,1,2,2,1,0,2,3,1,3,2,5,2,2,1
4186,0,4,7,3,1,11,1,1,2,1,3,7,3,2,1,0,2,3,1,3,2,5,2,5,1
20214,0,9,5,4,1,11,7,1,7,2,5,2,2,2,1,0,2,1,1,2,2,3,2,2,1
20002,0,8,7,4,1,2,13,2,7,3,9,8,2,2,1,0,6,3,1,1,3,3,2,2,1
9844,0,4,6,4,1,15,13,1,4,4,8,1,2,2,1,0,2,1,1,2,2,5,2,5,1
13237,0,3,7,4,1,19,13,5,2,3,9,3,2,2,1,0,2,1,1,3,2,3,2,2,1
35858,1,10,5,4,1,15,13,1,7,4,2,1,2,2,1,0,2,1,1,3,2,3,2,2,1
3479,1,4,1,4,1,20,12,5,7,4,5,1,2,2,1,0,1,3,1,1,2,3,2,2,1
11562,1,10,1,2,5,19,1,1,10,1,7,1,2,3,5,0,3,1,1,3,2,3,2,2,1
7746,1,3,4,4,1,16,13,1,2,4,10,1,3,2,1,0,2,1,1,2,2,5,2,5,1
26533,0,8,4,4,4,21,13,2,7,1,7,8,2,3,4,0,1,3,1,1,4,3,2,2,1
20592,0,7,6,3,1,24,2,3,7,4,7,1,2,2,1,0,2,3,1,2,2,3,3,4,1
20785,0,7,4,2,1,8,13,1,7,2,9,5,2,2,1,0,8,2,1,1,2,3,2,2,1
30876,0,8,3,4,1,6,1,1,2,1,8,1,3,2,1,0,8,3,1,1,2,3,2,2,1
665,0,9,5,4,1,5,13,2,2,4,9,1,2,2,1,0,2,1,1,2,2,3,2,2,1
14598,1,3,2,2,5,15,1,1,8,1,11,8,2,3,4,0,1,1,1,1,3,3,2,2,1
9049,1,9,1,4,5,3,1,2,8,1,7,8,2,2,1,0,2,1,1,2,2,5,2,2,1
20862,0,6,6,3,1,20,13,3,7,2,5,2,2,2,1,0,1,1,1,1,2,7,2,4,1
1227,1,8,5,4,1,15,13,1,7,3,5,1,2,2,1,0,2,3,1,2,2,3,2,2,1
20690,0,6,2,3,2,22,18,2,4,1,4,1,3,2,1,0,1,2,1,1,2,3,2,2,1
30101,0,7,2,2,1,10,7,1,7,2,4,1,2,2,1,0,3,4,1,2,2,4,2,3,1
3368,0,3,1,4,5,6,1,4,7,1,7,8,3,3,4,0,1,3,1,1,5,3,2,2,1
3377,1,8,4,3,1,14,13,1,2,4,7,1,2,2,1,0,2,3,1,3,2,5,3,2,1
19866,0,6,1,4,1,17,13,1,10,1,7,1,3,2,1,0,1,1,2,1,2,3,2,2,1
17412,0,9,1,4,1,14,13,1,8,4,7,8,2,2,1,0,1,2,1,1,4,3,2,2,1
1463,1,7,7,4,1,17,13,3,7,4,12,1,2,2,1,0,2,3,1,3,2,5,2,5,1
1320,1,9,3,4,5,11,1,1,10,1,10,1,2,3,3,0,1,1,1,1,2,3,2,3,1
15109,0,9,4,4,1,16,11,1,8,4,10,1,2,2,1,0,3,1,1,2,2,3,2,3,1
14202,1,6,1,4,5,2,1,2,8,1,3,3,3,2,1,0,1,3,1,1,2,3,2,2,1
7046,0,8,2,4,1,15,13,1,7,1,2,1,3,3,4,0,1,3,1,1,2,3,2,2,1
5609,0,6,3,4,1,22,13,3,7,3,8,1,2,2,1,0,1,2,1,1,2,4,2,4,1
17271,0,4,5,4,1,24,10,3,7,4,6,8,2,2,1,0,1,2,1,1,2,3,2,2,1
17221,1,10,1,4,1,14,7,1,2,2,9,1,2,2,1,0,3,1,1,3,2,3,2,2,1
13038,0,6,5,4,1,2,13,3,10,1,8,8,2,3,4,0,1,1,1,1,3,3,2,2,1
5800,0,5,7,4,5,3,1,3,2,1,9,8,2,3,4,0,1,3,1,1,4,5,2,2,1
20951,0,4,1,3,1,11,7,1,10,2,5,5,2,2,1,0,3,2,1,2,2,5,2,2,1
31134,0,11,6,2,1,15,13,1,4,4,8,1,2,2,1,0,2,1,1,2,2,3,2,3,1
2967,0,10,4,4,1,12,13,1,8,2,6,6,2,2,1,1,11,1,1,1,2,4,2,3,1
6098,0,8,5,4,1,18,13,1,7,4,4,1,2,2,1,0,2,3,1,2,2,3,2,3,1
32267,0,8,1,4,1,19,20,1,7,3,6,8,2,2,1,0,1,4,1,1,4,3,2,2,1
25185,1,5,1,4,1,20,13,3,4,4,8,1,2,2,1,0,8,2,1,1,2,3,2,2,1
7682,0,9,7,4,1,18,13,1,2,6,8,1,2,2,1,0,1,1,1,1,2,3,2,2,1
6907,1,5,1,4,1,24,13,2,7,2,8,7,2,2,1,0,1,3,1,1,2,5,2,3,1
6983,0,4,7,4,1,2,13,3,3,1,8,1,2,3,4,0,2,3,1,3,2,5,2,4,1
994,1,9,7,4,1,11,13,1,7,2,3,1,2,2,1,0,3,3,2,1,2,3,2,3,1
6521,1,5,1,4,3,24,13,3,7,1,5,1,2,3,3,0,3,2,1,3,2,3,2,4,1
13359,0,8,1,4,1,14,13,1,7,3,7,8,2,2,1,0,1,3,1,1,3,3,2,2,1
10730,0,8,4,4,1,20,13,3,7,4,4,1,2,2,1,0,2,1,1,2,2,5,2,3,1
18795,0,7,7,4,1,12,13,1,7,3,7,8,2,2,1,0,1,2,1,1,4,4,2,2,1
11950,0,6,1,4,1,13,13,1,2,2,10,7,2,2,1,0,2,1,1,2,2,3,2,3,1
5334,1,8,3,4,1,6,13,4,7,1,10,1,2,2,1,0,1,2,1,1,2,3,2,2,1
22410,0,7,4,4,1,7,13,1,3,4,11,8,2,2,1,0,8,1,1,1,2,3,2,2,1
10710,0,6,6,4,1,5,13,3,7,4,10,1,2,2,1,0,1,1,1,1,2,4,2,3,1
9095,0,11,5,4,1,11,13,1,7,2,10,1,2,2,1,0,1,1,1,1,2,4,2,3,1
3322,0,9,1,4,1,12,13,1,7,3,6,1,2,2,1,0,1,3,2,1,2,3,2,2,1
14265,0,9,1,4,1,15,3,1,7,4,5,7,2,2,1,0,8,1,1,1,2,3,2,2,1
1544,1,6,7,4,1,20,13,5,8,4,7,1,3,2,1,0,2,1,1,2,2,3,2,3,1
32197,0,4,7,3,1,11,13,1,10,2,7,8,2,2,1,0,3,4,1,2,2,3,2,7,1
5088,0,5,7,4,1,12,3,1,2,4,10,1,2,2,1,0,8,2,1,1,2,3,2,2,1
4684,0,7,1,4,5,16,1,1,7,1,8,8,3,3,4,0,1,1,1,1,4,3,2,2,1
20948,0,9,5,1,1,11,7,1,7,2,4,8,2,2,1,0,3,1,1,3,2,3,2,2,1
33618,0,7,6,4,1,18,21,1,7,5,9,1,3,2,1,0,8,3,1,1,2,6,2,5,1
23539,0,7,5,4,5,22,1,3,7,1,4,1,2,2,1,0,8,2,1,1,2,3,2,3,1
27201,1,6,3,4,1,24,13,3,7,2,3,8,2,2,1,0,1,3,1,1,5,4,2,4,1
1632,0,4,4,4,1,19,4,1,8,1,6,8,2,2,1,0,1,2,1,1,3,3,2,2,1
19042,1,3,2,4,3,1,13,3,4,1,5,8,2,3,4,0,2,1,1,3,4,3,2,3,1
10123,1,10,3,4,1,14,4,1,8,4,8,8,2,2,1,0,2,1,1,2,2,3,2,4,1
12182,1,4,6,4,1,12,13,1,4,4,8,1,2,2,1,0,8,1,1,1,2,3,2,3,1
5621,1,4,7,4,1,23,13,3,2,4,8,1,2,2,1,0,2,2,1,3,2,5,2,2,1
16697,0,5,6,4,1,20,13,2,7,1,2,1,2,2,7,0,1,3,1,1,2,3,2,2,1
2221,1,6,3,4,1,19,13,5,7,3,4,1,2,2,1,0,2,2,1,3,2,3,3,2,1
21849,0,10,3,3,5,16,1,1,2,1,10,8,2,2,1,0,5,3,1,1,3,2,2,7,1
16578,1,6,3,2,1,21,13,3,10,4,8,1,2,2,1,0,2,1,1,2,2,3,2,2,1
8311,0,3,2,4,1,16,13,1,10,4,5,1,2,2,1,0,4,3,1,1,2,5,2,2,1
15376,0,5,7,4,5,1,1,2,7,1,1,1,2,2,1,0,1,2,1,1,2,3,2,2,1
1387,1,5,5,4,1,20,13,3,2,4,8,1,2,2,1,0,2,3,1,2,2,5,3,5,1
3834,1,7,5,4,3,18,4,1,8,1,7,8,3,3,4,0,2,2,1,4,4,3,2,2,1
23428,1,9,4,4,1,17,13,1,8,3,10,1,2,2,1,0,8,1,1,1,2,4,2,2,1
14879,1,4,7,2,5,11,1,1,2,1,10,8,2,3,5,0,1,1,1,1,4,3,2,2,1
8332,1,6,1,4,1,8,13,1,7,4,6,1,2,2,1,0,2,3,1,3,2,3,2,2,1
18122,1,8,7,4,1,24,2,3,8,1,8,8,2,3,4,0,3,1,1,7,4,3,2,2,1
32421,0,3,5,3,1,17,13,1,10,3,10,8,2,2,1,0,2,1,1,3,3,3,2,2,1
21532,1,7,6,4,1,23,13,3,2,1,6,1,2,3,4,0,1,2,1,1,2,3,2,3,1
8963,1,5,4,4,5,14,1,1,4,1,12,8,2,3,4,0,1,3,1,1,5,3,2,2,1
2891,1,8,7,4,1,18,13,1,11,3,5,2,2,2,1,0,1,1,1,1,3,3,2,2,1
12287,0,8,3,4,1,19,10,1,2,4,8,1,2,2,1,0,2,2,1,2,2,3,2,3,1
22989,1,3,2,4,1,15,13,1,10,4,8,1,3,2,1,0,1,2,1,1,1,1,1,1,1
4942,1,7,5,4,1,6,13,1,2,4,7,1,2,2,1,0,2,3,1,3,2,3,2,2,1
17102,0,6,6,4,1,6,13,4,4,2,7,7,3,2,1,0,2,1,1,3,2,5,2,5,1
8481,0,9,7,4,1,22,1,3,10,1,4,1,2,2,1,0,2,2,1,2,3,3,2,2,1
14950,1,3,1,4,5,2,1,3,8,1,7,2,3,2,1,0,3,3,1,3,2,3,2,2,1
17589,0,8,1,4,1,15,13,1,7,4,10,1,2,2,1,0,2,1,1,2,2,3,2,2,1
7194,0,3,4,4,5,17,15,5,8,1,12,1,2,2,1,0,1,1,1,1,2,3,2,2,1
11622,0,10,4,4,1,15,13,1,2,1,8,8,2,3,4,0,1,1,1,1,4,3,2,2,1
7405,0,8,7,2,2,18,1,1,7,1,8,1,2,2,1,0,1,2,1,1,2,3,3,2,1
12512,1,8,6,4,1,20,18,2,7,4,9,8,2,2,1,0,2,2,1,3,5,3,2,3,1
8678,1,4,6,4,5,21,1,2,4,1,6,8,3,3,2,0,1,2,1,1,4,3,2,2,1
13549,0,7,2,4,5,4,1,2,7,1,9,1,2,3,4,0,1,3,1,1,2,3,2,2,1
22428,0,7,4,4,3,6,14,4,2,1,12,8,2,3,4,0,1,3,1,1,4,3,2,3,1
12649,0,8,2,4,5,14,1,1,10,1,9,8,2,3,4,0,1,1,1,1,4,3,2,2,1
3531,1,7,1,4,5,20,1,1,2,1,8,8,3,3,4,0,1,3,1,1,4,3,2,2,1
25558,1,3,7,4,1,20,10,3,10,4,8,1,2,2,1,0,2,3,1,3,2,5,2,2,1
5014,1,7,2,4,1,15,13,1,10,4,2,1,2,2,1,0,2,1,1,2,2,3,2,2,1
5083,1,6,1,4,1,16,13,1,2,4,9,1,2,2,1,0,2,1,1,2,2,3,2,2,1
8512,1,8,7,4,1,19,13,1,7,4,6,1,2,2,1,0,8,3,1,1,2,5,2,2,1
6343,0,8,6,4,1,16,13,1,4,3,9,8,2,2,1,0,1,3,2,1,3,3,2,2,1
23229,0,4,2,4,1,18,7,2,2,2,12,1,2,2,1,0,1,2,1,1,2,5,2,4,1
7062,1,4,7,4,1,24,13,2,2,1,6,8,3,3,8,0,5,1,1,1,3,3,2,7,1
23126,1,7,7,4,1,10,10,1,7,5,2,1,2,2,1,0,1,2,1,1,2,5,2,4,1
35370,1,7,7,4,2,3,21,3,6,1,9,8,2,3,4,0,3,1,1,2,2,4,2,2,1
20729,0,6,1,2,5,14,1,1,10,1,7,1,2,2,1,0,2,2,1,3,2,4,2,3,1
16549,0,7,4,4,2,19,13,1,4,1,6,1,2,3,2,0,1,1,1,1,2,3,2,3,1
7550,0,8,1,4,1,17,2,1,2,4,7,1,2,2,1,0,2,1,1,2,2,3,2,2,1
3430,1,8,4,4,1,21,13,2,2,4,10,1,2,2,1,0,2,3,1,3,2,3,2,2,1
29550,0,4,5,2,5,19,1,3,7,1,10,8,2,2,1,0,2,4,2,2,2,3,2,2,1
34990,0,12,6,2,1,17,13,1,7,4,2,1,2,2,1,0,2,4,1,3,2,3,2,3,1
32142,1,6,5,4,1,9,12,1,2,6,11,1,2,2,1,0,2,4,1,3,2,3,2,3,3
6525,0,7,7,4,5,21,13,2,7,1,5,1,3,2,1,0,1,2,1,1,2,3,2,2,1
24613,1,4,1,4,1,20,13,5,4,4,4,1,2,2,1,0,2,3,1,3,2,5,2,4,1
31753,0,7,7,2,1,5,13,3,10,2,9,5,2,2,1,0,3,4,1,3,2,3,2,5,1
8316,1,5,1,3,5,12,1,1,10,1,5,1,3,2,1,0,3,3,1,1,2,3,2,2,1
18041,1,8,2,4,1,9,21,1,2,4,8,1,2,2,1,0,8,1,1,1,2,3,2,3,1
21148,0,4,1,4,1,13,7,1,7,7,10,1,2,2,1,0,1,2,1,1,2,6,7,4,1
3120,0,9,1,4,1,20,13,5,7,4,4,1,2,2,1,0,4,1,2,1,2,3,2,2,1