id,Severity,age_classes,day_week,DEFORMED_classes,m_harm_classes,hour,impact1_classes,lgt_cond,make,man_coll,month,p_crash1,pcrash4,pcrash5,rel_road,reljct1,reljct2,rest_use,sex,typ_int,valign,vnum_lan,vsurcond,vtrafway,weather_classes
20445,0,9,2,2,1,22,13,2,7,1,6,8,2,2,1,0,1,2,1,1,4,3,2,2,1
21727,0,7,5,3,1,7,18,1,7,5,3,1,2,2,1,0,1,1,1,1,2,6,2,4,1
13192,0,10,7,4,1,14,13,1,7,2,7,1,2,2,1,0,1,1,1,1,2,5,2,4,1
13875,0,10,1,4,1,18,3,1,7,4,3,1,2,2,1,0,8,3,1,1,2,4,2,3,1
11306,1,9,7,4,5,17,13,1,7,1,7,7,2,3,4,0,1,3,1,1,2,3,2,3,1
36230,0,7,7,4,5,20,1,2,7,1,5,1,2,3,4,0,1,1,1,1,2,3,2,2,1
22001,1,5,3,4,1,14,13,1,10,4,7,1,2,2,1,0,2,1,1,2,2,3,2,4,1
25223,0,7,2,4,5,19,1,3,7,1,3,1,2,3,10,0,5,3,1,1,2,2,2,7,1
18073,1,4,2,4,1,16,13,1,2,4,8,1,2,2,1,1,5,1,2,1,2,3,2,3,1
9552,1,7,5,3,1,17,7,1,2,2,8,5,2,2,1,0,8,3,1,1,2,5,2,2,1
24353,0,6,1,4,1,13,7,1,2,2,11,1,2,2,1,0,1,2,1,1,2,5,2,4,1
33223,1,10,7,4,5,16,1,1,4,1,3,1,3,2,1,1,12,4,1,1,2,5,2,4,1
10557,0,4,2,4,1,13,13,1,4,4,7,1,2,2,1,0,8,1,1,1,2,3,2,2,1
11421,1,3,4,4,3,22,13,3,4,1,11,8,2,3,4,0,1,1,1,1,3,3,2,2,1
26128,0,5,2,3,1,9,9,1,10,4,3,8,2,2,1,0,3,3,1,2,2,3,2,3,1
29832,1,7,7,4,5,16,1,1,2,1,11,8,2,2,1,0,1,3,1,1,3,3,2,2,1
18711,1,8,7,4,4,17,1,1,7,1,5,8,2,5,1,0,1,3,1,1,4,3,2,2,1
30569,1,3,7,4,1,22,13,3,10,4,6,1,2,2,1,0,2,4,1,2,2,6,2,2,1
11383,1,10,4,4,5,16,22,1,8,6,10,1,2,2,1,0,8,3,1,1,2,3,2,2,1
28488,1,8,6,4,1,12,11,1,2,4,5,4,2,2,1,0,2,1,1,2,2,3,2,2,1
10467,0,6,7,4,5,10,1,1,7,1,4,1,3,2,1,0,1,2,1,1,2,4,2,4,1
22443,0,7,6,3,5,13,1,1,2,1,9,1,2,2,1,0,1,3,1,1,2,3,2,2,1
4256,0,4,6,3,1,2,13,3,7,4,5,1,2,2,1,0,2,3,1,3,2,5,2,5,1
5564,1,6,1,3,5,14,1,1,7,2,8,1,3,2,1,0,8,2,1,1,2,5,2,2,1
29787,0,6,7,3,1,17,10,2,10,4,11,8,2,2,1,0,2,1,1,2,2,3,2,2,1
29941,0,6,3,3,1,24,1,3,8,1,6,8,2,6,1,0,8,1,1,1,1,1,1,1,1
14106,1,6,7,4,4,23,4,2,10,1,7,1,2,3,5,0,1,3,1,1,2,3,2,2,1
28424,0,4,4,4,1,12,9,1,7,4,4,1,2,2,1,0,2,1,1,3,2,3,2,2,1
16009,0,6,4,3,1,20,13,2,4,1,2,1,2,2,1,1,5,1,1,1,2,2,2,7,1
17371,1,7,6,4,1,23,13,3,7,3,5,1,2,2,1,0,8,2,1,1,2,5,2,5,1
9966,0,7,1,4,1,18,13,1,2,3,8,8,2,2,1,0,1,3,1,1,3,3,2,2,1
12862,1,9,1,4,1,10,13,1,7,2,9,1,2,2,1,0,3,2,1,1,2,5,2,2,1
30191,0,8,1,4,1,20,12,3,7,5,3,1,3,2,1,0,1,4,1,1,2,4,2,4,1
6261,1,10,6,4,1,10,13,1,7,2,2,7,2,2,1,0,1,3,1,1,2,4,2,3,1
20226,0,2,7,2,1,8,13,1,2,1,6,1,2,2,1,0,1,2,1,1,2,3,2,2,1
2169,1,6,2,2,1,14,1,1,8,1,9,1,3,2,1,0,8,1,1,1,2,5,2,2,1
10581,1,4,7,4,1,23,13,3,2,3,6,1,2,2,1,0,3,1,1,2,2,5,2,2,1
1981,1,8,1,4,1,21,13,2,8,1,9,1,2,2,1,0,1,3,1,1,2,3,2,2,1
22699,1,6,3,4,1,11,13,1,8,2,6,1,2,2,1,0,1,3,1,1,2,3,2,2,1
35711,0,8,1,4,5,6,1,1,2,1,5,1,2,5,1,0,1,4,1,1,2,4,2,4,1
22142,1,4,6,3,5,15,1,1,4,1,11,1,2,3,4,0,1,2,1,1,2,3,2,2,1
26642,0,8,7,3,1,22,7,3,7,2,8,5,2,2,1,0,3,3,1,2,2,5,2,2,1
4786,0,3,1,4,1,15,13,1,10,4,11,1,2,2,1,0,8,1,1,1,2,7,2,3,1
29501,0,8,3,3,5,12,1,1,7,1,7,1,2,2,1,0,5,3,2,1,2,2,3,7,1
27947,1,9,4,4,1,22,1,3,7,6,9,1,2,2,1,0,1,1,1,1,2,3,2,4,1
18875,1,7,7,4,1,19,13,2,7,4,2,1,2,2,1,0,2,1,1,3,2,3,2,2,1
11475,1,7,1,4,1,24,13,3,7,2,11,1,2,2,1,0,1,3,1,1,2,5,2,5,1
12093,0,6,6,4,1,6,13,4,4,2,7,7,3,2,1,0,2,1,1,3,2,5,2,5,1
13623,1,8,5,3,1,23,13,3,7,4,10,1,2,2,1,0,2,1,1,2,2,3,2,2,1
25160,1,4,3,4,1,15,2,1,4,5,5,1,2,2,1,0,1,1,1,1,2,3,2,3,1
6765,1,4,3,4,1,16,13,1,2,4,6,1,3,2,1,0,2,2,1,3,2,3,2,2,1
7563,1,6,7,4,1,17,12,1,4,4,9,1,2,2,1,0,1,1,1,1,2,3,2,2,1
36071,1,3,6,4,1,14,13,1,4,4,8,1,2,2,1,0,2,4,1,2,2,6,2,5,1
10652,1,3,2,3,1,7,13,1,4,1,10,1,2,2,1,0,3,2,1,3,2,4,2,5,1
12201,1,5,4,2,5,15,21,1,7,7,12,8,3,2,1,0,3,2,1,3,3,3,2,2,1
28890,0,4,7,3,5,14,1,1,2,1,11,1,2,2,1,0,1,1,1,1,2,7,2,3,1
7994,1,4,5,4,1,14,13,1,2,4,7,1,2,2,1,0,2,1,1,4,2,5,2,5,1
2676,0,9,7,4,1,15,5,1,8,5,9,7,2,2,1,0,1,3,1,1,3,3,2,3,1
29428,1,3,6,2,1,17,13,1,8,4,7,1,2,2,1,0,5,4,2,1,2,3,2,4,1
29815,0,3,6,3,1,18,13,1,10,2,8,5,2,2,1,0,3,1,1,2,2,3,2,2,1
803,1,3,2,4,1,10,13,1,2,1,10,7,2,3,7,0,1,2,1,1,2,5,2,5,1
8258,0,8,7,4,1,14,13,1,2,4,11,1,2,2,1,0,2,1,1,2,2,3,2,2,1
31714,0,6,4,2,5,14,1,1,7,1,7,1,3,2,1,0,1,4,1,1,2,6,2,2,1
17916,1,4,7,4,1,11,13,1,8,4,11,1,2,2,1,0,8,3,1,1,2,3,2,2,1
14877,0,8,7,4,4,18,13,1,6,1,8,8,2,3,5,0,1,1,1,1,4,3,2,2,1
24683,0,3,7,4,1,19,13,3,8,1,9,1,2,2,1,0,1,1,1,1,2,3,2,5,1
4058,1,10,3,4,1,11,13,1,7,4,8,1,2,2,1,0,1,1,1,1,2,3,2,5,1
22587,0,4,6,2,5,14,1,1,10,1,4,1,2,2,1,0,1,3,1,1,2,3,2,4,1
35900,1,3,4,4,1,11,13,1,6,4,4,1,2,2,1,0,2,1,1,2,2,4,2,4,1
27701,1,4,6,4,1,12,22,1,4,5,11,7,2,2,1,0,1,2,1,1,2,5,2,4,1
21666,0,4,7,1,1,11,13,1,10,2,10,2,2,2,1,0,1,2,1,1,2,5,2,4,1
30927,1,5,6,4,1,18,3,3,7,5,11,1,2,2,1,0,1,3,1,1,2,5,2,4,1
11886,0,10,3,4,1,13,4,1,7,4,6,1,2,2,1,0,2,3,1,2,2,3,2,2,1
9410,1,6,7,3,1,18,4,1,4,4,8,7,2,2,1,0,2,3,1,2,2,3,2,4,1
18673,1,2,3,4,1,19,7,1,10,7,5,1,3,2,1,0,2,1,1,2,2,3,2,2,1
15064,0,7,5,4,5,21,1,3,10,1,5,8,2,2,1,0,1,1,1,1,4,3,2,2,1
9931,1,11,3,3,1,12,13,1,2,4,6,8,2,2,1,0,2,3,1,2,3,3,2,2,1
30742,0,6,3,2,5,16,1,1,7,1,1,1,3,3,2,0,1,2,2,1,2,3,2,2,1
11419,0,9,5,4,1,19,13,3,7,1,10,1,2,2,1,0,2,3,1,2,2,3,2,3,1
24551,1,4,3,4,1,18,13,1,10,2,9,7,2,2,1,0,8,3,1,1,2,3,2,2,1
14462,0,10,4,3,1,19,13,1,7,3,8,1,2,2,1,0,2,1,1,3,2,5,2,2,1
32484,0,8,7,4,1,15,2,1,4,4,6,8,2,2,1,0,2,4,1,4,3,3,2,2,3
2880,0,5,1,4,3,20,13,3,7,1,6,1,2,3,4,0,5,3,1,1,2,4,2,7,1
1571,0,5,6,4,1,17,13,1,8,4,9,1,2,2,1,0,2,1,1,3,2,3,2,3,1
17893,0,4,6,4,1,3,13,2,7,1,5,1,2,3,4,0,3,3,1,1,2,3,2,2,1
20269,0,10,3,2,1,20,10,6,7,1,9,1,2,2,1,0,1,2,1,1,2,3,2,2,1
11588,0,5,6,4,1,17,13,1,8,4,9,1,2,2,1,0,2,1,1,3,2,3,2,3,1
24023,1,11,7,2,1,10,4,1,7,4,7,8,2,2,1,0,2,1,1,3,2,3,2,2,1
31816,0,12,7,4,1,15,10,1,7,6,3,1,2,2,1,0,1,1,1,1,2,3,2,2,1
17943,1,10,5,4,4,17,13,1,10,1,4,1,2,3,4,0,1,1,1,1,2,3,2,2,1
8694,1,8,7,4,4,17,1,1,7,1,5,8,2,5,1,0,1,3,1,1,4,3,2,2,1
16284,1,7,1,4,1,16,13,1,7,2,8,7,2,2,1,0,1,3,1,1,2,6,3,4,1
620,0,6,1,3,1,16,13,1,1,3,9,1,2,2,1,0,3,2,1,3,4,3,2,2,1
34644,0,8,5,4,1,11,13,1,7,2,7,7,2,2,1,0,1,3,1,1,2,6,2,5,1
3296,1,3,1,4,1,15,13,1,2,3,5,8,2,2,1,0,1,1,1,1,3,3,2,2,1
17065,1,6,7,4,4,11,13,1,7,1,3,8,2,3,4,0,1,3,1,1,4,3,2,2,1
6004,0,10,1,4,1,9,13,1,2,4,1,8,2,2,1,0,1,1,1,1,5,3,3,2,1
31093,1,10,1,4,5,16,1,1,7,1,6,1,2,3,4,0,1,1,1,1,4,3,2,2,1
5493,1,9,7,4,5,17,1,1,2,1,5,1,3,2,1,0,2,2,1,2,2,4,2,2,1
3385,0,7,7,3,5,20,1,1,8,1,7,1,2,2,1,0,1,3,1,1,2,3,2,2,1
30134,1,9,7,4,1,16,23,1,10,4,10,1,3,2,1,0,2,3,1,2,2,3,2,2,1
18214,1,9,5,4,1,18,13,1,8,2,7,1,2,2,1,0,1,1,1,1,2,3,2,2,1
3911,0,6,1,4,1,24,13,3,4,2,6,1,2,2,1,0,2,3,1,2,2,3,2,2,1
26632,0,3,7,4,5,1,1,2,8,1,7,1,3,3,3,0,1,2,1,1,3,3,2,4,1
10268,0,7,7,4,1,13,7,1,10,2,11,2,2,2,1,0,1,3,1,1,2,5,2,5,1
7446,0,7,7,4,1,17,13,1,7,3,10,1,2,2,1,0,1,2,1,1,2,3,2,2,1
16775,1,7,7,4,5,14,1,1,7,1,8,8,3,2,1,0,1,3,1,1,3,3,3,2,1
17310,0,4,1,4,5,10,1,1,8,1,11,8,3,2,1,0,1,2,1,1,3,3,2,2,1
13174,1,7,7,4,1,22,13,2,11,3,6,1,2,2,1,0,8,1,1,1,2,3,2,2,1
16813,1,5,7,4,1,14,13,1,2,3,7,7,2,2,1,0,1,3,1,1,3,3,2,2,1
12874,1,9,4,4,5,12,1,1,4,1,9,1,2,2,1,0,2,2,1,2,2,3,2,2,1
34592,0,8,1,2,1,15,18,1,7,5,8,2,2,2,1,0,3,4,2,2,2,3,2,2,1
12540,0,6,5,4,1,19,13,1,2,4,4,1,2,2,1,0,2,1,1,3,2,5,2,3,1
23218,0,4,1,3,5,18,1,3,8,1,11,1,2,2,1,0,2,2,1,2,2,3,3,4,1
15597,0,5,2,4,1,17,13,1,2,3,6,8,2,2,1,0,1,1,1,1,3,3,2,2,1
27062,1,8,5,4,1,16,13,1,7,4,6,1,2,2,1,0,8,2,2,1,2,5,2,5,1
21102,0,6,2,1,1,10,13,1,10,4,7,4,2,2,1,0,8,3,1,1,1,1,1,1,1
22435,0,4,3,2,1,14,13,1,7,2,5,1,2,2,1,0,1,2,1,1,5,3,2,2,1
10705,0,7,7,4,1,14,13,1,2,3,10,8,2,2,1,0,3,1,1,3,4,3,2,2,1
16655,1,4,7,4,1,13,13,1,7,3,4,8,2,2,1,0,1,3,2,1,4,3,2,2,1
27190,0,6,5,4,1,16,13,1,2,3,4,1,2,2,1,0,8,1,1,1,2,3,2,5,1
22057,0,5,7,4,1,15,13,1,7,4,7,1,2,2,1,0,2,1,1,3,2,3,2,2,1
20405,1,5,6,2,1,22,13,3,2,4,7,8,2,2,1,0,2,1,1,2,2,5,2,5,1
22739,1,10,5,4,5,22,1,2,7,1,9,1,3,2,1,0,2,3,1,3,2,3,2,2,1
7197,1,10,7,4,1,13,13,1,2,4,5,1,2,2,1,0,8,1,1,1,2,3,2,2,1
30287,0,3,7,2,1,20,7,5,10,2,6,8,2,2,1,0,1,3,1,1,5,3,2,2,1
14195,0,5,4,4,2,7,13,1,10,1,3,8,3,3,4,0,1,2,1,1,3,3,2,2,1
5042,0,6,6,4,1,5,13,4,10,1,6,8,2,3,4,0,1,3,1,1,3,3,2,2,1
36220,1,4,5,4,1,14,1,1,4,1,5,1,2,2,1,0,2,1,1,3,2,4,2,4,1
17492,1,7,5,4,1,16,13,1,4,4,6,1,2,2,1,0,2,3,1,2,2,3,2,3,1
16864,1,5,7,4,5,19,13,1,10,1,9,1,2,3,3,0,1,1,1,1,2,3,2,4,1
2325,0,3,1,4,1,1,22,2,10,5,6,8,2,2,1,0,1,1,1,1,4,3,3,2,1
2664,0,9,3,4,1,15,2,1,7,4,7,7,3,2,1,0,2,1,1,3,2,3,2,2,1
18915,0,1,5,4,5,23,1,2,10,1,5,1,2,2,1,0,1,1,1,1,2,3,3,2,1
3642,0,4,1,3,5,20,1,5,10,1,5,8,3,2,1,0,1,3,1,1,4,3,2,2,1
11481,1,6,7,4,1,17,13,3,7,4,12,1,2,2,1,0,2,3,2,3,2,5,2,5,1
22873,1,8,2,4,5,21,1,2,7,1,8,1,3,2,1,0,2,3,1,2,2,4,2,4,1
25858,0,4,3,4,5,16,1,1,7,1,8,1,3,2,1,0,8,2,1,1,2,3,2,5,1
14207,1,7,5,4,5,1,1,3,1,1,3,1,3,2,1,0,1,1,1,1,2,4,2,4,1
20769,0,3,5,2,5,15,1,1,3,1,8,8,2,2,1,0,3,2,1,2,2,3,2,2,1
8360,0,3,5,4,1,8,1,1,2,1,7,1,2,3,4,0,1,1,1,1,2,3,2,2,1
4247,0,9,1,4,1,15,3,1,7,4,5,7,2,2,1,0,8,1,1,1,2,3,2,2,1
19682,1,9,5,4,1,21,4,3,7,4,5,1,2,2,1,0,4,3,1,1,2,4,2,3,1
2498,1,4,7,2,5,20,1,3,7,1,9,2,3,2,1,0,3,3,1,2,2,3,2,3,1
19860,0,9,1,4,4,19,13,1,2,1,8,8,2,3,5,0,1,1,1,1,4,3,2,2,1
5489,0,5,7,3,1,16,13,1,4,1,5,1,2,2,1,0,1,2,1,1,2,3,2,2,1
20553,0,7,3,3,1,16,13,1,4,3,4,8,2,2,1,0,4,3,1,1,2,3,2,2,1
4915,0,13,4,4,5,19,21,1,2,1,6,8,3,3,4,0,1,3,1,1,4,3,3,2,1
15871,1,9,6,4,4,19,1,1,7,1,7,8,3,3,4,0,1,3,1,1,4,3,2,2,1
122,0,10,7,3,1,10,7,1,7,2,3,2,2,2,1,0,1,3,1,1,2,3,2,3,1
14123,1,6,7,3,1,16,18,1,7,5,1,1,2,2,1,0,5,3,1,1,2,3,2,2,1
12428,1,5,1,4,5,3,12,2,2,1,8,8,2,3,4,0,1,2,1,1,4,3,2,2,1
4293,1,10,2,2,1,10,13,1,10,4,6,1,2,2,1,1,2,3,1,2,2,5,2,3,1
6638,1,4,7,4,1,13,13,1,7,3,4,8,2,2,1,0,1,3,2,1,4,3,2,2,1
8742,0,10,5,4,5,20,1,5,7,1,7,8,3,3,2,0,1,3,1,1,4,3,2,2,1
10727,0,10,6,4,1,5,13,2,10,2,10,1,2,2,1,0,1,1,1,1,2,3,2,5,1
25375,1,5,1,4,5,23,1,3,2,1,6,1,3,2,1,0,3,3,1,2,2,3,2,3,1
11270,1,4,6,4,1,16,13,1,4,4,5,1,2,2,1,0,8,3,1,1,2,5,2,2,1
6361,0,2,1,4,1,24,4,2,2,1,10,1,2,3,4,0,3,1,1,3,2,3,2,2,1
22107,1,10,7,2,5,12,1,1,8,1,6,8,3,2,1,0,1,2,1,1,5,3,2,2,1
10682,0,9,5,4,1,5,13,2,2,4,9,1,2,2,1,0,2,1,1,2,2,3,2,2,1
24410,0,8,3,4,5,15,1,1,7,1,7,1,2,3,4,1,5,2,1,1,2,2,2,7,1
1716,0,4,4,4,1,18,13,1,2,4,6,1,3,2,1,0,2,2,1,3,2,3,2,2,1
3054,0,8,5,4,1,13,13,1,2,4,8,1,2,2,1,0,2,1,2,3,2,3,2,2,1
21819,1,3,2,3,1,15,13,1,10,4,4,8,2,2,1,0,8,1,1,1,2,5,2,2,1
30793,0,8,5,2,1,15,18,1,7,5,8,1,2,2,1,0,1,1,1,1,2,5,2,4,1
8487,1,6,1,4,5,23,1,2,7,1,5,2,2,2,1,0,1,3,1,1,2,5,2,4,1
11805,1,4,7,4,1,18,13,1,7,4,8,1,2,2,1,0,2,3,1,2,2,3,2,2,1
30473,0,8,3,4,1,5,13,2,7,2,4,1,2,2,1,0,1,4,1,1,2,3,2,2,1
29603,0,4,7,4,1,18,13,1,7,3,5,1,2,2,1,0,8,3,1,1,2,7,2,2,1
2596,1,3,4,4,1,21,4,2,10,5,6,7,2,2,1,1,5,1,1,1,3,2,2,7,1
20938,0,2,5,4,1,16,7,1,8,2,11,6,2,2,1,0,1,1,1,1,2,3,2,3,1
15524,1,5,1,4,1,18,13,1,10,4,5,1,2,2,1,0,2,2,1,2,2,5,2,3,1
11011,1,9,7,4,1,11,13,1,7,2,3,1,2,2,1,0,3,3,2,1,2,3,2,3,1
11864,0,7,4,4,1,6,2,1,7,1,5,1,3,2,1,0,6,1,1,1,2,3,2,2,1
18893,1,7,5,2,5,16,1,1,2,1,4,1,3,3,4,0,1,3,1,1,2,3,2,2,1
21134,0,4,7,4,1,18,10,1,2,5,9,7,2,4,2,0,1,3,1,1,2,5,2,3,1
24367,0,3,7,4,1,17,7,1,2,2,5,2,2,2,1,0,1,1,1,1,2,4,2,3,1
3351,0,3,5,4,1,8,1,1,2,1,7,1,2,3,4,0,1,1,1,1,2,3,2,2,1
20735,0,3,4,3,1,17,3,1,2,4,7,1,2,2,1,0,2,2,1,2,2,3,2,2,1
1473,0,2,1,4,1,16,3,1,4,1,1,8,2,3,4,0,1,1,1,1,4,3,2,2,1
35829,0,8,5,4,1,15,13,1,7,2,12,2,2,2,1,0,3,1,1,3,2,3,2,2,1
16608,0,6,1,2,1,23,7,2,4,2,10,1,2,2,1,0,1,1,1,1,2,3,2,2,1
8773,0,9,4,4,1,22,2,2,7,1,8,8,3,3,4,0,1,3,1,1,4,3,2,2,1
17665,1,7,1,4,1,13,13,1,7,2,10,1,2,2,1,1,12,1,1,1,2,4,2,4,1
11209,0,5,4,4,1,7,13,1,4,4,6,1,2,2,1,0,2,1,1,2,2,3,2,2,1
23846,0,3,3,2,1,19,7,1,10,2,6,1,2,2,1,0,1,2,1,1,2,3,2,2,1
24237,0,4,6,3,1,24,18,3,4,5,4,1,2,2,1,0,1,1,1,1,2,4,2,4,1
36279,1,2,3,4,1,12,7,1,10,2,6,1,2,2,1,0,1,1,1,1,2,3,2,2,1
22683,0,7,7,4,1,17,22,1,7,5,2,1,2,2,1,0,1,3,1,1,2,3,2,6,1
28896,0,6,4,4,1,7,13,1,8,3,12,1,2,2,1,0,2,3,1,2,2,3,2,3,1
2017,1,3,1,4,1,12,13,1,4,2,8,1,2,2,1,0,1,3,1,1,2,3,2,3,1
1829,1,5,5,4,5,8,1,1,2,1,9,1,3,2,1,0,1,3,1,1,2,3,2,2,1
6910,1,6,1,4,1,21,13,2,10,4,8,1,2,2,1,0,8,3,1,1,2,5,2,2,1
34618,0,3,7,4,1,13,13,1,10,4,3,1,2,2,1,0,2,4,1,3,2,5,2,4,1
22841,0,3,1,4,1,18,12,1,10,4,7,1,2,3,4,0,4,2,1,1,2,3,2,2,1
16142,1,12,4,4,1,15,13,1,7,2,3,1,2,2,1,0,3,3,1,3,2,3,2,3,1
431,1,7,1,4,1,18,1,3,2,1,1,8,2,2,1,0,1,1,1,1,3,3,2,2,1
4869,1,9,5,4,5,16,14,1,7,1,4,8,2,3,3,0,1,1,1,1,3,3,2,4,1
8953,1,3,7,4,1,24,7,2,4,2,10,1,2,2,1,0,1,3,1,1,2,3,2,2,1
2679,1,4,7,4,1,11,13,1,2,4,5,1,2,2,1,0,2,1,1,2,2,5,2,4,1
10433,1,3,7,4,5,14,15,1,10,1,3,8,2,3,4,1,5,2,1,1,3,3,2,7,1
17816,0,5,7,4,1,23,13,2,8,4,7,1,2,2,1,0,2,1,1,3,2,3,2,2,1
2426,0,9,3,4,1,7,10,4,7,6,9,8,2,2,1,0,1,2,1,1,3,3,2,2,1
30297,0,5,3,4,2,19,13,1,8,1,5,8,2,3,4,0,1,4,1,1,3,3,2,2,1
10443,0,8,2,4,1,16,13,1,10,3,4,8,2,2,1,0,1,2,1,1,3,3,2,2,1
35605,0,4,6,4,1,17,13,1,8,3,9,1,2,2,1,0,8,1,2,1,2,3,2,2,1
976,0,6,3,4,1,1,13,2,7,3,2,8,2,2,1,0,1,3,1,1,3,3,2,2,1
7392,0,8,6,4,1,14,13,1,7,4,7,1,2,2,1,0,2,2,1,4,2,5,2,5,1
17511,1,3,5,4,4,6,13,1,10,1,8,8,3,3,4,0,1,2,1,1,3,3,2,2,1
23515,0,6,2,2,1,6,19,3,2,5,10,1,2,2,1,0,1,2,1,1,2,5,2,4,1
7741,0,3,7,4,1,19,13,5,4,4,9,1,2,2,1,0,8,1,1,1,2,3,2,2,1
20276,0,4,5,2,3,12,13,1,8,1,10,8,3,3,4,0,3,2,1,2,4,3,2,4,1
20004,0,8,7,4,5,20,1,2,7,1,9,1,2,3,3,0,1,3,1,1,2,3,3,3,1
17702,0,9,7,4,1,15,5,1,8,5,9,7,2,2,1,0,1,3,1,1,3,3,2,3,1
1542,1,6,1,3,5,17,4,1,2,1,7,8,2,3,4,0,1,1,1,1,3,3,2,2,1
554,1,7,7,4,1,16,18,1,7,5,5,1,2,2,1,0,1,2,1,1,2,6,2,4,1
20389,1,5,4,4,1,16,13,1,7,4,6,1,2,2,1,0,8,1,2,1,2,6,3,5,1
22389,1,7,1,2,5,22,1,3,2,1,10,1,2,2,1,0,1,3,2,1,2,6,2,3,1
8474,0,9,5,4,1,10,13,1,7,4,2,1,2,2,1,0,8,3,1,1,2,3,2,2,1
1688,1,10,6,4,1,17,10,1,7,4,5,1,2,2,1,0,2,2,1,2,2,3,2,2,1
13843,0,3,7,4,1,17,1,1,10,1,11,1,2,6,1,0,8,3,1,1,1,1,1,1,1
30559,1,6,7,3,1,16,1,1,10,1,3,5,2,2,1,0,1,3,1,1,2,4,2,3,1
33957,1,8,2,4,1,14,13,1,7,3,7,1,2,2,1,0,1,4,1,1,2,3,2,2,1
32410,1,7,7,3,1,12,10,1,8,4,7,1,2,2,1,0,8,4,1,1,2,4,2,2,1
17827,0,7,7,4,1,17,10,1,3,1,5,5,2,3,4,0,1,2,1,1,2,3,2,2,1
7365,0,7,1,4,5,19,1,1,10,1,6,1,2,3,3,0,1,2,1,1,2,3,2,3,1
10076,0,6,2,4,1,21,13,3,8,1,8,8,2,3,4,0,1,1,1,1,4,3,2,2,1
8343,0,5,7,4,1,18,1,1,8,1,7,1,3,2,1,0,2,3,1,2,2,3,2,3,1
8457,1,9,6,4,5,14,1,1,8,1,8,8,3,2,1,0,1,1,1,1,5,3,2,2,1
18231,0,5,7,4,5,11,1,1,8,1,8,8,2,2,1,0,8,1,1,1,3,3,2,2,1
9685,1,7,1,4,1,20,13,3,7,3,9,1,2,2,1,0,2,3,1,3,2,5,2,5,1
30618,0,4,4,2,1,18,22,1,2,5,5,1,2,2,1,0,1,4,1,1,2,5,2,2,1
28690,0,6,5,2,5,6,1,1,2,1,7,1,2,3,4,0,1,1,1,1,2,4,2,4,1
2672,0,3,3,4,1,5,13,2,4,2,8,1,2,2,1,0,7,1,1,1,2,3,2,3,1
11679,1,8,6,3,5,16,1,1,4,1,9,8,2,3,5,0,1,2,1,1,4,3,2,2,1
29500,0,10,6,2,1,15,13,1,7,1,7,1,2,2,1,0,1,2,2,1,2,3,2,2,1
11853,0,8,7,4,5,19,13,2,7,1,9,8,3,3,4,0,2,3,1,3,3,3,2,2,1
4015,1,10,7,4,1,10,13,1,2,4,5,1,2,2,1,0,2,1,1,3,2,3,2,2,1
16895,0,10,3,4,1,13,4,1,7,4,6,1,2,2,1,0,2,3,1,2,2,3,2,2,1
21168,1,4,7,4,1,12,13,1,10,4,11,1,2,2,1,0,2,2,1,2,2,3,2,3,1
31996,1,4,6,4,1,22,13,3,2,4,12,1,2,2,1,0,2,3,1,2,2,5,2,5,1
34246,0,4,6,4,5,24,1,3,7,1,7,1,2,2,1,0,3,3,1,2,2,6,2,5,1
15151,1,9,2,4,1,19,19,3,8,6,3,8,2,2,1,0,1,3,1,1,4,5,2,5,1
3161,0,4,6,4,5,21,13,2,4,1,6,8,2,3,4,0,1,1,1,1,4,3,2,2,1
9411,0,4,1,4,1,2,13,3,4,1,8,8,2,3,4,0,1,1,1,1,4,5,3,4,1
7709,1,4,7,4,1,16,13,1,4,4,7,1,2,2,1,0,2,1,1,2,2,3,2,2,1
11265,1,8,1,4,1,15,13,1,2,2,8,1,2,2,1,0,1,3,1,1,2,3,2,3,1
2411,1,5,1,4,5,3,12,2,2,1,8,8,2,3,4,0,1,2,1,1,4,3,2,2,1
6815,1,12,6,4,1,12,13,1,1,4,9,1,2,2,1,0,2,2,1,3,2,3,2,2,1
33274,0,4,6,4,1,2,13,3,7,4,10,1,2,2,1,0,3,3,1,3,2,4,2,3,1
1132,1,8,1,4,1,15,13,1,7,4,5,1,2,2,1,0,2,3,1,2,2,3,2,5,1
16785,1,4,4,4,1,10,13,1,4,1,7,7,2,3,4,0,1,1,1,1,2,5,2,2,1
3674,0,6,4,4,1,19,1,1,4,1,6,8,2,3,4,0,1,2,1,1,4,3,2,2,1
97,0,7,6,4,1,23,13,6,2,4,6,1,2,2,1,0,2,2,1,2,2,3,2,2,1
21240,1,8,1,4,3,4,13,3,7,1,6,8,2,3,3,0,3,3,1,3,2,5,2,2,1
29465,1,7,6,4,1,16,13,1,7,2,10,1,2,2,1,0,1,4,1,1,2,3,2,4,1
6777,0,6,6,4,5,24,1,2,7,1,9,1,2,2,1,0,1,3,1,1,2,3,2,4,1
27909,1,4,4,4,1,7,13,1,8,3,8,1,2,2,1,0,8,1,1,1,2,3,2,2,1
4632,0,3,2,2,1,17,13,1,2,2,6,7,3,2,1,0,1,3,1,1,2,3,2,2,1
36436,0,4,4,3,5,4,1,2,8,1,12,2,2,2,1,0,8,1,1,1,2,4,2,5,1
6230,0,4,1,4,1,23,13,3,2,4,7,1,2,2,1,1,2,1,1,3,2,5,2,3,1