id,Severity,age_classes,day_week,DEFORMED_classes,m_harm_classes,hour,impact1_classes,lgt_cond,make,man_coll,month,p_crash1,pcrash4,pcrash5,rel_road,reljct1,reljct2,rest_use,sex,typ_int,valign,vnum_lan,vsurcond,vtrafway,weather_classes
8158,0,6,1,4,1,23,13,2,10,2,6,6,2,2,1,0,1,1,1,1,2,3,2,4,1
3313,1,4,6,4,1,15,7,1,4,7,6,8,2,2,1,0,4,1,1,1,5,5,2,2,1
34533,1,7,1,4,5,20,1,2,7,1,5,8,2,5,1,0,1,3,1,1,5,3,2,2,1
13737,0,5,4,4,1,6,13,1,10,4,7,7,2,2,1,0,2,1,1,2,2,4,2,2,1
8582,0,9,6,2,5,16,1,1,8,1,3,1,2,3,3,0,1,1,1,1,2,3,3,3,1
23427,1,9,4,2,1,17,13,1,8,3,10,8,2,2,1,0,8,1,1,1,2,4,2,2,1
6834,0,10,7,4,1,11,13,1,7,3,10,8,2,2,1,0,1,2,1,1,3,3,2,2,1
6573,1,10,5,3,1,6,4,4,7,4,9,1,2,2,1,0,2,1,1,2,2,3,2,2,1
18605,0,7,7,3,1,14,13,1,7,1,5,8,2,3,8,0,1,1,1,1,3,2,3,6,3
3063,1,6,5,4,1,13,13,1,7,2,10,1,2,2,1,0,3,1,2,3,2,5,2,2,1
11109,1,4,2,4,1,15,13,1,2,4,4,1,2,2,1,0,2,1,1,2,2,5,2,5,1
5781,1,3,6,4,1,10,13,1,8,4,12,1,2,2,1,0,1,1,1,1,2,3,2,2,1
21553,0,7,5,4,1,16,13,1,7,1,8,8,3,3,5,0,1,2,1,1,3,3,2,2,1
7799,0,5,7,4,1,23,13,2,8,4,7,1,2,2,1,0,2,1,1,3,2,3,2,2,1
13006,0,8,6,4,1,19,12,1,7,4,7,1,2,2,1,0,1,1,1,1,2,3,2,2,1
29676,0,5,6,4,1,9,13,1,2,4,1,5,2,2,1,0,3,4,1,2,2,3,3,3,1
18291,1,7,1,4,1,16,13,1,8,4,8,7,2,2,1,0,2,3,1,2,2,3,2,2,1
36579,0,4,5,4,1,17,13,1,4,3,7,8,2,2,1,0,2,4,1,2,4,3,2,2,2
1451,1,3,5,4,1,11,13,1,2,4,12,1,2,2,1,0,2,1,1,2,2,5,2,5,1
28539,1,5,3,4,1,13,13,1,4,4,4,1,2,2,1,0,2,1,1,2,2,5,2,4,1
3593,0,8,6,4,1,15,13,1,11,4,7,1,2,2,1,0,1,1,1,1,2,3,2,2,1
11445,1,6,7,4,1,23,13,3,4,4,12,1,2,2,1,0,2,1,1,3,2,7,2,5,1
11489,1,7,7,4,1,16,1,1,4,1,1,8,3,2,1,0,2,1,1,3,3,5,2,2,1
891,1,4,5,4,1,21,13,3,8,3,10,1,2,2,1,0,2,1,1,2,2,5,2,5,1
22056,0,5,7,4,1,15,13,1,7,4,7,1,2,2,1,0,2,1,1,3,2,3,2,2,1
35229,0,3,5,4,1,17,13,3,2,4,2,7,2,2,1,0,8,3,1,1,2,6,2,5,1
16008,0,5,4,4,1,20,1,2,2,1,2,1,2,2,1,1,5,1,1,1,2,2,2,7,1
28370,0,8,5,4,4,13,13,1,10,1,9,1,2,3,4,0,3,1,1,3,2,3,2,2,1
20504,0,4,7,2,1,17,13,3,10,2,11,1,2,2,1,0,3,2,1,3,2,3,2,2,1
36406,1,6,5,4,1,11,12,1,4,1,10,1,2,2,1,0,1,4,1,1,2,3,2,2,1
11572,1,6,7,4,1,18,13,1,4,2,8,1,2,2,1,0,8,1,1,1,2,3,2,2,1
28336,0,8,2,3,4,18,13,1,10,1,6,1,3,3,4,0,1,1,1,1,2,3,2,2,1
19180,1,4,1,3,1,1,13,3,2,4,3,1,2,2,1,0,8,2,1,1,2,5,2,5,1
13402,0,7,7,3,5,20,1,1,8,1,7,1,2,2,1,0,1,3,1,1,2,3,2,2,1
7157,0,7,2,4,1,8,7,1,2,2,5,1,2,2,1,0,1,2,1,1,2,3,2,2,1
18656,1,4,2,4,1,21,13,3,8,1,4,1,2,2,1,0,1,2,1,1,2,4,2,3,1
25089,0,6,7,3,1,20,13,3,7,4,9,1,2,2,1,0,8,1,1,1,2,5,2,5,1
13340,1,6,1,4,1,8,13,1,7,4,6,1,2,2,1,0,2,3,1,3,2,3,2,2,1
36450,0,7,7,3,1,11,13,1,7,2,12,1,2,2,1,0,1,3,1,1,2,3,2,4,1
16729,1,5,7,4,1,1,13,3,4,2,6,1,2,2,1,0,1,3,1,1,2,5,2,3,1
4626,0,3,4,1,1,2,13,3,4,2,12,1,2,2,1,0,1,1,1,1,2,4,3,4,1
30139,1,3,2,2,1,12,13,1,7,2,12,1,2,2,1,0,3,3,1,2,2,5,2,5,1
16341,0,6,3,4,1,7,13,1,2,1,9,1,2,2,1,0,1,1,1,1,2,3,2,2,1
12733,1,7,6,3,1,13,2,1,8,5,5,8,2,2,1,1,12,1,1,1,3,5,2,4,1
23421,1,9,3,4,1,20,13,3,7,4,7,1,2,2,1,0,2,1,1,2,2,3,2,3,1
23505,1,4,4,2,1,9,13,1,2,2,8,3,2,2,1,0,3,3,1,2,2,4,2,3,1
8378,1,12,6,4,5,9,13,1,2,4,8,1,2,2,1,0,2,1,1,2,2,5,2,2,1
10767,1,3,2,4,1,18,21,3,4,1,11,7,2,3,7,0,1,1,1,1,3,3,2,3,1
8006,1,4,3,4,5,20,1,1,2,1,7,8,2,2,1,0,1,1,1,1,5,5,2,4,1
25110,1,7,7,3,1,11,13,1,7,2,10,2,2,2,1,0,1,1,1,1,2,5,2,3,1
17044,1,4,2,4,1,24,2,2,7,1,8,1,2,2,1,0,1,3,1,1,2,3,2,2,1
34573,0,6,1,2,5,17,1,1,7,1,6,8,2,2,1,0,2,4,1,6,4,3,2,6,1
22547,0,4,5,3,1,19,19,3,2,5,9,1,2,2,1,0,8,3,1,1,2,5,3,5,1
4462,0,7,5,4,1,2,13,2,8,2,9,7,2,2,1,0,1,2,1,1,2,5,2,4,1
16560,0,7,4,4,5,6,13,1,2,1,6,8,2,3,5,0,1,1,1,1,3,3,2,2,1
12803,0,3,4,4,1,24,13,3,4,4,6,1,2,2,1,0,2,3,1,3,2,3,2,2,1
16295,0,11,3,4,1,8,13,1,8,2,8,1,2,2,1,1,12,3,1,1,2,6,2,4,1
33216,0,4,1,4,1,15,2,1,4,5,3,1,2,2,1,0,1,1,1,1,2,5,2,4,1
850,0,9,4,4,5,14,15,1,6,1,7,8,2,3,4,0,1,1,1,1,3,3,2,2,1
22052,0,3,3,4,5,22,1,3,10,1,6,1,3,2,1,0,3,2,1,1,2,3,8,2,1
16588,0,5,3,4,5,24,13,2,2,1,8,8,2,3,5,0,1,1,1,1,3,3,2,2,1
33613,0,11,6,4,1,22,7,3,7,2,8,5,2,2,1,0,3,4,1,2,2,6,2,5,1
20717,0,6,6,4,5,19,1,1,2,1,6,1,2,2,1,0,1,2,1,1,2,3,2,2,1
12492,0,7,4,4,1,10,11,1,7,4,7,1,2,2,1,0,1,2,1,1,2,3,2,2,1
3074,1,7,4,4,1,14,13,1,8,4,10,1,2,2,1,0,2,2,1,2,2,5,2,2,1
22230,0,10,7,3,1,13,2,1,7,7,1,7,2,2,1,0,3,1,1,2,2,5,2,4,1
23453,0,8,3,4,5,19,1,1,8,1,4,8,2,2,1,0,3,3,1,3,2,3,2,3,1
5775,1,4,4,4,1,22,13,3,4,3,12,1,2,2,1,0,2,1,1,2,2,4,2,3,1
6331,0,3,1,4,1,4,13,2,4,2,10,1,2,2,1,0,1,3,1,1,2,5,2,2,1
6309,0,3,7,4,1,24,13,2,4,4,9,8,2,2,1,0,2,1,1,2,4,3,2,3,1
21084,0,5,6,4,5,1,1,2,7,1,6,8,2,2,1,0,1,2,1,1,3,3,2,6,1
2864,0,8,2,4,4,19,13,5,2,1,4,8,2,3,5,0,1,3,1,1,3,3,2,3,1
18071,1,6,4,4,1,7,13,1,2,4,8,1,2,2,1,0,2,1,2,3,2,7,2,2,1
270,0,7,6,3,1,17,2,1,7,5,3,1,3,2,1,0,1,2,1,1,2,5,2,2,1
11722,1,6,7,4,5,8,1,1,2,1,6,1,3,2,1,0,1,3,1,1,2,3,2,4,1
26133,0,4,7,2,1,18,13,3,4,4,3,2,3,2,1,0,8,3,1,1,2,3,2,4,1
12925,0,8,1,4,4,11,13,1,11,1,7,8,3,3,5,0,1,3,1,1,3,3,2,3,1
16584,1,3,1,4,1,1,13,2,2,4,8,1,2,2,1,0,2,1,1,2,2,3,2,4,1
5492,1,5,3,4,1,7,13,1,2,2,5,1,2,2,1,0,1,2,1,1,2,7,2,4,1
36177,0,4,6,2,1,8,12,1,2,4,2,1,2,2,1,0,2,3,1,2,2,3,2,2,1
13959,1,4,7,4,1,20,13,2,2,3,10,8,2,2,1,0,1,1,1,1,4,3,2,2,1
837,1,8,6,4,1,20,13,5,2,3,6,1,3,2,1,0,2,1,1,2,2,5,2,5,1
2731,1,3,3,4,1,17,1,1,4,1,8,1,3,2,1,0,2,1,1,2,2,5,2,2,1
22144,0,5,4,3,1,14,13,1,7,4,11,8,2,2,1,0,2,2,1,3,2,3,2,2,1
12478,0,4,1,3,5,18,1,1,2,1,6,1,3,2,1,0,1,3,2,1,2,3,2,2,1
12553,1,3,7,4,1,18,7,1,2,2,6,1,2,2,1,0,1,1,1,1,2,3,2,3,1
12725,1,9,4,3,5,19,1,2,7,1,3,1,3,2,1,0,1,3,1,1,2,5,2,5,1
3855,0,5,5,4,1,23,13,2,7,1,3,8,2,3,4,0,1,3,1,1,3,3,2,2,1
6817,1,5,1,4,1,18,13,5,7,1,10,8,2,3,4,0,1,3,1,1,4,3,2,2,1
13780,1,7,5,4,1,18,13,1,7,4,8,1,3,2,1,0,2,3,1,2,2,3,2,2,1
2226,1,4,2,4,1,20,13,3,4,2,4,1,2,2,1,0,1,1,1,1,2,3,2,4,1
1171,0,8,7,4,1,24,13,2,7,1,6,1,2,2,1,0,1,3,1,1,2,3,2,3,1
22042,1,9,5,4,5,11,1,1,4,1,4,1,3,2,1,0,8,2,1,1,2,3,2,6,1
4711,0,12,6,4,5,12,1,1,10,3,6,8,2,2,1,0,1,1,1,1,3,3,2,2,1
5354,0,7,5,4,1,18,13,3,7,4,1,1,2,2,1,0,2,2,1,3,2,5,2,5,1
16885,0,7,2,3,1,11,21,1,7,5,5,1,2,2,1,0,1,3,2,1,2,3,2,2,1
4748,0,5,6,4,1,16,13,1,8,3,8,8,2,2,1,0,1,1,2,1,3,3,2,2,1
16795,0,6,6,4,5,24,1,2,7,1,9,1,2,2,1,0,1,3,1,1,2,3,2,4,1
23940,0,3,4,4,1,16,22,1,10,5,11,1,2,2,1,0,1,1,1,1,2,5,2,4,1
10869,1,10,1,2,5,13,1,1,7,1,7,8,3,3,3,0,1,3,1,1,3,3,2,4,1
13007,1,5,3,4,1,24,13,3,4,4,7,1,2,2,1,0,2,1,1,4,2,5,2,2,1
30313,1,4,5,2,5,13,1,1,8,1,8,1,2,2,1,0,1,4,1,1,2,3,2,2,1
10836,0,6,6,4,1,20,13,3,2,4,4,1,2,2,1,0,2,1,1,3,2,4,2,4,1
36073,0,6,5,4,1,23,4,3,7,4,8,1,2,2,1,0,2,4,1,3,2,3,2,2,1
9668,0,10,2,4,1,7,4,4,7,4,6,1,2,2,1,0,2,1,1,2,2,3,3,5,1
8905,1,6,3,4,1,16,13,1,7,4,6,1,2,2,1,0,2,3,1,2,2,3,2,2,1
25359,1,4,1,4,1,4,7,3,10,5,6,1,2,3,1,0,1,2,1,1,2,5,2,4,1
5449,1,9,6,4,1,10,13,1,7,4,4,1,2,2,1,0,2,2,2,2,2,3,2,2,1
4715,1,7,4,4,1,19,13,1,4,4,6,1,2,2,1,0,2,1,1,2,2,6,2,2,1
8091,1,8,1,4,1,10,13,1,8,4,11,1,2,2,1,0,8,2,1,1,2,3,2,2,1
642,1,3,4,4,1,19,13,3,8,4,8,1,3,2,1,0,2,2,1,2,2,4,2,5,1
19503,1,8,7,3,1,8,13,1,7,2,9,1,2,2,1,0,1,3,1,1,2,3,2,4,1
6166,1,8,2,4,5,18,1,1,7,1,5,8,2,3,4,0,1,3,2,1,4,3,2,2,1
6684,0,10,2,4,1,16,13,1,7,4,3,1,3,2,1,0,2,3,1,3,2,3,2,2,1
12859,1,6,1,4,1,16,13,1,10,4,10,1,2,2,1,0,8,2,1,1,2,5,2,2,1
4491,1,8,6,2,5,18,1,1,7,1,9,8,2,3,4,0,1,3,1,1,4,3,2,2,1
15194,1,7,7,4,5,13,1,1,7,1,5,1,3,3,2,0,1,3,1,1,2,8,2,4,1
10867,0,9,4,4,5,14,15,1,6,1,7,8,2,3,4,0,1,1,1,1,3,3,2,2,1
17725,0,6,1,4,1,14,12,1,7,4,9,8,2,2,1,0,1,1,2,1,5,3,2,2,1
29878,1,3,1,2,1,23,13,3,10,4,11,8,2,2,1,0,2,3,1,2,2,5,2,2,1
15241,1,4,4,4,1,22,13,3,4,4,8,1,2,2,1,0,2,1,1,2,2,5,2,5,1
18594,0,3,6,4,3,23,13,3,2,1,11,8,2,3,4,0,1,3,1,1,3,3,2,2,1
3649,1,10,5,4,5,18,1,1,8,1,5,7,2,3,8,1,13,3,1,1,2,3,2,3,1
10664,0,3,7,4,5,1,1,3,10,1,9,1,2,3,4,0,1,2,1,1,4,5,2,2,1
27542,0,10,1,4,1,12,7,1,7,2,2,1,2,2,1,0,8,1,1,1,2,3,2,2,1
22697,1,9,3,4,1,16,13,1,10,2,3,1,2,2,1,0,1,2,1,1,2,4,2,6,1
1733,1,10,1,4,1,15,13,1,2,3,7,1,2,2,1,0,1,1,1,1,2,5,2,3,1
6206,0,8,5,3,1,9,13,1,7,2,3,1,2,2,1,0,4,3,1,1,2,3,2,3,1
3205,0,5,7,4,5,11,1,1,8,1,8,8,2,2,1,0,8,1,1,1,3,3,2,2,1
11647,1,8,4,4,1,21,13,3,2,3,5,1,2,2,1,0,2,3,1,3,2,5,2,2,1
29917,1,8,7,4,1,16,13,1,7,1,8,8,2,2,4,0,1,3,1,1,3,3,2,2,1
11553,0,9,5,4,5,22,11,2,7,1,6,8,2,3,5,0,1,1,1,1,3,3,2,2,1
38,0,8,6,4,5,21,13,3,7,1,6,1,2,3,4,0,3,1,1,1,2,3,2,2,1
21059,1,2,4,4,5,22,1,3,10,1,2,8,2,3,4,1,11,2,2,1,5,5,2,4,1
2421,0,9,1,4,1,9,4,1,10,4,9,8,2,2,1,0,2,2,1,2,4,5,2,2,1
10100,1,12,6,4,1,6,10,3,7,4,11,1,2,2,1,0,1,1,1,1,2,3,2,2,1
1003,1,8,1,4,1,15,7,1,7,2,2,5,2,2,1,0,3,1,1,2,2,4,2,3,1
3914,0,6,1,4,1,21,13,2,2,2,8,1,2,2,1,0,1,3,1,1,2,3,2,2,1
16639,1,8,1,3,3,12,13,1,2,1,11,8,2,3,4,0,1,1,1,1,4,3,2,2,1
16034,1,5,7,4,5,13,1,1,7,1,2,8,2,3,3,0,1,1,1,1,3,3,2,3,1
28291,1,4,1,3,5,13,1,1,4,1,4,2,2,2,1,0,1,1,1,1,2,5,2,2,1
13871,0,10,2,4,5,18,1,5,7,1,2,1,3,3,3,0,1,1,1,1,2,3,2,4,1
11241,0,7,7,4,1,16,3,1,4,4,7,1,2,2,1,0,2,1,1,2,2,3,2,3,1
22458,0,5,6,4,1,21,4,2,7,4,7,1,2,2,1,0,8,3,1,1,2,3,2,2,1
30278,1,9,1,4,1,19,13,5,7,4,3,8,2,2,1,0,2,4,1,3,4,4,2,2,1
13056,1,7,4,4,1,14,13,1,7,4,8,1,2,2,1,0,2,1,1,3,2,5,2,2,1
4032,1,10,6,4,1,8,13,1,2,4,6,1,2,2,1,0,2,2,1,2,2,3,2,5,1
28969,1,5,2,4,1,15,13,1,4,4,5,1,2,2,1,0,2,1,1,2,2,3,2,4,3
5854,0,8,1,2,5,22,1,2,7,1,7,8,3,5,1,0,1,3,1,1,4,3,2,2,1
641,0,10,4,4,1,7,21,1,7,4,8,1,2,2,1,0,2,2,2,2,2,3,2,2,1
18014,1,7,7,4,1,16,13,1,4,2,6,1,2,2,1,0,3,1,1,2,2,5,2,4,1
5100,0,8,4,4,1,19,13,3,7,1,12,1,2,2,1,0,1,2,1,1,2,3,2,3,1
376,0,8,4,4,5,12,1,1,7,1,2,8,3,2,1,0,1,1,1,1,4,3,2,2,1
10707,0,7,7,3,1,22,13,3,7,4,10,1,3,2,1,0,2,1,1,2,2,3,2,5,1
9614,0,6,7,4,1,11,13,1,8,4,11,1,2,2,1,0,8,3,1,1,2,5,2,5,1
22217,1,9,2,4,1,14,7,1,10,2,11,5,2,2,1,0,3,3,1,2,2,3,2,3,1
3723,0,5,1,4,5,14,1,1,7,1,7,1,2,2,1,0,1,3,1,1,2,3,2,3,1
35053,1,8,1,2,1,14,13,1,7,4,9,1,2,2,1,0,2,3,1,2,2,5,2,4,1
639,1,10,6,4,1,22,13,3,4,4,3,1,2,2,1,0,2,2,1,2,2,5,2,2,1
7588,0,7,1,4,1,17,13,1,7,4,4,1,2,2,1,0,2,1,1,2,2,3,2,2,1
27563,0,7,7,4,3,19,19,2,7,1,3,1,2,3,4,0,5,2,1,1,2,2,2,7,1
13088,0,9,1,2,1,15,19,1,10,5,10,8,2,2,1,0,8,1,1,1,2,3,2,2,1
6431,0,6,1,4,1,24,7,3,4,2,12,5,2,2,1,0,2,1,1,2,2,4,2,3,1
29987,0,4,7,4,5,16,1,1,4,1,2,8,2,3,4,0,1,4,1,1,4,3,9,2,1
8250,1,6,3,4,1,13,13,1,7,4,9,1,2,2,1,0,2,1,1,3,2,6,2,3,1
4078,1,6,1,4,2,16,13,1,10,1,9,8,2,3,4,0,1,1,1,1,4,3,2,2,1
23422,0,7,1,4,1,1,13,3,7,1,8,1,2,2,1,0,1,1,1,1,2,3,2,3,1
10095,1,5,6,4,1,10,13,1,4,4,10,1,2,2,1,0,1,1,1,1,2,3,2,2,1
3925,1,6,6,4,1,14,7,1,11,2,9,2,2,2,1,0,8,1,1,1,2,3,2,3,1
34995,0,3,6,4,1,20,13,3,2,4,3,1,2,2,1,0,2,4,1,3,2,5,2,3,1
30575,1,8,4,2,1,15,13,1,7,2,6,2,2,2,1,0,1,4,1,1,2,4,2,4,1
15630,1,9,4,4,1,15,13,1,7,4,7,8,2,2,1,0,8,2,1,1,4,3,2,2,1
16409,0,7,6,4,1,22,13,2,10,3,12,1,2,2,1,0,1,1,1,1,2,3,2,4,1
2118,0,8,2,2,1,9,12,1,10,4,3,8,2,2,1,0,2,1,1,2,2,3,2,2,1
2887,0,8,7,4,1,12,13,1,7,4,7,1,2,2,1,0,1,3,1,1,2,3,2,2,1
23980,0,4,7,2,1,17,21,1,10,5,9,7,2,2,1,0,1,1,1,1,2,5,2,4,1
13454,0,10,6,4,1,8,13,1,4,4,9,1,2,2,1,0,4,1,2,1,2,3,2,2,1
18061,1,5,6,4,1,20,13,3,7,4,8,1,2,2,1,0,2,1,1,2,2,5,2,2,1
13527,1,3,6,4,2,5,13,2,2,1,7,1,2,2,1,0,1,3,1,1,2,3,2,2,1
18427,0,10,7,4,1,19,4,5,8,1,9,8,2,3,4,0,1,3,1,1,4,3,2,2,1
3880,1,7,1,4,4,21,13,3,8,1,5,1,3,3,3,0,1,3,1,1,2,3,2,4,1
30818,1,7,4,4,5,17,1,1,4,1,5,1,3,2,1,0,8,1,1,1,2,3,2,2,1
21294,0,8,7,2,1,20,7,3,2,2,8,1,2,2,1,0,1,1,1,1,2,3,2,3,1
6260,1,8,5,4,1,14,13,1,7,2,7,1,2,2,1,0,1,3,1,1,2,3,2,2,1
18365,1,9,7,4,1,19,13,1,7,1,7,1,2,2,1,0,1,3,1,1,2,3,2,2,1
17675,0,2,1,4,5,2,13,2,10,1,11,8,2,2,1,0,1,1,1,1,3,3,2,4,1
16781,1,8,6,4,1,16,13,1,10,4,6,1,2,2,1,0,2,1,1,2,2,5,2,2,1
15123,0,7,3,4,1,21,13,3,4,3,9,1,2,2,1,0,2,1,1,4,2,3,2,2,1
5515,1,4,2,4,1,13,13,1,7,4,6,8,2,2,1,0,2,2,1,2,3,3,2,2,1
14096,1,6,1,4,2,16,13,1,10,1,9,8,2,3,4,0,1,1,1,1,4,3,2,2,1
11610,1,4,4,4,1,14,13,1,10,1,11,1,2,2,1,0,1,1,1,1,2,3,2,2,1
7976,0,10,4,4,1,12,13,1,8,2,6,6,2,2,1,1,11,1,1,1,2,4,2,3,1
29953,0,8,6,3,1,15,13,1,7,2,3,5,2,2,1,0,3,4,1,2,2,6,2,5,1
34729,0,4,3,4,1,14,13,1,2,2,7,1,2,2,1,0,1,1,1,1,2,5,2,4,1
20335,0,4,1,2,5,19,1,5,10,1,6,1,3,2,1,0,1,1,1,1,2,4,2,2,3
23267,1,8,7,4,5,23,1,3,7,1,7,1,2,3,8,1,5,2,1,1,2,2,2,7,1
16583,1,7,6,4,1,23,13,2,2,4,8,1,2,2,1,0,2,1,1,2,2,3,2,3,1
11337,1,9,3,4,5,11,1,1,10,1,10,1,2,3,3,0,1,1,1,1,2,3,2,3,1
31586,1,6,3,4,1,14,13,1,8,4,1,1,2,2,1,0,1,3,1,1,2,4,2,2,1
14621,1,8,3,2,1,17,13,2,10,4,12,1,2,2,1,0,2,1,1,3,2,3,2,2,1
20224,0,3,2,3,1,14,13,1,4,2,5,1,2,2,1,0,1,2,1,1,2,3,2,2,1
1784,0,10,6,4,5,5,18,4,7,5,9,1,2,2,1,0,1,3,1,1,2,3,2,3,1
17185,0,7,5,3,1,22,13,3,3,4,8,2,3,2,1,0,2,1,1,3,2,3,2,2,1
8084,1,7,4,4,1,19,13,3,10,3,10,7,2,2,1,0,2,1,1,3,2,5,2,2,1
19676,1,8,3,4,1,15,13,1,2,4,2,1,2,2,1,0,2,3,1,2,2,3,2,2,1
2861,1,4,1,4,1,18,10,1,7,4,3,4,2,2,1,0,3,3,1,2,2,3,2,2,1
4679,1,6,5,4,5,17,1,1,2,1,5,7,3,3,4,0,1,1,1,1,4,3,2,2,1
33588,1,10,7,4,5,13,1,1,7,1,5,1,2,3,3,0,1,4,2,1,2,3,2,4,1
26686,0,3,4,3,1,19,13,3,4,4,12,1,2,2,1,0,2,2,1,3,2,5,2,2,1
29568,0,6,4,3,1,10,13,1,7,2,2,8,2,2,1,0,2,3,1,2,2,4,2,4,1
13452,1,6,3,4,1,10,13,1,7,4,10,1,2,2,1,0,2,1,1,2,2,3,2,2,1
18661,1,5,6,3,1,21,13,2,2,1,5,1,2,2,1,0,1,1,1,1,2,3,2,2,1
8238,1,6,6,4,1,17,13,1,8,4,9,1,2,2,1,0,2,1,1,2,2,5,2,4,1
9953,0,4,7,4,1,22,13,3,4,4,7,1,2,2,1,0,2,3,1,2,2,3,2,2,1
781,0,3,2,1,1,24,13,3,2,1,12,1,2,2,1,0,1,2,1,1,2,5,2,5,1
12043,1,6,1,4,1,18,13,2,4,2,9,1,2,2,1,0,3,2,1,2,2,5,2,5,1
3826,0,3,7,4,1,17,1,1,10,1,11,1,2,6,1,0,8,3,1,1,1,1,1,1,1
15556,1,11,7,4,1,15,13,1,2,2,7,1,2,2,1,0,2,2,1,3,2,3,2,2,1
26291,0,4,4,3,5,16,1,1,4,1,3,1,2,2,1,0,2,2,1,2,2,3,2,2,1
24813,0,9,1,2,1,5,13,3,7,1,6,8,2,2,1,0,1,1,1,1,4,3,2,2,1
17556,0,6,7,4,1,21,7,3,4,2,5,1,2,2,1,0,1,1,1,1,2,3,2,3,1
31728,0,4,1,2,5,17,1,1,4,1,8,8,3,2,1,0,1,4,1,1,4,3,2,2,1
1252,1,10,6,4,1,10,13,1,7,2,2,7,2,2,1,0,1,3,1,1,2,4,2,3,1
18828,1,6,7,4,1,12,1,1,8,1,9,7,3,2,1,1,12,1,1,1,2,3,2,3,1
175,0,9,1,4,1,21,13,3,10,3,5,8,2,2,1,0,1,3,1,1,3,6,2,5,1
2653,1,4,5,4,1,17,13,2,8,4,11,1,2,2,1,0,2,1,1,2,2,3,2,2,1
21448,0,3,2,4,5,17,1,5,10,1,1,2,2,2,1,0,3,2,1,3,2,3,2,3,1
19401,0,4,6,2,1,17,13,1,4,4,7,1,2,2,1,1,2,1,1,2,2,4,2,3,1
17608,0,9,7,4,1,12,13,1,7,4,4,7,2,2,1,0,8,1,1,1,2,3,2,2,1
17192,1,10,3,4,1,22,13,3,7,4,8,1,2,2,1,0,2,1,1,2,2,5,2,5,1
24733,0,4,7,4,1,17,20,1,8,4,12,1,2,2,1,0,1,1,1,1,2,4,2,4,1
7659,0,7,7,4,1,12,13,1,7,3,11,1,2,2,1,0,3,1,1,2,2,4,2,2,1
4935,0,7,3,4,1,19,13,1,7,4,7,1,2,2,1,0,2,3,1,2,2,3,2,2,1
11389,1,8,7,4,1,24,4,3,2,4,11,8,2,2,1,0,2,3,1,2,2,3,2,3,1
10892,1,5,7,4,5,19,13,1,7,4,8,1,2,2,1,0,1,3,1,1,2,3,2,2,1
27261,0,9,7,2,1,10,3,1,7,6,6,1,2,2,1,0,2,3,1,2,2,4,2,3,1
28382,0,5,5,4,5,13,1,1,10,1,11,1,2,3,3,0,1,1,1,1,2,3,2,4,1
26834,1,8,5,4,1,11,13,1,7,2,5,1,2,2,1,0,2,3,1,2,2,5,2,5,1
29808,0,11,6,3,5,12,1,1,7,1,5,8,3,2,1,0,1,3,1,1,4,3,2,2,1
6859,0,5,1,4,1,18,13,1,7,1,5,1,2,3,4,0,1,3,1,1,2,3,3,2,1
28452,0,4,6,4,1,11,13,1,2,2,5,5,2,2,1,0,3,1,1,3,2,3,2,2,1
7112,1,5,3,4,1,14,13,1,7,1,10,8,3,3,5,0,1,1,1,1,4,3,2,2,1
7611,1,7,5,4,5,19,15,1,7,1,7,8,2,3,4,0,1,2,1,1,4,3,2,2,1
16535,0,10,1,4,1,10,13,1,2,3,5,8,2,2,1,0,1,1,1,1,4,3,2,2,1
18583,0,8,1,4,1,20,13,2,7,3,11,1,2,2,1,0,1,2,1,1,2,3,2,2,1
18781,1,9,7,4,1,16,13,1,2,4,7,1,2,2,1,1,2,3,1,3,2,3,2,2,1
5296,1,12,7,4,1,10,13,1,2,3,6,8,2,2,1,0,1,3,1,1,4,3,2,2,1
22952,0,13,1,2,5,11,1,1,8,1,7,8,2,3,4,0,3,2,1,2,2,3,2,3,1
1738,1,3,7,4,5,15,13,1,10,2,7,8,2,2,1,0,1,3,1,1,2,3,2,2,1
3482,1,8,6,4,1,6,13,2,2,1,5,1,2,2,1,0,1,2,1,1,2,3,2,3,1
31897,0,8,3,4,1,16,13,1,7,2,7,1,2,2,1,0,1,1,1,1,2,3,2,2,1
18273,1,8,7,4,1,14,4,1,7,5,10,1,2,2,1,0,1,1,1,1,2,3,2,2,1
2486,0,6,6,4,1,17,13,1,2,4,9,7,2,2,1,0,8,2,1,1,2,3,2,2,1
16865,0,6,5,4,1,15,13,1,10,2,2,1,2,2,1,0,3,1,1,3,2,3,2,2,1
12233,1,7,6,4,5,18,13,5,7,1,8,8,2,3,6,0,1,3,1,1,3,3,2,2,1
5679,1,5,7,4,1,23,1,3,7,1,9,8,2,2,1,0,1,1,1,1,4,5,2,2,1
12919,1,9,5,4,1,6,13,1,2,1,5,8,3,3,4,1,5,3,1,1,3,2,2,7,1
26768,1,7,6,4,3,21,13,3,7,1,8,1,2,3,4,0,3,3,1,3,2,3,2,3,1
5701,0,8,2,3,3,2,15,3,8,1,10,8,3,3,4,0,3,1,1,2,3,3,2,2,1
34885,1,2,5,4,1,16,13,1,4,4,3,1,3,2,1,0,2,4,1,2,2,8,2,2,1
32816,0,6,5,4,5,24,1,3,4,1,11,1,2,3,4,0,1,1,1,1,2,6,2,4,1