id,Severity,age_classes,day_week,DEFORMED_classes,m_harm_classes,hour,impact1_classes,lgt_cond,make,man_coll,month,p_crash1,pcrash4,pcrash5,rel_road,reljct1,reljct2,rest_use,sex,typ_int,valign,vnum_lan,vsurcond,vtrafway,weather_classes
20396,0,4,5,2,5,16,1,1,7,1,7,8,3,3,8,1,5,2,2,1,2,2,2,7,1
22227,1,10,3,3,1,21,10,3,8,4,1,8,2,2,1,0,1,3,1,1,2,4,3,2,1
17724,1,8,7,4,4,23,13,2,7,1,9,8,2,3,4,0,3,3,1,2,3,3,2,2,1
16108,1,6,4,4,1,22,13,3,4,2,5,1,2,2,1,0,1,1,1,1,2,6,2,4,1
31013,1,3,7,4,1,14,13,1,10,4,8,1,2,2,1,0,2,4,1,3,2,3,2,3,1
23167,0,7,1,2,1,16,1,1,7,5,6,7,2,2,1,0,1,3,1,1,2,3,2,2,1
4561,0,3,7,4,1,20,13,3,10,3,11,7,2,2,1,0,2,3,1,2,2,5,2,2,1
3657,1,7,3,3,3,19,1,1,10,1,5,8,2,2,1,0,2,3,1,3,4,3,2,2,1
18511,0,9,1,4,1,17,13,1,7,3,5,8,2,2,1,0,1,3,1,1,3,3,2,2,1
23954,1,8,6,4,1,6,13,1,7,5,7,8,2,2,1,0,1,1,1,1,4,6,2,4,1
1246,1,4,2,4,1,8,13,1,10,4,8,1,2,2,1,0,2,1,1,2,2,4,2,3,1
14062,1,10,1,4,1,16,12,1,7,4,7,1,2,2,1,0,1,1,1,1,2,3,3,2,1
9517,0,9,5,2,1,21,13,2,7,2,10,1,2,2,1,0,1,3,1,1,2,5,2,2,1
9699,1,8,7,2,4,11,13,1,8,1,4,1,2,3,4,0,1,1,2,1,2,3,2,2,1
8940,0,5,2,4,1,18,13,1,2,3,9,8,2,2,1,0,1,3,1,1,3,3,2,2,1
13998,1,11,3,4,1,14,13,1,7,4,2,1,2,2,1,0,8,1,1,1,2,3,3,5,1
12610,1,7,4,4,5,23,13,3,7,1,6,6,2,3,3,1,13,3,1,1,3,4,2,3,1
23497,1,5,7,4,5,19,1,1,2,1,8,1,2,2,1,0,1,3,1,1,2,4,2,3,1
2734,1,4,5,4,1,19,1,2,8,1,9,7,3,2,1,0,1,1,1,1,2,5,2,5,1
8675,1,5,6,4,1,19,13,3,2,1,5,1,2,3,5,0,1,3,1,1,2,3,3,6,1
25178,0,6,7,4,1,9,12,1,7,5,7,1,2,2,1,0,2,1,1,2,2,4,2,6,1
13907,0,1,5,4,5,23,1,2,10,1,5,1,2,2,1,0,1,1,1,1,2,3,3,2,1
13055,0,6,3,4,1,17,13,1,2,4,8,8,2,2,1,0,2,1,1,4,4,3,2,2,1
4771,0,6,4,4,1,15,13,1,4,4,10,1,2,2,1,0,2,1,1,3,2,3,2,2,1
4217,1,4,6,4,1,1,3,3,7,1,4,8,2,3,4,0,1,3,1,1,4,3,2,2,1
24039,1,5,3,4,1,14,13,1,2,4,8,1,2,2,1,0,2,1,1,3,2,5,2,3,1
28732,0,11,3,3,5,15,1,1,2,1,8,8,2,3,4,0,1,1,1,1,4,3,2,2,1
18761,0,4,3,4,5,21,1,2,4,1,7,1,2,2,1,0,1,3,1,1,2,3,2,2,1
3262,1,9,2,4,5,21,1,2,7,1,8,1,2,3,4,0,1,3,1,1,2,3,2,2,1
7125,1,3,5,4,5,6,15,1,4,1,3,8,2,3,4,0,1,1,1,1,3,3,2,6,1
20858,1,7,1,4,1,17,13,1,8,1,5,8,3,3,5,0,1,3,1,1,3,3,2,2,1
19534,0,3,4,3,1,24,13,3,4,4,10,1,2,2,1,0,2,2,1,2,2,5,2,2,1
33129,1,3,7,4,1,13,13,1,2,2,8,1,2,2,1,0,1,2,1,1,2,3,2,2,1
17544,0,4,1,4,1,21,13,3,4,4,4,1,2,2,1,0,2,1,1,3,2,3,2,2,1
34240,0,5,3,4,1,15,13,1,2,2,6,1,2,2,1,0,1,3,1,1,2,3,2,6,1
6783,1,4,3,4,1,16,13,1,2,4,7,1,2,2,1,0,2,3,1,3,2,3,2,2,1
6507,1,4,6,4,1,7,13,1,10,4,4,1,3,2,1,0,2,1,1,2,2,5,2,5,1
14813,1,8,7,4,1,16,13,1,7,3,2,1,2,2,1,0,1,1,1,1,2,3,2,2,1
8899,1,6,7,4,1,21,4,3,8,4,5,8,2,2,1,0,2,3,1,2,2,3,2,3,1
18992,1,7,4,3,1,22,7,2,11,2,8,1,2,2,1,0,1,3,1,1,2,3,2,2,1
9817,0,3,3,4,1,20,13,5,4,4,5,7,2,2,1,0,2,1,1,2,2,3,2,2,1
21487,0,4,2,4,5,16,1,1,4,1,4,1,3,2,1,0,3,3,1,3,2,4,2,3,1
30437,0,4,4,4,5,8,1,1,10,1,9,4,2,2,1,0,3,3,1,2,2,5,2,2,1
14394,0,4,7,4,1,2,13,3,8,2,5,7,2,2,1,0,1,3,1,1,2,5,2,4,1
5201,1,6,6,4,1,4,1,3,4,1,7,1,2,2,1,0,2,1,1,2,2,6,2,5,1
33916,0,6,5,4,1,20,7,3,10,2,10,5,2,2,1,0,3,4,1,7,2,4,3,3,1
8353,0,5,1,3,1,1,10,3,7,1,7,8,2,3,4,0,1,3,1,1,4,3,2,2,1
16662,1,4,6,4,1,4,8,2,7,1,7,1,2,2,3,0,1,3,1,1,2,3,3,4,1
10338,1,8,6,4,1,20,13,3,7,4,10,1,2,2,1,0,2,3,1,2,2,5,2,2,1
17386,0,4,5,4,1,23,13,3,2,2,6,1,2,2,1,0,1,2,2,1,2,5,2,5,1
8714,0,6,5,4,2,23,13,2,7,1,7,8,2,3,4,0,1,3,1,1,4,3,2,2,1
12414,1,7,7,4,1,21,13,3,7,3,8,7,2,2,1,0,1,3,1,1,2,3,2,2,1
13434,1,3,3,2,1,17,1,1,8,1,8,1,3,2,1,0,2,3,1,3,2,3,2,2,1
15528,1,6,4,4,1,17,13,1,7,4,5,1,2,2,1,1,2,2,1,2,2,4,2,4,1
14891,1,5,5,4,1,13,13,1,7,3,5,8,2,2,1,0,1,3,1,1,3,3,2,2,1
8179,0,12,4,4,1,10,10,1,7,6,7,8,2,2,1,0,1,1,1,1,3,3,2,2,1
23853,0,3,6,2,5,20,1,1,4,1,8,8,3,2,1,1,5,2,1,1,3,2,2,7,1
1714,1,3,5,4,1,12,13,1,10,4,6,1,2,2,1,0,2,3,1,2,2,3,2,2,1
6639,1,8,4,4,1,21,13,3,2,3,5,1,2,2,1,0,2,3,1,3,2,5,2,2,1
34635,0,4,7,4,1,23,13,3,7,1,5,1,2,2,1,0,2,3,1,2,2,6,2,5,1
15733,0,12,3,4,1,7,1,1,8,1,8,8,2,2,1,0,1,2,1,1,3,3,2,2,1
9706,0,12,6,4,1,16,11,1,7,6,4,8,2,2,1,0,1,1,1,1,3,3,2,2,1
18741,1,9,6,4,1,17,13,1,10,4,7,8,3,2,1,0,2,3,1,3,4,3,2,2,1
4020,1,11,7,4,1,8,7,1,2,2,5,7,2,2,1,0,8,1,1,1,2,3,2,5,1
15789,1,6,1,4,1,17,13,3,8,2,12,1,2,2,1,0,1,1,1,1,2,3,2,3,1
12710,1,6,1,4,5,13,1,1,3,1,9,1,3,3,4,0,2,1,1,2,2,5,2,2,1
27670,0,4,6,2,1,16,13,1,7,2,9,1,2,2,1,0,1,1,1,1,2,7,2,4,1
11342,0,11,2,4,1,8,13,1,2,4,9,1,2,2,1,0,2,1,1,3,2,3,2,3,1
4501,1,8,1,3,5,6,1,3,10,1,9,1,2,2,1,0,1,3,1,1,2,3,2,2,1
20617,0,7,5,2,1,24,13,3,10,3,9,8,2,2,1,0,2,3,1,3,2,3,2,2,1
796,0,8,4,4,1,5,13,3,2,3,9,8,2,2,1,0,1,1,1,1,3,3,2,3,1
15801,0,6,4,4,1,18,13,3,7,4,11,1,2,2,1,0,2,2,1,2,2,4,2,3,1
13342,1,5,5,4,1,14,13,1,4,3,6,8,2,2,1,0,1,1,2,1,4,3,2,2,1
31831,0,5,2,4,5,19,1,1,3,1,3,7,2,2,1,0,1,1,1,1,2,5,3,5,1
30165,0,10,1,4,1,13,10,1,1,5,7,1,2,2,1,0,1,4,1,1,2,3,2,4,1
13137,0,9,1,4,1,20,13,5,7,4,4,1,2,2,1,0,4,1,2,1,2,3,2,2,1
11903,0,8,5,4,1,17,13,1,7,3,7,8,2,2,1,0,1,3,2,1,3,3,2,2,1
15188,0,9,6,4,1,13,13,1,7,4,5,1,2,2,1,0,2,3,1,2,2,3,2,2,1
13714,0,8,5,4,1,16,7,1,7,2,6,1,2,2,1,0,1,3,1,1,2,3,2,3,1
6185,0,3,7,4,1,16,13,1,10,4,4,1,2,2,1,0,2,3,1,3,2,3,2,2,1
2993,1,7,4,4,1,7,10,1,7,4,5,1,2,2,1,0,2,1,1,2,2,3,3,4,1
19127,0,8,2,2,1,12,13,1,7,2,1,1,3,2,1,0,2,3,1,2,2,5,2,2,1
787,0,4,7,4,1,2,13,3,10,4,11,1,2,2,1,0,2,2,1,3,2,3,2,3,1
17491,1,10,1,3,3,12,6,1,10,5,6,1,2,2,1,0,1,3,1,1,2,3,2,3,1
13194,0,9,7,4,1,14,13,1,7,2,7,1,2,2,1,0,1,1,1,1,2,5,2,4,1
9025,1,3,2,4,3,1,13,3,4,1,5,8,2,3,4,0,2,1,1,3,4,3,2,3,1
29512,0,5,3,4,5,12,1,1,2,1,7,1,2,3,4,0,1,2,1,1,2,4,2,2,1
16689,0,9,1,4,1,12,13,1,10,4,10,1,2,2,1,0,8,3,1,1,2,3,2,2,1
2534,1,9,1,4,1,16,13,1,2,4,6,1,2,2,1,0,2,1,1,3,2,3,2,3,1
30629,0,2,1,4,5,13,1,1,7,1,7,1,2,2,1,0,1,4,1,1,2,5,2,2,1
9508,1,11,2,2,1,10,10,1,10,4,9,8,2,2,1,0,2,3,1,2,2,5,2,3,1
13522,0,6,3,4,1,20,3,5,4,4,6,1,2,2,1,0,1,2,1,1,2,3,2,2,1
5754,0,3,5,4,1,24,13,3,4,2,11,1,2,2,1,0,1,1,1,1,2,3,2,4,1
12609,1,7,1,4,5,15,15,1,7,1,6,1,2,3,4,0,1,1,1,1,2,3,2,2,1
23171,0,4,4,2,1,8,18,1,2,5,5,1,2,2,1,0,1,2,1,1,2,5,2,4,1
6679,1,3,5,4,1,18,13,3,10,4,2,1,2,2,1,0,2,2,1,7,2,3,2,4,1
2713,1,9,4,3,1,11,13,1,10,4,3,1,2,2,1,0,2,1,1,3,2,4,2,3,1
12386,1,9,4,4,5,18,1,1,7,1,6,1,2,3,4,0,1,2,1,1,2,3,2,2,1
547,0,8,1,3,1,16,2,1,7,4,6,1,2,2,1,0,2,2,1,3,2,5,2,5,1
29776,1,4,2,4,1,22,13,3,4,2,10,1,2,2,1,0,1,1,1,1,2,3,2,3,1
20947,0,7,7,2,1,13,11,1,4,4,4,8,2,2,1,0,2,1,2,3,2,5,2,2,1
20580,1,6,7,3,1,13,13,1,10,2,5,8,2,2,1,0,3,3,1,3,2,4,2,4,1
19909,1,12,7,4,4,13,12,1,10,1,7,8,2,3,4,0,1,1,1,1,3,3,2,2,1
4203,1,4,6,4,1,23,13,3,10,4,4,1,2,2,1,0,2,3,1,2,2,3,2,2,1
6480,1,6,5,4,1,24,15,3,7,1,1,8,2,2,1,0,1,1,1,1,3,3,2,2,1
35223,1,4,4,4,1,16,13,1,3,2,2,1,2,2,1,0,1,1,1,1,2,6,2,4,1
10629,1,4,7,4,1,23,13,3,2,4,8,1,2,2,1,0,2,2,1,3,2,5,2,2,1
20207,0,8,3,2,1,17,13,1,2,4,4,1,2,2,1,0,2,2,1,2,2,4,2,2,1
8712,1,6,6,4,1,22,11,3,8,4,6,8,2,2,1,0,2,3,1,3,2,3,2,2,1
18949,0,4,2,4,1,18,13,1,10,3,8,1,2,2,1,0,2,3,1,4,2,3,2,2,1
16098,0,6,1,4,1,9,13,1,1,2,4,1,2,2,1,0,1,1,1,1,2,4,2,4,1
13179,0,4,6,4,1,3,13,2,7,2,6,1,2,2,1,0,1,1,1,1,2,3,2,3,1
17366,0,5,5,4,1,19,13,1,4,3,5,8,2,2,1,0,1,2,1,1,3,3,2,2,1
14969,0,6,1,4,5,19,1,1,7,1,8,8,2,2,1,0,1,3,1,1,4,3,2,2,1
25175,0,5,7,4,1,9,2,1,7,5,7,1,2,2,1,0,2,1,1,2,2,4,2,6,1
13282,1,7,1,4,1,16,13,1,8,4,8,7,2,2,1,0,2,3,1,2,2,3,2,2,1
11315,1,4,1,4,1,19,13,1,4,4,3,7,2,2,1,0,8,3,1,1,2,3,2,2,1
6790,0,8,7,4,5,17,13,1,7,1,8,8,2,3,4,0,1,3,1,1,4,3,2,2,1
16791,1,8,2,4,1,15,13,1,7,2,8,1,2,2,1,0,1,3,1,1,2,3,2,2,1
13166,0,6,1,4,1,23,13,2,10,2,6,6,2,2,1,0,1,1,1,1,2,3,2,4,1
1610,0,4,7,4,1,19,13,2,2,4,11,1,2,2,1,0,2,1,1,3,2,3,2,2,1
601,0,7,4,4,1,22,13,3,8,4,7,1,2,2,1,0,2,2,1,2,2,4,2,3,1
6838,1,5,5,4,5,8,1,1,2,1,9,1,3,2,1,0,1,3,1,1,2,3,2,2,1
36058,1,6,6,4,5,14,4,1,2,1,7,1,3,2,1,0,1,3,1,1,2,4,2,4,1
13935,1,11,5,4,1,14,13,1,2,2,8,1,2,2,1,0,2,3,1,2,2,3,2,3,1
7560,1,10,4,4,1,17,13,1,1,4,4,8,3,2,1,0,2,1,1,2,3,3,2,2,1
320,1,8,6,4,1,20,13,3,7,4,10,1,2,2,1,0,2,3,1,2,2,5,2,2,1
26161,1,6,2,4,1,18,21,3,1,4,1,5,2,2,1,0,8,1,1,1,2,3,2,3,1
17132,0,10,1,4,3,23,13,2,7,1,10,8,2,3,4,0,1,3,1,1,4,4,2,3,1
36269,0,2,5,4,4,9,13,1,10,1,5,8,2,3,4,0,1,1,1,1,4,3,2,3,1
5005,1,10,6,4,1,18,12,1,7,1,8,1,2,3,4,0,1,3,1,1,2,3,2,2,1
5377,1,5,3,4,1,5,13,2,10,2,2,1,2,2,1,0,1,1,1,1,2,4,2,4,1
22684,0,7,1,2,1,12,13,1,10,4,2,1,2,2,1,0,8,3,1,1,2,4,2,6,1
23452,0,6,2,2,1,19,7,1,2,2,5,5,2,2,1,0,3,2,1,3,2,4,2,3,1
12751,1,4,5,4,1,19,1,2,8,1,9,7,3,2,1,0,1,1,1,1,2,5,2,5,1
13716,1,7,6,2,1,22,13,3,2,4,6,1,3,2,1,0,2,3,1,2,2,3,2,2,1
6066,0,3,7,4,1,22,13,3,8,4,1,1,2,2,1,0,2,3,1,2,2,3,2,2,1
22113,0,9,3,2,1,20,13,1,10,4,7,1,3,2,1,0,2,2,1,2,2,5,2,2,1
30693,1,7,5,4,1,6,7,1,8,2,6,2,2,2,1,0,1,3,1,1,2,4,2,4,1
9867,0,8,7,4,4,18,13,1,6,1,8,8,2,3,5,0,1,1,1,1,4,3,2,2,1
6999,1,7,7,4,1,19,13,3,7,2,1,1,2,2,1,0,3,3,1,3,2,3,2,3,1
3755,1,9,7,4,1,16,13,1,2,4,7,1,2,2,1,1,2,3,1,3,2,3,2,2,1
14858,0,6,1,4,1,17,13,1,10,1,7,1,3,2,1,0,1,1,2,1,2,3,2,2,1
17501,0,7,4,4,1,10,11,1,7,4,7,1,2,2,1,0,1,2,1,1,2,3,2,2,1
25111,0,8,7,3,1,11,7,1,7,2,10,2,2,2,1,0,1,1,1,1,2,5,2,3,1
19224,1,8,5,3,1,6,7,3,2,2,3,7,2,2,1,0,1,2,1,1,2,8,2,5,1
197,1,4,1,4,5,7,1,1,10,1,8,8,2,2,1,0,1,3,1,1,3,3,2,2,1
19810,1,6,7,4,1,13,13,1,7,4,10,1,2,2,1,0,2,1,1,3,2,5,2,4,1
10277,1,3,7,4,1,12,13,1,4,4,11,1,2,2,1,0,3,1,1,2,2,5,2,5,1
7803,1,9,4,4,1,6,13,1,8,3,5,8,2,2,1,0,1,1,1,1,4,3,2,2,1
5151,0,8,7,4,5,16,1,1,7,4,4,1,2,2,1,1,12,3,1,1,2,5,2,4,1
18575,0,10,1,4,5,19,13,5,2,1,9,1,2,2,1,0,1,3,1,1,3,4,2,4,1
32045,1,3,2,4,4,13,21,1,4,1,6,7,3,3,4,0,1,4,1,1,4,3,2,2,1
8229,0,3,7,4,1,19,13,5,2,3,9,3,2,2,1,0,2,1,1,3,2,3,2,2,1
34026,0,11,7,2,4,16,13,1,7,1,4,1,2,3,4,0,1,3,1,1,3,3,2,2,1
12628,0,4,7,4,5,22,1,2,8,1,7,8,2,2,1,0,1,1,1,1,4,3,2,2,1
61,0,7,3,4,4,16,13,1,1,1,8,8,2,3,4,0,1,1,1,1,3,3,2,2,1
10769,1,8,7,4,1,15,13,1,7,4,10,1,3,2,1,0,8,2,1,1,2,3,2,3,1
29446,1,10,6,3,1,12,13,1,7,2,7,1,2,2,1,0,3,4,1,3,2,3,2,2,1
21297,0,8,7,2,4,12,10,1,2,1,8,8,2,3,4,0,1,1,1,1,5,3,2,2,1
3793,0,8,2,4,1,14,8,1,2,1,9,8,3,3,3,0,1,1,1,1,3,3,3,4,1
29325,1,7,1,4,1,14,13,1,7,4,4,1,3,2,1,0,8,4,1,1,2,5,2,5,1
16903,0,7,6,4,1,22,13,1,7,3,7,1,2,2,1,0,3,3,1,3,2,3,2,2,1
34983,0,5,1,2,1,13,2,1,2,4,1,1,2,2,1,0,2,4,1,2,2,3,2,4,1
12655,0,3,1,4,5,1,13,2,2,3,9,1,2,2,1,0,1,1,1,1,2,3,3,4,1
26801,1,4,5,4,1,20,13,3,8,4,1,1,2,2,1,0,2,2,2,2,2,3,2,4,1
6275,1,8,5,3,1,8,7,1,10,2,8,1,2,2,1,0,2,1,2,3,2,3,2,2,1
5853,1,9,6,4,4,19,1,1,7,1,7,8,3,3,4,0,1,3,1,1,4,3,2,2,1
1154,0,6,2,4,5,19,13,1,10,4,5,1,2,2,1,0,8,1,1,1,2,3,2,2,1
13462,0,8,2,4,1,15,13,1,8,1,11,8,2,3,4,0,1,3,1,1,4,3,2,2,1
2637,0,4,2,4,1,11,1,1,8,1,9,8,3,2,1,0,1,1,1,1,3,3,2,2,1
35051,0,7,1,2,1,14,13,1,7,4,9,1,2,2,1,0,2,3,1,2,2,5,2,4,1
1862,0,6,7,4,5,3,1,2,10,1,6,1,2,3,3,0,1,3,1,1,2,5,2,3,1
14832,0,6,5,4,1,16,13,1,7,4,6,1,2,2,1,0,8,1,1,1,2,3,2,2,1
20583,0,4,5,4,5,23,1,3,2,1,5,1,3,2,1,0,2,1,1,2,2,5,2,2,1
1557,1,7,6,4,1,23,13,2,2,4,8,1,2,2,1,0,2,1,1,2,2,3,2,3,1
5370,0,6,7,4,1,18,13,3,7,1,1,8,3,3,7,0,1,2,1,1,4,3,2,2,1
26198,0,6,4,3,1,7,13,1,10,2,2,1,2,2,1,0,2,3,1,2,2,5,2,5,1
29754,0,9,3,4,1,7,13,1,10,1,8,8,2,2,1,0,1,1,1,1,3,3,2,3,1
14868,1,11,6,4,1,13,12,1,2,5,9,1,2,2,1,0,1,1,1,1,2,3,2,4,1
24421,0,8,7,2,5,21,1,2,2,1,9,1,2,2,1,0,1,3,1,1,2,3,3,2,1
33296,0,7,3,4,1,21,13,3,10,2,1,1,2,2,1,0,8,4,1,1,2,4,2,6,1
18141,1,10,2,4,5,21,4,2,8,1,4,8,2,3,4,0,1,1,1,1,4,3,2,2,1
35088,0,4,1,4,5,3,1,3,7,1,8,1,2,2,1,0,2,3,1,2,2,4,2,3,1
3436,0,7,7,4,5,21,13,2,7,1,10,8,2,3,4,0,1,3,1,1,5,3,2,2,1
7722,1,9,4,3,1,11,13,1,10,4,3,1,2,2,1,0,2,1,1,3,2,4,2,3,1
3353,1,7,2,4,5,12,2,1,8,1,8,1,2,3,8,1,12,3,1,1,2,7,2,4,1
29756,0,3,3,2,1,19,13,1,4,4,9,8,2,2,1,0,2,1,1,3,4,3,2,2,1
28584,1,8,1,4,1,11,13,1,7,2,9,1,2,2,1,0,3,3,1,2,2,4,2,3,1
6543,0,7,4,4,5,6,13,1,2,1,6,8,2,3,5,0,1,1,1,1,3,3,2,2,1
19842,1,9,5,4,4,12,13,1,7,1,6,8,2,3,5,0,3,1,1,3,4,3,2,2,1
4761,1,5,1,4,1,12,13,1,3,3,8,8,2,2,1,0,1,1,1,1,4,4,2,2,1
1474,1,10,5,4,1,18,3,3,2,4,1,8,2,2,1,0,2,1,1,2,4,5,2,5,1
14834,1,9,5,4,4,12,13,1,7,1,6,8,2,3,5,0,3,1,1,3,4,3,2,2,1
6322,1,9,1,3,1,9,11,1,4,4,9,1,2,2,1,1,2,3,1,2,2,3,2,5,1
28614,0,4,4,4,5,19,1,3,2,1,11,1,2,3,2,0,5,1,1,1,2,2,2,7,1
12503,0,6,6,4,1,17,13,1,2,4,9,7,2,2,1,0,8,2,1,1,2,3,2,2,1
31717,0,1,5,2,1,17,13,1,8,4,7,1,2,2,1,0,2,3,1,2,2,3,2,2,1
20510,1,10,4,4,1,14,21,1,7,4,2,1,2,2,1,0,2,3,1,2,2,5,2,2,1
6886,0,7,6,4,1,22,13,1,7,3,7,1,2,2,1,0,3,3,1,3,2,3,2,2,1
21620,1,4,4,4,1,16,13,1,2,3,7,1,2,2,1,0,2,2,1,2,2,3,2,4,1
3477,0,10,7,4,5,21,1,2,7,1,4,1,3,2,1,0,1,3,1,1,2,5,2,4,1
3168,1,8,7,3,5,18,1,1,7,1,6,1,3,2,1,0,1,1,1,1,2,5,2,2,1
33341,0,5,7,4,5,12,1,1,8,1,6,1,2,3,4,0,1,3,1,1,2,5,2,4,1
3673,0,7,6,4,1,3,15,2,7,1,6,8,2,3,4,0,1,3,1,1,3,3,2,2,1
2857,1,9,4,4,5,12,1,1,4,1,9,1,2,2,1,0,2,2,1,2,2,3,2,2,1
5925,1,5,7,4,1,21,3,5,8,4,6,8,2,2,1,0,2,3,1,3,2,3,2,2,1
15396,1,4,3,3,1,14,1,1,8,1,2,7,3,2,1,0,1,2,1,1,2,5,2,5,1
10837,1,7,7,2,3,22,15,2,7,1,4,8,2,3,4,0,1,3,1,1,4,2,2,3,1
16568,1,6,1,3,5,17,4,1,2,1,7,8,2,3,4,0,1,1,1,1,3,3,2,2,1
5393,0,10,1,4,5,12,1,1,7,1,2,8,2,3,4,0,1,1,1,1,4,3,2,2,1
12738,0,9,3,3,5,17,12,1,8,1,6,1,2,3,5,0,1,1,1,1,2,3,2,2,1
20762,0,9,1,2,2,13,1,1,7,1,8,8,2,2,1,0,8,2,1,1,2,5,2,2,1
20730,0,6,1,2,4,14,13,1,6,1,7,8,3,3,4,0,1,2,1,1,4,3,2,2,1
12804,1,5,2,4,1,13,13,1,10,4,6,1,2,2,1,0,2,1,1,2,2,4,2,4,1
3179,0,6,7,3,1,14,13,1,7,2,7,1,2,2,1,0,1,1,1,1,2,5,2,4,1
6986,0,5,1,4,1,13,4,1,7,6,8,1,2,2,1,0,1,3,1,1,2,3,3,2,1
36431,1,8,1,4,1,19,13,2,7,1,11,1,2,2,1,0,1,3,1,1,2,3,2,2,1
14878,0,10,7,4,1,15,13,1,8,2,10,1,2,2,1,0,3,1,1,1,2,3,3,2,1
8672,0,3,7,4,1,12,13,1,10,4,3,1,3,2,1,0,8,1,1,1,2,3,2,2,1
30659,1,8,7,4,1,20,13,5,7,4,8,1,2,2,1,0,1,3,1,1,2,3,2,2,1
16773,1,8,5,4,1,6,13,1,7,4,8,1,2,2,1,0,2,3,1,2,2,3,2,2,1
33380,0,10,7,3,5,16,1,1,2,1,7,8,2,2,1,0,2,1,1,2,2,4,2,2,1
16072,0,7,6,4,1,23,7,3,4,2,4,2,2,2,1,0,1,3,1,1,2,4,2,3,1
2911,0,5,7,4,1,19,13,1,2,1,5,8,2,2,1,0,1,3,1,1,3,3,2,2,1
24096,1,6,6,4,4,21,13,3,7,1,6,8,2,3,4,0,1,1,1,1,3,3,2,2,1
14994,0,8,7,4,1,2,13,2,7,3,9,8,2,2,1,0,6,3,1,1,3,3,2,2,1
8085,1,6,3,4,1,16,13,1,4,3,11,8,2,2,1,0,1,1,2,1,4,3,2,2,1
13572,1,9,1,4,1,18,13,5,7,3,11,1,2,2,1,0,8,3,1,1,2,5,2,2,1
16636,0,4,7,4,1,19,13,2,2,4,11,1,2,2,1,0,2,1,1,3,2,3,2,2,1
28851,1,5,6,4,5,18,1,1,2,1,10,8,3,2,1,0,2,1,1,2,2,5,2,3,1
16215,0,9,5,4,1,21,13,3,7,4,6,1,2,2,1,0,2,3,1,2,2,4,3,3,1
88,1,6,5,3,5,22,1,3,4,1,11,3,2,2,1,0,1,1,1,1,2,3,2,2,1
15457,1,8,6,2,1,17,15,1,2,1,4,1,2,3,4,0,1,2,1,1,2,3,2,2,1
10855,0,7,4,4,1,22,21,3,2,4,6,8,2,2,1,0,2,3,1,3,2,3,2,3,1
9963,0,6,7,2,1,16,7,1,2,2,8,7,2,2,1,0,8,3,1,1,2,3,2,2,1
8952,0,10,4,4,5,19,1,2,10,1,10,1,3,2,1,0,1,3,1,1,2,3,2,2,1
13419,1,5,2,4,1,20,13,2,7,2,9,1,2,2,1,1,12,3,1,1,2,3,2,3,1
16945,0,4,7,4,1,16,13,1,3,3,9,8,2,2,1,0,1,1,1,1,3,3,2,2,1
2803,1,4,7,4,1,15,13,1,4,2,6,1,3,2,1,0,1,2,1,1,2,5,2,4,1
20746,0,5,5,2,1,6,13,1,7,1,7,1,2,2,1,0,1,1,1,1,2,3,2,2,1
15220,0,9,6,4,1,8,13,1,2,4,8,1,3,2,1,0,8,1,1,1,2,3,2,2,1
6378,1,8,6,3,5,22,1,2,3,1,10,7,2,2,1,0,1,1,1,1,2,3,3,5,1
15150,0,10,7,3,1,10,7,1,7,2,3,2,2,2,1,0,1,3,1,1,2,3,2,3,1
11091,1,9,7,4,1,24,13,3,7,2,1,1,2,2,1,0,2,3,1,3,2,5,2,3,1
34155,1,7,7,3,1,13,13,1,7,2,7,2,2,2,1,0,1,4,2,1,2,3,2,4,1
34735,0,4,6,4,1,8,21,1,7,5,8,1,2,2,1,0,1,1,1,1,2,5,2,4,1
4466,1,3,7,2,1,9,10,1,7,4,9,3,2,2,1,0,2,3,1,3,2,5,2,3,1
5817,0,2,6,4,5,2,1,2,10,1,1,2,3,2,1,0,1,3,1,1,2,3,2,2,1
22243,1,8,3,3,5,14,1,1,2,1,2,1,2,3,2,0,1,1,1,1,2,3,2,2,1
17928,1,9,5,4,1,6,13,1,2,1,5,8,3,3,4,1,5,3,1,1,3,2,2,7,1
600,0,6,3,4,1,22,13,3,7,3,8,1,2,2,1,0,1,2,1,1,2,4,2,4,1
19062,1,10,2,4,1,11,2,1,2,4,7,8,2,2,1,0,2,1,1,3,2,3,2,2,1
23140,1,8,5,2,1,8,13,1,7,2,4,5,2,2,1,0,1,2,1,1,2,7,2,4,1
28035,0,3,2,2,1,17,18,1,8,4,5,8,2,2,1,0,2,2,1,2,2,3,2,2,1
34381,1,6,1,2,5,10,1,1,7,1,1,8,2,2,1,1,14,4,1,1,3,2,2,7,1
6139,1,4,5,4,1,11,13,1,8,4,5,1,2,2,1,0,2,3,1,2,2,3,2,3,1
13986,1,9,6,4,5,17,13,1,7,2,8,1,3,2,1,0,2,3,1,3,2,3,2,2,1
34511,0,7,6,4,5,17,1,1,7,1,10,4,2,2,1,0,1,4,2,1,2,4,2,4,1
371,0,11,7,2,4,20,13,2,7,1,2,8,2,3,4,0,1,2,1,1,4,3,2,2,1
16184,1,8,2,4,5,18,1,1,7,1,5,8,2,3,4,0,1,3,2,1,4,3,2,2,1