id,Severity,age_classes,day_week,DEFORMED_classes,m_harm_classes,hour,impact1_classes,lgt_cond,make,man_coll,month,p_crash1,pcrash4,pcrash5,rel_road,reljct1,reljct2,rest_use,sex,typ_int,valign,vnum_lan,vsurcond,vtrafway,weather_classes
26235,1,10,2,2,1,18,13,1,7,2,4,1,3,2,1,0,3,3,1,2,2,3,2,2,1
8499,0,7,7,4,5,15,1,1,10,1,6,8,2,3,4,0,1,3,2,1,3,3,2,2,1
10177,1,8,1,4,5,18,13,1,7,2,5,7,2,3,2,0,1,1,1,1,2,3,2,2,1
9081,1,10,6,4,1,15,13,1,4,4,8,1,2,2,1,0,3,1,1,1,2,3,2,2,1
28072,0,4,6,2,5,16,13,1,4,1,12,1,2,2,1,0,8,2,1,1,2,3,2,2,2
18320,0,5,5,4,3,2,4,3,10,1,5,8,3,3,5,0,1,3,1,1,5,3,2,2,1
17430,0,7,7,4,1,3,2,2,4,1,8,8,2,3,4,0,1,2,1,1,4,3,2,2,1
19809,1,7,1,4,1,19,12,1,7,1,10,1,2,2,1,0,1,1,1,1,2,5,2,2,1
32649,0,8,3,2,1,15,13,1,7,2,6,1,2,2,1,0,14,4,1,1,2,2,2,7,1
14763,0,8,2,4,5,10,1,1,7,1,6,8,2,3,4,0,1,1,1,1,4,3,2,2,1
29426,0,7,1,2,1,14,13,1,8,4,6,1,2,2,1,0,5,4,2,1,2,3,2,2,1
7834,0,5,3,4,5,1,1,3,7,1,8,8,2,2,1,0,1,2,1,1,3,3,2,2,1
10677,0,4,1,4,1,14,13,1,8,4,10,1,2,2,1,0,8,2,1,1,2,3,2,3,1
2879,0,6,7,4,1,13,13,1,7,2,8,1,2,2,1,0,1,3,2,1,2,5,2,3,1
20856,0,3,5,4,1,15,13,1,8,2,5,1,2,2,1,0,2,1,1,3,2,3,2,2,1
8580,1,10,4,3,5,22,1,3,7,1,2,8,3,2,1,0,2,1,1,3,3,6,2,2,1
15339,0,6,2,4,1,14,4,1,4,1,9,1,2,2,1,0,1,2,1,1,2,3,2,2,1
5803,0,4,2,4,1,1,13,3,10,4,11,1,2,2,1,0,2,2,1,2,2,5,2,2,1
7023,1,3,3,4,5,14,13,1,4,1,8,1,2,3,4,0,1,3,1,1,2,3,2,2,1
6195,1,9,1,4,5,10,13,1,6,2,6,1,2,2,1,0,1,1,1,1,2,3,2,3,1
17424,1,5,7,4,1,21,13,3,7,3,8,1,2,2,1,0,1,2,1,1,2,3,2,2,1
36090,0,8,1,4,1,4,10,3,2,5,8,1,2,2,1,0,1,4,1,1,2,5,2,4,1
12231,1,6,1,4,5,12,4,1,3,1,8,1,2,2,1,0,1,3,1,1,2,3,2,2,1
15671,1,9,7,4,1,16,18,1,7,5,9,1,2,2,1,0,8,3,1,1,2,3,2,3,1
28425,1,6,2,4,1,15,18,1,10,5,4,7,2,2,1,0,1,2,1,1,2,5,2,3,1
1190,1,4,5,4,1,2,13,3,4,2,4,1,2,2,1,0,1,3,1,1,2,3,2,2,1
17602,0,6,5,4,1,17,1,1,7,1,3,8,3,2,1,1,5,1,1,1,3,3,2,7,1
18860,1,7,5,4,3,18,4,1,8,1,7,8,3,3,4,0,2,2,1,4,4,3,2,2,1
7351,1,4,6,4,1,2,13,2,4,2,5,8,2,2,1,0,3,2,1,1,2,3,2,2,1
2392,1,11,2,4,5,13,1,1,7,1,8,1,2,2,1,0,8,2,1,1,2,3,2,2,1
28617,1,5,7,4,3,2,15,3,2,1,12,1,2,3,3,0,3,2,1,3,2,5,2,4,1
15184,1,10,6,4,1,16,22,1,7,4,4,1,3,2,1,0,1,1,1,1,2,3,2,3,1
34552,0,9,6,2,5,15,1,1,2,1,7,1,2,2,1,0,2,4,1,2,2,3,2,2,1
22573,0,5,7,4,5,23,1,2,7,1,2,1,3,2,1,0,1,3,1,1,2,3,2,2,1
35047,0,3,5,4,1,19,20,1,10,4,9,1,2,2,1,0,2,3,1,3,2,4,2,3,1
24208,0,3,5,4,1,18,12,5,4,6,9,1,2,2,1,0,1,1,1,1,2,3,2,2,1
12566,0,10,7,4,4,17,13,1,10,1,7,1,2,3,6,1,2,3,1,3,2,3,2,2,1
15810,0,4,4,4,1,23,1,3,6,1,12,1,3,2,1,0,2,2,1,2,2,5,2,2,1
20485,0,4,1,4,1,17,13,1,7,4,8,1,2,2,1,0,2,2,1,3,2,3,2,2,1
5158,0,4,5,4,1,8,1,1,8,1,4,8,2,2,1,0,2,1,1,2,2,5,2,2,1
10415,0,6,7,4,1,2,7,2,2,2,3,1,2,2,1,0,1,2,1,1,2,3,2,4,1
20802,1,8,2,2,5,11,1,1,2,1,10,1,2,2,1,0,1,1,1,1,2,3,2,2,1
20476,1,3,7,2,1,22,13,3,4,2,7,1,2,2,1,0,1,1,1,1,2,6,2,2,1
6485,1,6,7,3,1,19,13,2,2,4,1,1,2,2,1,0,2,1,1,2,2,3,2,3,1
18876,1,11,2,4,1,9,13,1,7,4,2,1,2,2,1,0,2,1,1,2,2,3,2,3,1
18383,0,4,4,1,1,21,8,2,10,1,8,1,2,2,1,0,1,3,1,1,2,3,2,2,1
6551,1,6,1,3,5,17,4,1,2,1,7,8,2,3,4,0,1,1,1,1,3,3,2,2,1
8273,1,5,2,4,1,18,13,1,8,3,8,1,2,2,1,0,8,1,1,1,2,3,2,2,1
516,0,4,6,4,1,4,13,3,2,2,4,1,2,2,1,0,3,2,1,2,2,5,2,3,1
3336,1,7,6,4,1,18,13,1,2,4,6,1,2,2,1,0,2,3,1,2,2,5,2,2,1
23181,0,7,3,4,1,18,19,1,2,5,7,7,2,2,1,0,1,1,1,1,2,6,2,4,1
1698,0,6,7,4,1,16,13,1,2,4,5,1,2,2,1,0,2,3,1,3,2,5,3,2,1
16498,1,7,7,4,1,16,1,1,4,1,1,8,3,2,1,0,2,1,1,3,3,5,2,2,1
12891,1,3,5,4,1,1,13,2,7,2,8,1,2,2,1,0,1,3,1,1,2,3,2,2,1
18011,1,4,5,4,1,14,13,1,2,4,7,1,2,2,1,0,2,1,1,4,2,5,2,5,1
1178,0,7,2,4,1,24,13,2,7,3,6,7,2,2,1,0,1,3,1,1,2,3,2,2,1
23781,0,4,5,2,1,15,21,1,2,5,3,8,2,2,1,0,8,2,1,1,2,3,2,3,1
33126,1,7,6,4,4,7,13,4,4,1,8,8,2,3,4,0,1,1,1,1,3,3,2,2,1
18057,0,5,5,4,1,17,19,1,4,5,8,1,2,2,1,0,2,1,1,3,2,4,2,5,1
20330,0,8,3,3,1,18,13,1,11,4,10,1,2,2,1,0,8,3,1,1,2,5,2,2,1
31858,0,11,2,2,1,2,12,1,4,6,3,5,2,2,1,0,2,3,1,3,2,3,2,2,1
17128,0,7,7,3,5,22,1,2,7,1,10,1,3,3,4,0,1,3,1,1,2,3,2,2,1
9956,1,10,2,2,5,12,1,1,7,1,8,1,2,2,1,0,3,3,1,3,2,3,2,2,1
15296,0,3,4,4,1,18,13,6,2,3,3,1,2,2,1,0,1,1,1,1,2,3,2,2,1
31269,1,3,2,3,1,12,13,1,10,4,6,8,2,2,1,0,2,4,1,3,2,3,2,2,1
27660,0,11,7,2,5,13,1,1,4,1,9,1,2,2,1,0,1,2,1,1,2,5,2,2,1
7086,0,7,7,2,1,2,21,3,4,1,7,8,2,3,4,0,1,3,1,1,4,3,2,2,1
4742,1,8,2,4,1,17,13,1,7,4,8,1,2,2,1,0,2,1,1,2,2,5,3,2,1
12634,1,8,4,4,5,20,1,1,7,1,7,7,2,3,3,0,1,1,1,1,3,3,2,4,1
13310,1,7,2,3,5,12,1,1,7,1,5,6,3,2,1,1,5,3,1,1,2,2,2,7,1
968,1,6,7,4,1,19,13,2,2,3,1,1,2,2,1,0,2,3,1,2,2,3,2,2,1
1237,1,4,1,4,1,12,13,1,4,4,6,1,2,2,1,0,2,1,1,2,2,4,2,3,1
25581,0,3,1,4,1,3,18,2,4,5,11,1,2,2,1,0,2,3,1,3,2,3,2,2,1
323,0,4,2,4,5,19,1,6,2,1,10,8,2,3,4,0,2,3,1,3,3,5,2,3,1
9027,1,5,7,4,1,13,7,1,7,2,5,2,2,2,1,0,1,1,1,1,2,3,2,4,1
15667,0,4,7,4,1,2,13,3,2,3,3,1,2,2,1,1,2,2,1,3,2,3,2,4,1
394,1,6,3,4,1,23,15,2,8,1,3,1,2,3,4,0,1,2,1,1,4,3,2,2,1
11073,0,7,6,4,1,15,13,1,10,4,1,1,2,2,1,0,4,1,1,1,2,3,3,4,1
32368,0,9,5,4,1,19,2,3,7,1,9,1,2,2,1,0,1,4,1,1,2,3,2,2,1
27864,0,5,5,4,5,16,1,1,2,1,9,7,3,2,1,0,1,2,1,1,2,4,2,4,1
29742,0,7,1,4,4,15,21,1,7,1,6,8,2,3,4,0,3,1,2,3,2,3,2,2,1
29210,0,5,2,4,1,13,22,1,7,7,5,1,2,2,1,0,1,4,1,1,2,3,2,2,1
18964,1,8,6,4,1,22,7,3,2,2,8,2,2,2,1,0,1,3,1,1,2,3,2,2,1
8136,0,4,6,4,1,21,4,2,8,3,5,1,2,2,1,0,1,1,1,1,2,3,2,2,1
15542,0,3,5,4,1,19,13,1,10,3,6,8,2,2,1,0,1,2,1,1,3,3,2,2,1
33578,1,8,7,4,5,11,1,1,7,1,4,8,2,3,4,1,5,4,2,1,4,2,2,7,1
2036,0,3,2,4,1,18,13,2,2,3,2,1,2,2,1,0,1,3,1,1,2,3,2,2,1
1553,0,6,4,4,1,6,13,4,10,2,8,1,2,2,1,0,1,1,1,1,2,5,2,4,1
28410,1,8,1,4,5,14,1,1,2,1,3,8,3,3,4,0,1,1,1,1,4,3,2,2,1
6744,0,4,1,4,5,3,1,3,7,1,7,8,3,3,4,0,1,3,1,1,3,3,2,5,1
6299,1,8,6,4,1,24,13,3,7,2,9,1,3,2,1,0,2,3,1,2,2,3,2,3,1
14780,1,3,7,4,5,24,1,2,2,1,9,1,2,3,4,0,1,1,1,1,2,5,2,3,1
16058,0,3,1,4,1,14,13,1,10,3,4,8,2,2,1,0,1,1,1,1,3,3,2,2,1
9640,0,3,2,2,1,17,13,1,2,2,6,7,3,2,1,0,1,3,1,1,2,3,2,2,1
18105,1,7,4,4,1,11,8,1,8,1,11,1,2,2,1,0,1,2,1,1,2,3,2,2,1
13186,1,6,4,4,1,14,13,1,1,4,7,1,2,2,1,0,4,1,2,1,2,3,2,2,1
390,1,3,7,4,1,21,13,3,4,4,1,1,2,2,1,0,2,2,1,3,2,5,2,5,1
6439,0,4,3,4,1,23,13,3,2,2,12,1,2,2,1,0,3,1,1,4,2,3,2,4,1
3935,1,12,7,2,5,10,1,1,8,1,9,1,2,2,1,0,1,3,1,1,2,3,2,3,1
2599,1,6,5,4,1,23,13,3,8,4,6,1,2,2,1,0,2,1,1,2,2,3,2,2,1
10028,1,9,1,4,1,17,12,1,7,6,3,8,2,2,1,0,1,1,1,1,3,3,2,2,1
25112,0,8,7,3,1,11,7,1,7,2,10,2,2,2,1,0,1,1,1,1,2,5,2,3,1
29728,0,12,7,2,1,9,13,1,7,1,7,8,2,2,1,0,1,4,1,1,3,3,2,2,1
1935,1,11,4,4,5,18,1,1,2,1,10,8,2,2,1,0,3,3,1,4,3,3,2,2,1
30917,0,5,2,2,1,16,4,1,7,4,8,1,2,2,1,0,8,3,1,1,2,3,2,4,1
31696,0,4,3,4,5,8,1,1,8,1,7,1,2,2,1,0,1,4,1,1,2,4,2,4,1
20182,0,5,5,1,1,16,13,1,2,4,6,1,2,2,1,0,2,2,1,2,2,3,2,4,1
23052,0,5,4,4,1,13,13,1,2,2,2,1,2,2,1,0,1,2,1,1,2,3,2,3,1
27564,0,3,2,2,5,15,1,1,2,1,3,2,3,3,3,0,1,2,1,1,2,3,2,4,1
3115,1,10,2,4,5,21,4,2,8,1,4,8,2,3,4,0,1,1,1,1,4,3,2,2,1
3410,1,5,7,4,1,14,4,1,10,5,9,1,2,2,1,0,1,1,1,1,2,5,2,2,1
3388,1,12,2,4,5,7,4,1,2,1,8,8,2,3,4,0,1,3,1,1,4,3,2,2,1
19742,1,4,3,4,1,18,13,1,2,4,6,1,2,2,1,0,8,1,1,1,2,3,2,2,1
3579,0,7,7,3,1,14,13,1,7,1,5,8,2,3,8,0,1,1,1,1,3,2,3,6,3
3009,0,6,6,4,1,19,13,1,10,4,7,1,2,2,1,0,2,1,1,3,2,3,2,2,1
2718,1,8,4,4,1,18,13,1,8,2,5,7,2,2,1,0,1,1,1,1,2,3,2,2,1
21684,0,8,2,4,5,16,1,1,11,1,5,1,3,2,1,0,1,3,1,1,2,5,2,4,1
8450,1,7,4,4,5,16,10,1,2,1,11,8,3,3,4,0,1,3,1,1,5,3,2,2,1
28473,1,9,1,3,3,10,13,1,2,1,4,8,2,3,4,0,3,3,2,2,3,3,2,4,1
29960,0,7,1,4,1,21,21,3,7,4,5,8,2,3,1,0,3,3,1,2,2,5,2,2,1
10878,1,9,2,4,5,16,12,1,7,1,8,8,2,3,4,0,1,3,1,1,3,3,2,2,1
230,1,4,7,4,1,12,15,1,2,1,9,2,3,2,1,0,1,3,1,1,2,5,2,4,1
638,0,5,5,4,5,13,15,1,4,1,8,8,2,3,4,0,1,2,1,1,4,3,2,2,1
11824,1,10,2,4,1,11,13,1,2,4,8,1,2,2,1,0,2,1,1,2,2,3,2,2,1
12727,0,3,7,4,5,19,1,3,2,1,3,1,2,2,1,0,2,1,1,2,2,4,2,3,1
33114,1,7,1,4,1,18,13,1,7,2,7,1,2,2,1,0,1,1,1,1,2,4,2,4,1
10630,1,4,1,4,1,21,13,3,4,1,8,1,2,3,5,0,1,2,1,1,2,5,2,5,1
630,1,10,3,1,5,14,1,1,10,1,9,8,2,2,1,0,1,3,1,1,2,3,2,2,1
20232,0,11,7,3,1,21,10,1,2,4,6,1,2,2,1,0,8,1,1,1,2,3,2,2,1
24868,0,3,3,2,1,14,18,1,10,5,9,1,2,2,1,0,8,2,1,1,2,3,2,2,1
30354,1,6,3,3,1,16,18,1,10,6,6,1,2,2,1,0,1,3,1,1,2,3,2,2,1
9660,0,5,4,4,4,17,13,1,10,1,6,8,2,3,6,0,1,1,1,1,4,3,2,2,1
15046,0,4,1,4,5,23,1,3,4,1,4,8,2,3,4,0,1,3,1,1,4,3,2,2,1
21422,0,4,4,4,1,8,13,1,4,4,8,1,2,2,1,0,8,2,1,1,2,5,2,2,1
2994,0,3,2,4,1,1,13,3,2,1,6,8,2,3,4,0,3,1,1,4,4,3,3,2,1
8524,1,5,5,4,1,18,13,1,7,4,7,1,2,2,1,0,2,3,1,3,2,5,2,2,1
19961,0,7,3,4,1,19,13,1,7,4,7,1,2,2,1,0,2,3,1,2,2,3,2,2,1
2110,0,3,3,4,1,17,13,3,8,1,11,1,2,2,1,0,3,1,1,3,2,3,3,2,1
29796,1,3,7,4,1,10,13,1,2,2,4,1,2,2,1,0,1,1,1,1,2,3,3,2,1
10250,0,3,1,4,1,15,1,1,4,1,9,1,3,2,1,0,8,1,1,1,2,3,2,3,1
8358,1,11,6,4,5,19,13,1,8,1,5,1,2,3,4,0,1,1,1,1,2,3,2,2,1
8329,1,7,4,4,1,19,13,1,7,3,5,1,2,2,1,0,2,3,1,2,2,5,2,2,1
24173,0,3,7,4,5,21,1,3,2,1,5,1,2,2,1,0,1,1,1,1,2,4,2,2,1
14850,0,8,6,4,5,23,1,2,7,1,8,1,2,3,5,1,5,1,1,1,2,2,2,7,1
1684,1,2,6,4,1,17,13,1,4,4,5,1,2,2,1,0,2,2,1,2,2,3,2,2,1
6745,1,3,7,4,5,15,7,1,2,2,7,8,2,2,1,0,1,3,1,1,2,3,2,2,1
23548,0,11,1,4,5,12,1,1,7,1,6,1,2,2,1,0,1,3,1,1,2,3,2,4,1
17824,0,8,7,4,1,14,10,1,7,6,5,8,2,2,1,0,1,1,1,1,4,3,3,2,1
22321,0,4,7,3,1,18,22,1,2,4,5,8,2,2,1,0,3,1,1,3,2,5,2,2,1
11407,0,8,1,4,1,17,13,2,7,4,11,7,2,2,1,0,2,3,1,3,2,3,2,2,1
18305,0,8,1,4,5,18,13,1,7,1,4,8,2,3,4,0,1,1,1,1,5,3,2,2,1
3594,0,7,6,3,5,12,1,1,7,1,6,1,2,2,1,0,1,1,1,1,2,3,2,4,1
24169,1,6,1,4,5,12,1,1,10,1,5,1,3,2,1,0,1,2,1,1,2,5,2,5,1
7171,0,3,2,2,1,19,13,1,4,1,7,1,2,2,1,0,1,1,1,1,2,3,2,2,1
17944,1,9,2,4,1,18,13,1,7,3,5,1,2,2,1,0,1,1,1,1,2,3,2,2,1
29408,0,5,4,4,1,20,13,3,2,3,10,3,2,2,1,0,1,3,1,1,2,3,2,2,3
8174,1,10,1,4,1,13,13,1,7,2,4,1,2,2,1,0,1,1,1,1,2,3,2,2,1
22583,0,5,2,2,1,18,7,1,10,2,4,2,2,2,1,0,3,3,1,2,2,5,2,2,1
8645,0,8,1,4,5,12,11,1,7,1,5,8,2,3,4,0,1,3,1,1,3,3,2,2,1
11232,0,2,1,4,1,3,13,3,2,4,7,1,2,2,1,0,2,1,1,2,2,4,2,3,1
2138,1,8,7,2,5,21,1,2,7,1,5,8,3,3,4,0,1,1,1,1,3,3,2,2,1
5960,0,6,3,4,1,21,13,2,8,4,7,3,2,2,1,0,2,1,1,2,2,5,2,3,1
805,0,8,7,4,1,14,21,1,2,5,10,1,2,2,1,0,1,2,1,1,2,4,2,3,1
5065,0,5,1,4,4,16,13,1,10,1,7,1,2,3,4,0,1,3,1,1,2,3,2,2,1
29679,0,9,3,4,1,12,18,1,3,5,1,7,2,2,1,1,2,4,1,4,3,5,2,4,1
599,1,8,3,4,5,14,15,1,7,1,8,8,2,3,4,0,1,2,1,1,4,5,2,4,1
18726,0,9,1,4,1,15,11,1,7,6,6,8,2,2,1,0,3,3,1,4,3,3,2,2,1
16433,1,4,5,4,4,23,10,3,2,1,11,8,2,3,3,0,1,1,1,1,3,5,2,4,1
20808,0,4,2,4,1,18,13,3,10,1,11,1,2,2,1,0,1,2,1,1,2,5,2,2,1
31984,0,2,4,3,3,12,13,1,7,1,12,8,2,3,4,0,1,1,1,1,4,3,2,2,1
20680,0,4,1,2,1,14,7,1,4,2,4,2,2,2,1,0,1,2,1,1,2,3,2,3,1
5023,1,7,6,4,1,2,13,3,4,2,3,1,2,2,1,0,1,1,1,1,2,3,2,3,1
5032,1,4,3,4,5,21,1,3,10,1,4,8,2,2,1,0,1,1,1,1,4,3,2,2,1
8783,0,4,3,4,1,17,12,1,4,6,8,1,3,2,1,0,1,1,1,1,2,3,2,2,1
19023,1,12,6,4,1,12,13,1,2,2,4,1,2,2,1,0,1,1,1,1,2,3,2,4,1
15629,1,7,6,4,1,17,13,1,10,4,7,1,2,2,1,0,1,2,1,1,2,5,2,5,1
12811,1,9,4,4,1,6,13,1,8,3,5,8,2,2,1,0,1,1,1,1,4,3,2,2,1
34707,0,11,3,4,1,15,13,1,7,2,5,1,2,2,1,0,1,4,1,1,2,5,2,4,1
23329,0,3,3,3,2,21,1,2,8,1,5,1,2,2,1,0,1,2,1,1,2,3,2,4,1
4103,0,5,2,4,1,6,11,4,4,1,1,1,2,3,3,0,1,3,1,1,2,3,3,4,1
23304,0,8,3,4,1,17,13,1,10,4,5,1,2,2,1,0,8,2,1,1,2,3,2,2,1
23834,0,4,7,4,1,20,13,1,4,2,7,1,2,2,1,0,1,2,1,1,2,3,2,6,1
6654,1,7,1,4,3,16,13,5,7,1,10,1,2,3,4,0,1,3,1,1,2,3,2,2,1
17321,0,7,1,4,1,1,18,2,4,5,6,1,2,2,1,0,1,1,1,1,2,4,2,4,1
8744,0,4,3,4,5,21,1,2,4,1,7,1,2,2,1,0,1,3,1,1,2,3,2,2,1
15163,1,5,5,4,1,18,13,5,4,4,3,1,3,2,1,0,2,3,2,2,2,5,2,5,1
3007,0,6,7,4,1,19,13,1,8,3,7,8,2,2,1,0,2,1,1,3,5,4,2,4,1
22018,0,6,5,4,1,20,13,2,2,2,10,1,2,2,1,0,3,1,2,2,2,3,2,3,1
36531,0,3,6,4,1,23,2,3,4,4,4,1,2,2,1,0,2,4,1,2,2,3,2,2,3
6894,0,7,3,4,1,23,13,2,2,2,7,1,2,2,1,0,1,3,1,1,2,3,2,2,1
35132,0,7,4,2,5,8,1,1,3,1,6,1,3,2,1,0,3,4,1,3,2,3,2,3,1
3934,1,8,1,4,1,19,13,1,7,1,9,8,3,3,4,0,1,3,1,1,4,3,2,2,1
5215,1,3,7,4,1,4,1,3,10,1,9,1,2,2,1,1,2,3,1,3,2,4,2,3,1
33292,0,7,5,4,5,20,1,2,10,1,12,1,2,2,1,0,1,3,1,1,2,5,3,2,1
4734,1,8,7,4,1,19,13,1,7,4,7,1,3,2,1,0,2,1,1,2,2,6,2,3,1
32099,1,6,2,4,1,15,10,1,4,4,7,4,2,2,1,0,2,4,1,2,2,2,2,3,3
4043,1,6,4,4,1,17,13,1,2,2,7,7,2,2,1,0,1,3,1,1,2,3,2,5,1
24492,0,3,6,2,5,14,1,1,10,1,6,1,2,3,4,0,8,3,1,1,2,3,2,2,1
8623,1,12,7,4,1,12,13,1,7,2,3,1,3,2,1,0,8,1,1,1,2,3,2,2,1
22647,0,4,3,2,1,18,23,1,4,5,11,1,2,2,1,0,2,2,1,2,2,5,2,2,1
19848,0,6,7,4,1,17,13,1,10,3,6,1,2,2,1,0,2,1,1,3,2,3,2,5,1
14715,1,10,1,4,1,12,13,1,7,3,4,8,2,2,1,0,1,1,1,1,3,3,2,2,1
4973,0,10,2,3,5,11,1,1,7,1,8,1,2,2,1,0,2,3,1,2,2,3,2,2,1
15849,0,5,1,4,5,18,1,1,10,1,5,1,3,3,8,1,5,3,1,1,2,2,2,7,1
16939,1,4,6,4,1,2,7,2,4,2,9,1,2,2,1,0,1,3,1,1,2,3,2,4,1
10092,1,12,5,4,4,12,13,1,7,1,9,8,2,3,4,0,1,1,1,1,4,3,2,3,1
9791,1,7,1,4,1,19,12,1,7,1,10,1,2,2,1,0,1,1,1,1,2,5,2,2,1
32491,1,10,4,2,5,10,1,1,7,1,7,1,3,2,1,0,3,4,1,2,2,3,2,2,3
20922,1,11,7,4,1,13,13,1,8,4,10,1,2,2,1,0,8,1,1,1,2,3,2,3,1
27131,0,3,4,3,1,17,13,1,6,2,6,1,2,2,1,0,1,2,1,1,2,3,2,3,1
19429,0,4,1,4,1,2,13,3,4,1,8,8,2,3,4,0,1,1,1,1,4,5,3,4,1
28880,0,10,4,3,5,16,1,1,2,1,10,1,2,2,1,0,8,1,1,1,2,5,2,4,1
27343,0,6,4,4,5,19,1,1,8,1,5,1,3,2,1,0,1,2,1,1,2,5,2,2,1
17625,1,6,5,4,1,23,13,3,8,4,6,1,2,2,1,0,2,1,1,2,2,3,2,2,1
10554,1,4,7,4,1,9,13,1,6,4,7,1,2,2,1,0,8,1,1,1,2,5,2,2,1
10870,0,3,1,4,1,20,13,2,10,1,7,1,2,3,4,0,1,1,1,1,2,3,2,2,1
8094,0,4,1,4,1,13,13,1,4,2,9,1,2,2,1,0,1,1,1,1,2,4,2,4,1
1111,1,8,7,4,1,20,13,3,7,2,2,7,2,2,1,0,3,3,1,3,2,4,2,3,1
23182,0,7,3,2,1,18,19,1,2,5,7,7,2,2,1,0,1,1,1,1,2,6,2,4,1
11334,0,6,3,4,5,20,1,3,7,1,9,1,2,2,1,0,1,1,1,1,2,3,2,3,1
17278,1,4,1,4,1,17,13,1,4,2,5,1,2,2,1,0,1,2,1,1,2,3,2,2,1
5698,1,10,7,3,1,18,13,5,7,1,10,1,2,2,1,0,1,1,1,1,2,3,2,2,1
13185,1,8,7,3,5,18,1,1,7,1,6,1,3,2,1,0,1,1,1,1,2,5,2,2,1
5395,1,10,2,4,5,15,1,1,7,1,2,1,3,2,1,0,2,2,1,2,2,3,2,3,1
991,1,10,4,4,5,15,1,1,7,1,2,1,2,2,1,0,1,3,1,1,2,3,2,2,1
1441,0,6,4,4,1,17,13,1,4,4,10,1,2,2,1,0,2,3,1,2,2,4,2,3,1
8604,1,8,6,3,5,12,15,1,7,1,6,1,2,2,1,0,1,1,1,1,2,3,2,4,1
5985,0,6,3,4,1,1,13,2,7,3,2,8,2,2,1,0,1,3,1,1,3,3,2,2,1
8321,1,8,3,4,1,11,13,1,7,3,6,8,2,2,1,0,3,1,2,1,2,3,2,2,1
12674,0,7,7,4,1,6,13,1,7,1,6,1,2,2,1,0,1,3,1,1,2,3,2,2,1
10535,1,11,4,2,5,18,1,1,2,1,7,1,2,3,2,0,1,1,1,1,2,3,2,2,1
17717,0,8,7,2,1,24,10,2,2,4,9,1,3,2,1,0,1,1,2,1,2,3,2,2,1
23833,0,4,7,2,1,20,13,1,4,2,7,2,2,2,1,0,1,2,1,1,2,3,2,6,1
14952,1,8,4,3,1,19,13,1,10,1,7,1,2,2,1,0,1,3,1,1,2,3,2,2,1
32463,0,8,7,1,1,12,7,1,7,2,8,5,2,2,1,0,3,3,1,3,3,3,2,2,1
17713,0,3,3,4,1,16,11,1,4,4,8,8,2,2,1,0,1,1,1,1,4,3,2,2,1
11596,1,6,7,4,1,14,13,1,10,4,4,1,3,2,1,0,8,1,1,1,2,5,2,2,1
20307,1,7,7,3,1,23,10,3,7,4,6,8,2,2,1,0,2,2,1,2,2,5,2,2,1
22772,0,4,4,4,5,7,1,1,8,1,2,1,3,2,1,0,1,2,1,1,2,4,2,4,1
5184,1,7,6,4,1,22,21,3,4,1,5,1,2,2,3,0,8,3,1,1,2,4,2,3,1
18606,1,10,5,3,4,15,13,1,4,1,5,1,2,3,4,0,1,1,1,1,2,3,2,2,1
22,1,4,3,4,5,21,1,3,10,1,4,8,2,2,1,0,1,1,1,1,4,3,2,2,1
17866,0,4,1,4,1,3,13,3,10,1,7,3,2,3,4,0,2,2,1,3,3,5,2,2,1
19942,0,8,2,3,1,16,13,1,7,1,6,1,2,2,1,0,1,3,1,1,2,3,2,2,1
13765,1,9,1,4,1,20,13,2,2,4,7,1,2,2,1,0,2,2,2,3,2,3,2,2,1
15832,0,8,7,4,1,14,21,1,2,5,10,1,2,2,1,0,1,2,1,1,2,4,2,3,1
7474,1,10,1,3,3,12,6,1,10,5,6,1,2,2,1,0,1,3,1,1,2,3,2,3,1
15898,1,11,7,2,5,12,1,1,7,1,8,2,3,3,4,0,8,3,1,1,2,3,2,2,1
1843,0,6,1,4,1,2,13,2,2,1,4,8,2,3,5,0,1,3,1,1,4,4,2,2,1
16946,0,6,7,4,1,16,13,1,2,3,9,8,2,2,1,0,1,1,1,1,4,3,2,2,1
32715,0,4,6,4,1,5,13,3,10,2,1,1,2,2,1,0,2,1,1,3,2,5,2,4,1
14933,0,13,4,4,5,19,21,1,2,1,6,8,3,3,4,0,1,3,1,1,4,3,3,2,1
31613,0,8,6,3,1,9,8,1,7,2,5,1,2,2,1,0,1,1,1,1,2,3,2,4,1
1101,0,7,6,4,1,21,13,3,7,4,4,1,2,2,1,1,2,3,1,2,2,4,2,3,1
36201,0,8,6,2,1,16,13,1,8,4,4,7,2,2,1,0,2,3,1,3,2,2,2,3,1
10192,1,7,6,4,1,22,21,3,4,1,5,1,2,2,3,0,8,3,1,1,2,4,2,3,1
10991,1,5,3,4,1,8,13,1,10,2,2,1,2,2,1,0,1,1,1,1,2,3,2,4,1
13273,0,4,6,4,1,22,13,2,6,4,12,1,3,2,1,0,4,1,1,1,2,6,2,3,1
7540,0,6,7,4,1,21,13,3,7,2,5,1,2,2,1,0,1,1,1,1,2,3,2,3,1
33238,0,9,1,1,1,12,10,1,8,5,5,1,2,2,1,0,3,3,1,2,2,4,2,3,1
29645,0,3,5,2,1,17,13,1,2,2,8,5,2,2,1,0,1,4,1,1,2,5,2,4,1
7883,1,3,5,4,1,1,13,2,7,2,8,1,2,2,1,0,1,3,1,1,2,3,2,2,1