id,Severity,age_classes,day_week,DEFORMED_classes,m_harm_classes,hour,impact1_classes,lgt_cond,make,man_coll,month,p_crash1,pcrash4,pcrash5,rel_road,reljct1,reljct2,rest_use,sex,typ_int,valign,vnum_lan,vsurcond,vtrafway,weather_classes
6624,0,10,3,4,1,17,11,1,2,4,12,8,2,2,1,0,2,1,1,2,2,3,2,2,1
5379,0,3,1,4,1,10,13,1,10,3,1,8,2,2,1,0,1,2,1,1,3,3,2,2,1
866,0,7,7,4,5,9,1,1,7,1,8,2,3,2,1,0,1,3,1,1,2,3,2,4,1
20945,1,5,1,2,5,18,1,3,4,1,2,1,3,2,1,0,1,1,1,1,2,4,2,3,1
18536,1,3,6,4,2,5,13,2,2,1,7,1,2,2,1,0,1,3,1,1,2,3,2,2,1
10247,1,10,7,4,1,12,1,1,7,1,9,2,3,2,1,0,1,3,1,1,2,5,2,4,1
6971,1,6,5,4,1,22,13,3,10,3,7,1,2,2,1,0,1,3,1,1,2,3,2,2,1
19800,0,8,1,4,1,1,13,2,7,2,8,1,2,2,1,0,1,1,1,1,2,4,2,4,1
27931,1,8,4,4,1,18,1,1,2,1,5,5,2,2,1,0,3,1,1,2,2,3,2,3,1
16837,1,8,1,4,5,13,1,1,10,1,9,2,3,2,1,0,2,1,2,2,2,5,3,4,1
15273,1,8,4,4,5,14,1,1,7,1,11,1,3,2,1,0,8,3,1,1,2,3,2,2,1
16255,1,6,5,3,5,21,1,3,2,1,7,1,2,2,1,0,1,3,1,1,2,3,2,2,1
2465,1,10,1,3,3,12,6,1,10,5,6,1,2,2,1,0,1,3,1,1,2,3,2,3,1
7375,0,7,3,4,1,21,13,1,7,1,6,1,2,2,1,0,1,2,1,1,2,3,2,2,1
7993,1,9,4,4,1,15,13,1,9,3,7,1,2,2,1,0,1,1,1,1,2,3,2,2,1
4629,1,7,5,2,1,17,1,1,3,2,2,1,2,2,1,0,1,1,1,1,2,5,2,4,1
27587,0,6,6,4,1,13,19,1,4,4,2,1,2,6,1,0,8,1,1,1,1,1,1,1,1
29630,1,7,3,4,1,14,13,1,2,1,12,8,3,3,4,0,1,3,1,1,3,3,2,2,1
1686,1,8,3,2,1,18,7,1,4,2,5,2,2,2,1,0,2,3,1,2,2,3,2,2,1
10965,1,6,5,4,1,16,13,1,7,4,6,1,2,2,1,0,8,3,1,1,2,5,2,4,1
36223,1,4,4,2,5,16,1,1,2,1,4,8,2,3,3,0,1,1,1,1,3,3,2,3,1
16546,0,6,7,4,1,2,13,2,8,1,5,8,2,3,4,0,1,1,1,1,3,3,2,2,1
15818,0,5,7,4,5,3,1,3,2,1,9,8,2,3,4,0,1,3,1,1,4,5,2,2,1
17112,0,8,1,4,1,18,13,1,4,4,8,1,3,2,1,0,8,3,1,1,2,3,2,2,1
13246,1,6,6,4,1,17,13,1,8,4,9,1,2,2,1,0,2,1,1,2,2,5,2,4,1
21086,0,9,5,4,3,16,13,1,2,1,6,7,2,3,4,0,5,2,1,1,2,3,2,6,1
22208,0,4,1,4,5,22,1,2,4,1,11,1,2,2,1,0,1,1,1,1,2,3,2,2,1
5080,1,7,5,4,1,16,13,1,7,2,9,1,2,2,1,0,3,2,1,3,2,3,2,2,1
18552,0,8,7,4,1,12,13,1,2,4,7,1,2,2,1,0,8,3,1,1,2,3,2,2,1
16902,0,4,5,4,1,13,13,1,2,4,7,8,2,2,1,0,1,3,1,1,3,3,9,2,1
13689,1,6,2,4,5,21,1,2,10,1,6,8,2,3,4,0,1,1,1,1,3,3,2,2,1
3981,1,3,5,4,1,18,13,3,2,3,2,1,2,2,1,0,1,1,1,1,2,3,2,2,1
19012,1,8,1,4,4,18,13,1,4,1,3,1,2,3,4,0,1,1,1,1,2,3,2,2,1
32529,0,8,6,3,5,22,1,2,7,1,9,8,3,2,1,0,1,4,1,1,4,3,2,2,1
16086,1,8,6,4,5,15,1,1,7,1,1,1,2,2,1,0,2,1,1,2,2,4,2,3,1
25390,0,4,3,4,1,16,13,1,2,4,7,1,2,2,1,0,3,3,1,2,2,3,2,2,1
15411,0,10,1,4,5,12,1,1,7,1,2,8,2,3,4,0,1,1,1,1,4,3,2,2,1
16051,1,7,7,4,5,19,1,2,7,2,3,1,2,3,1,0,1,3,1,1,2,3,2,2,1
11119,0,7,3,4,1,23,7,3,7,2,3,1,2,2,1,0,1,3,1,1,2,5,2,3,1
3484,1,4,5,4,1,18,1,1,8,1,5,1,2,2,1,0,2,3,1,2,2,3,3,2,1
24591,0,9,3,3,1,16,2,1,7,4,2,1,2,2,1,0,1,1,1,1,2,5,2,5,1
9896,0,7,4,4,1,18,13,1,7,4,8,1,2,2,1,0,8,1,1,1,2,3,2,2,1
21435,0,10,7,4,1,14,12,1,7,4,10,1,2,2,1,0,2,2,1,2,2,3,2,2,1
23617,0,3,5,4,1,8,13,1,8,4,8,8,2,2,1,0,2,2,1,2,2,3,2,2,1
31813,0,11,7,4,1,15,10,1,7,6,3,1,2,2,1,0,1,1,1,1,2,3,2,2,1
23976,0,8,7,4,5,9,1,1,4,1,8,1,2,2,1,0,1,2,1,1,2,7,2,4,1
29586,0,3,2,2,1,14,1,1,7,1,4,4,2,2,1,0,8,2,1,1,1,1,1,1,1
14084,1,7,5,4,1,16,13,1,8,3,6,8,2,2,1,0,1,1,1,1,5,3,2,2,1
29367,1,9,2,3,1,11,13,1,7,3,10,8,2,2,1,0,2,1,1,4,2,3,2,2,1
6216,0,2,3,4,1,3,13,3,2,4,7,1,2,2,1,0,2,3,1,2,2,3,2,5,1
10747,1,3,6,4,1,19,13,2,10,2,12,1,2,2,1,0,1,2,1,1,2,6,2,4,1
17148,1,7,4,3,4,8,13,1,7,1,4,8,2,3,4,0,1,1,1,1,3,3,2,2,1
29334,1,4,7,2,1,17,12,1,2,6,8,8,3,2,1,0,1,3,1,1,3,3,2,2,1
24690,0,4,6,4,1,18,13,1,4,2,8,1,2,2,1,0,1,1,1,1,2,7,2,4,1
16120,0,3,5,4,1,23,13,2,10,2,4,1,2,2,1,0,1,1,1,1,2,4,2,4,1
8252,0,6,3,4,1,18,13,1,2,6,10,8,2,2,1,0,1,1,1,1,4,3,2,2,1
3505,0,6,3,4,1,20,3,5,4,4,6,1,2,2,1,0,1,2,1,1,2,3,2,2,1
36066,1,4,3,4,1,13,1,1,10,1,8,1,3,2,1,0,5,4,1,1,2,5,2,4,1
12113,0,10,4,3,1,17,13,1,7,4,9,1,3,2,1,0,8,1,1,1,2,5,2,2,1
16303,0,4,3,4,5,4,13,3,8,2,8,1,2,2,1,0,1,1,1,1,2,4,2,4,1
16228,0,7,4,4,1,20,13,3,8,4,6,1,2,2,1,0,2,1,1,3,2,4,2,3,1
6671,1,8,6,3,5,16,1,1,4,1,9,8,2,3,5,0,1,2,1,1,4,3,2,2,1
36412,1,10,6,3,5,14,1,1,8,1,10,1,2,2,1,0,1,1,1,1,2,4,2,4,1
23169,0,7,1,2,5,16,1,1,7,5,6,1,2,2,1,0,1,3,1,1,2,3,2,2,1
27910,1,8,6,3,1,5,13,2,7,1,8,1,2,2,1,0,1,2,1,1,2,3,2,2,1
12631,0,5,1,4,1,17,13,1,4,4,7,8,2,2,1,0,1,1,1,1,4,3,2,2,1
29765,0,6,5,4,1,17,7,1,2,2,9,5,2,2,1,0,3,1,1,3,2,3,2,2,1
23506,0,4,2,3,1,7,13,1,8,4,9,1,2,2,1,0,2,2,1,2,2,4,2,3,1
6108,0,6,1,4,1,23,13,3,7,4,4,1,2,2,1,0,2,3,1,2,2,3,2,3,1
8746,1,7,7,4,1,24,13,3,10,4,7,1,2,2,1,1,2,1,1,2,2,4,3,3,1
3561,0,6,6,4,1,7,13,1,8,4,10,1,2,2,1,0,1,3,1,1,2,4,2,4,1
8105,1,8,7,4,1,24,2,3,8,1,8,8,2,3,4,0,3,1,1,7,4,3,2,2,1
10811,0,4,2,4,1,1,13,3,10,4,11,1,2,2,1,0,2,2,1,2,2,5,2,2,1
31175,1,5,3,4,5,12,1,1,8,1,10,8,3,3,4,0,1,1,1,1,4,3,2,2,1
28727,1,4,1,3,1,17,13,1,7,4,8,3,3,2,1,0,1,3,1,1,2,5,2,3,1
19869,0,4,7,4,1,18,13,1,4,3,8,8,2,2,1,0,1,1,1,1,4,5,2,2,1
8313,0,3,3,4,5,9,13,1,4,4,5,7,2,2,1,0,2,1,1,2,2,3,2,2,1
13250,0,10,7,4,1,14,13,1,11,2,10,8,2,2,1,0,1,1,1,1,4,3,2,2,1
17925,1,7,6,4,1,17,13,1,4,2,10,1,2,2,1,0,2,3,1,2,2,3,2,2,1
35339,0,9,3,4,1,17,21,1,3,5,7,7,2,2,1,0,1,1,1,1,2,6,2,2,1
22717,0,8,4,2,1,15,13,1,7,3,5,4,2,2,1,0,2,3,1,2,2,3,2,2,1
30364,0,8,1,2,1,14,3,1,7,5,7,1,2,2,1,0,1,1,1,1,2,3,2,3,1
19727,0,5,6,4,1,24,12,2,7,6,4,1,2,2,1,0,1,2,1,1,2,3,2,2,1
6305,1,5,7,4,1,20,13,3,4,2,8,1,2,2,1,0,1,1,1,1,2,4,2,3,1
16619,1,4,4,4,1,14,13,1,10,1,11,1,2,2,1,0,1,1,1,1,2,3,2,2,1
570,0,5,2,4,1,17,13,1,2,3,6,8,2,2,1,0,1,1,1,1,3,3,2,2,1
18236,0,8,2,4,1,20,13,2,8,3,8,8,2,2,1,0,1,3,1,1,3,3,2,2,1
29839,0,8,3,4,1,20,13,2,2,1,12,1,2,2,1,0,1,1,1,1,2,3,2,2,1
1002,1,9,1,4,1,15,7,1,1,2,2,5,2,2,1,0,3,1,1,2,2,4,2,3,1
16761,0,4,1,4,5,3,1,3,7,1,7,8,3,3,4,0,1,3,1,1,3,3,2,5,1
31769,0,8,3,2,1,18,13,1,7,4,10,8,2,2,1,0,2,4,1,2,2,3,2,3,1
30119,0,3,3,4,5,12,1,1,2,1,6,1,3,2,1,0,1,3,1,1,2,3,2,4,1
18943,1,11,5,4,1,14,13,1,2,2,8,1,2,2,1,0,2,3,1,2,2,3,2,3,1
26470,1,5,7,4,1,12,13,1,10,4,8,1,2,2,1,0,8,2,2,1,2,4,2,2,1
9725,0,6,5,4,5,24,1,2,11,1,6,1,2,3,3,1,12,1,1,1,2,7,2,4,1
7780,1,9,1,4,5,21,15,3,7,1,5,8,2,3,5,0,1,1,1,1,5,3,3,2,1
30783,0,4,7,2,1,9,7,1,2,2,6,2,2,2,1,0,1,4,1,1,2,6,2,4,1
26602,1,5,5,4,1,6,13,4,7,4,5,1,2,2,1,0,2,2,1,2,2,5,2,2,1
30830,1,8,6,4,1,12,13,1,4,4,8,1,3,2,1,0,2,1,1,2,2,5,2,2,1
1029,0,5,1,4,1,3,13,2,10,1,3,8,2,3,4,0,1,3,1,1,4,3,2,2,1
18668,0,4,1,3,5,20,1,5,10,1,5,8,3,2,1,0,1,3,1,1,4,3,2,2,1
10437,0,6,3,3,1,6,13,2,7,4,3,1,2,2,1,0,1,2,1,1,2,5,2,4,1
6843,0,8,4,4,1,23,18,3,4,5,8,1,2,2,1,0,1,3,1,1,2,5,2,2,1
2065,1,8,3,2,4,14,13,1,2,1,7,1,2,3,4,0,1,3,1,1,2,3,2,2,1
8149,0,5,1,4,1,15,13,1,2,4,5,1,2,2,1,0,2,1,1,2,2,5,2,2,1
3125,1,8,5,4,1,15,13,1,2,3,5,8,2,2,1,0,1,1,1,1,3,3,2,2,1
36039,1,5,6,4,1,18,13,1,7,2,5,1,2,2,1,0,7,4,1,1,2,4,2,3,1
30971,1,8,6,2,5,15,1,1,7,1,4,2,3,2,1,0,1,4,2,1,2,3,2,2,1
8780,0,3,3,4,1,14,15,1,2,1,8,1,3,3,4,0,1,3,1,1,2,5,2,2,1
10898,1,4,6,4,1,19,13,3,2,4,9,1,2,2,1,0,2,3,1,2,2,5,2,2,1
4631,1,8,4,2,5,12,1,1,2,1,4,1,2,3,4,0,1,3,1,1,2,5,2,5,1
28603,0,3,6,4,1,23,13,3,2,4,9,1,2,2,1,0,2,3,2,2,2,4,2,3,1
9029,1,11,7,4,1,8,7,1,2,2,5,7,2,2,1,0,8,1,1,1,2,3,2,5,1
23612,0,7,6,2,3,15,22,1,7,1,8,8,2,3,4,0,8,2,2,1,1,1,1,1,1
29858,1,5,1,4,3,1,13,3,7,1,6,8,2,3,3,0,1,3,1,1,3,4,2,3,1
16703,1,8,5,4,1,21,13,2,7,4,4,7,2,2,1,0,3,3,1,2,2,3,2,2,1
12755,1,11,5,3,1,10,13,1,9,4,10,1,3,2,1,0,2,1,1,2,2,5,2,3,1
36207,1,10,7,4,1,9,1,1,7,1,4,1,2,2,1,0,1,3,1,1,2,3,2,4,1
20719,0,5,6,2,1,22,13,2,4,2,6,1,2,2,1,0,1,2,1,1,2,5,2,4,1
4984,0,4,7,4,1,6,13,4,10,4,9,7,2,4,7,0,8,3,1,1,2,3,2,2,1
309,0,8,4,4,4,24,21,2,7,1,8,8,2,3,4,0,1,3,1,1,4,3,2,2,1
2698,1,8,7,4,4,23,13,2,7,1,9,8,2,3,4,0,3,3,1,2,3,3,2,2,1
18301,0,3,5,4,1,20,13,3,3,4,4,1,2,2,1,0,5,1,1,1,2,3,2,2,1
12146,0,4,1,3,1,24,13,3,4,1,4,8,2,3,4,1,5,1,1,1,4,2,2,7,1
11537,0,6,7,4,1,2,13,2,8,1,5,8,2,3,4,0,1,1,1,1,3,3,2,2,1
15056,1,10,7,4,1,10,13,1,7,4,5,1,2,2,1,0,8,3,1,1,2,3,2,2,1
16970,1,4,6,4,1,17,13,2,7,4,11,1,2,2,1,0,3,3,1,3,2,5,2,5,1
24573,0,8,5,3,5,16,1,1,7,1,10,4,3,3,4,0,3,3,1,4,2,3,2,2,1
16696,1,3,5,4,1,18,13,3,10,4,2,1,2,2,1,0,2,2,1,7,2,3,2,4,1
1137,1,4,6,4,1,16,13,1,4,4,1,7,2,2,1,0,2,1,1,2,2,3,2,2,1
31644,0,5,3,3,1,15,10,1,2,5,10,7,2,2,1,0,1,1,1,1,3,5,2,4,1
3222,0,8,7,4,1,21,7,3,7,8,9,1,3,2,1,0,1,1,1,1,2,7,2,4,1
26225,0,8,1,2,5,20,1,2,7,1,9,1,2,2,1,0,1,2,1,1,5,3,3,2,1
7274,0,8,7,4,5,18,1,1,7,1,7,8,2,3,6,0,1,2,1,1,5,3,2,2,1
11137,1,5,5,1,1,2,2,3,7,4,3,1,2,2,1,0,1,1,1,1,2,3,3,3,1
35823,0,3,3,2,1,15,13,1,2,4,10,1,2,2,1,0,2,4,1,2,2,4,2,4,1
16620,1,9,6,4,1,15,7,1,8,2,11,5,2,2,1,1,8,1,1,1,2,3,2,2,1
7613,1,3,6,4,1,18,13,1,8,4,7,1,2,2,1,0,2,1,1,2,2,3,2,2,1
27150,1,3,1,4,5,16,1,1,8,1,8,1,2,2,1,0,1,2,1,1,2,5,2,4,1
7687,1,8,4,4,1,2,13,3,7,2,3,1,2,2,1,0,1,1,1,1,2,3,2,2,1
15825,1,7,5,4,1,12,2,1,2,5,5,1,3,2,1,0,2,1,1,3,2,5,2,3,1
13000,1,3,5,4,5,19,1,1,4,1,5,8,2,3,4,0,5,1,1,1,3,2,3,7,1
20193,0,3,7,2,5,12,1,1,2,1,7,1,2,2,1,0,2,3,1,2,2,3,2,4,1
13149,0,5,6,4,1,18,13,1,7,1,5,1,2,3,4,0,1,1,1,1,2,3,2,2,1
1425,1,7,7,4,5,1,13,3,7,1,12,8,2,3,4,0,3,3,1,3,4,3,2,3,1
15214,1,9,6,4,5,20,15,2,7,1,7,1,2,3,3,0,1,1,1,1,2,3,2,3,1
15000,0,4,5,3,5,24,13,3,4,1,9,1,2,2,1,0,1,3,1,1,2,3,2,2,1
36708,0,8,1,2,1,13,6,1,10,4,4,8,2,2,1,0,2,4,1,2,2,4,2,7,1
3863,1,11,6,2,5,19,1,1,8,1,4,1,2,3,3,0,1,3,1,1,2,3,2,4,1
36182,0,3,6,3,5,21,1,3,2,1,3,1,2,2,1,0,3,1,1,3,2,3,2,2,1
10887,1,9,4,4,5,11,1,1,7,1,8,2,3,2,1,0,1,3,1,1,3,3,2,2,1
24853,0,7,1,3,1,1,13,3,8,4,8,1,2,2,1,0,1,2,1,1,2,5,2,2,1
33440,1,7,5,4,5,15,1,1,4,1,10,8,3,3,4,0,1,4,1,1,4,3,2,2,1
13608,0,6,5,3,4,21,13,2,10,1,7,8,2,3,4,0,1,1,1,1,4,3,2,2,1
19760,1,8,7,4,1,19,13,1,7,4,7,1,3,2,1,0,2,1,1,2,2,6,2,3,1
30060,1,13,5,2,1,19,7,3,8,2,3,1,2,2,1,0,1,4,1,1,2,3,2,4,1
11128,1,8,7,4,1,20,13,3,7,2,2,7,2,2,1,0,3,3,1,3,2,4,2,3,1
34658,0,3,1,4,1,1,13,2,4,2,9,1,2,2,1,0,1,4,1,1,2,3,2,4,1
11381,0,3,1,4,1,4,13,2,4,1,9,1,2,3,4,0,1,3,1,1,2,3,3,5,1
9384,0,4,7,4,1,2,13,3,8,2,5,7,2,2,1,0,1,3,1,1,2,5,2,4,1
29553,0,5,5,3,1,7,13,1,7,4,11,1,2,2,1,0,2,4,1,2,2,5,2,2,1
6271,1,8,1,4,1,12,13,1,7,4,7,1,2,2,1,0,2,3,1,2,2,4,2,3,1
20030,1,8,6,4,5,15,13,1,7,1,8,1,2,3,4,0,1,2,1,1,2,3,2,2,1
18698,1,6,2,4,5,21,1,2,10,1,6,8,2,3,4,0,1,1,1,1,3,3,2,2,1
24782,0,9,5,2,1,18,13,1,4,2,5,1,2,2,1,0,1,2,1,1,2,5,2,2,1
23228,0,6,6,3,1,11,13,1,7,4,12,8,2,2,1,0,2,2,1,3,2,3,2,2,1
34680,1,5,6,4,1,7,13,1,10,2,3,1,2,2,1,1,12,1,1,1,2,3,2,4,1
25204,0,5,1,2,1,22,13,3,10,2,10,7,2,2,1,0,1,1,2,1,2,5,3,2,1
18019,1,7,4,4,1,7,10,1,7,4,5,1,2,2,1,0,2,1,1,2,2,3,3,4,1
8684,1,4,5,4,1,20,13,3,2,4,5,1,3,2,1,0,2,1,1,2,2,5,2,5,1
6064,1,4,6,4,3,1,15,3,10,1,1,8,2,3,4,0,1,3,1,1,4,3,2,2,1
11784,0,6,3,4,1,14,13,1,7,1,8,8,2,4,4,0,1,3,1,1,3,3,2,2,1
6816,1,10,2,4,1,11,13,1,2,4,8,1,2,2,1,0,2,1,1,2,2,3,2,2,1
2037,0,8,2,4,1,15,13,1,7,1,2,1,3,3,4,0,1,3,1,1,2,3,2,2,1
4154,1,4,1,3,1,1,13,3,2,4,3,1,2,2,1,0,8,2,1,1,2,5,2,5,1
8785,1,8,6,4,5,16,1,1,7,3,7,8,2,2,1,0,1,2,1,1,4,3,2,2,1
17215,1,5,6,4,1,2,13,3,7,4,4,7,2,2,1,0,2,3,1,2,2,3,2,2,1
2172,0,5,4,2,1,17,13,1,2,4,10,1,2,2,1,0,2,1,1,3,2,3,2,3,1
11747,1,8,6,4,1,19,13,1,7,2,7,1,2,2,1,0,1,2,1,1,2,3,2,2,1
18375,1,11,6,4,5,19,13,1,8,1,5,1,2,3,4,0,1,1,1,1,2,3,2,2,1
12548,0,6,7,4,1,21,13,3,7,2,5,1,2,2,1,0,1,1,1,1,2,3,2,3,1
141,0,8,7,4,5,16,1,1,7,4,4,1,2,2,1,1,12,3,1,1,2,5,2,4,1
16264,1,4,1,4,1,12,13,1,4,4,6,1,2,2,1,0,2,1,1,2,2,4,2,3,1
24358,1,9,2,3,4,19,13,1,7,1,3,6,3,3,4,1,5,1,1,1,2,3,2,2,1
15375,0,6,6,4,1,20,1,3,2,1,1,1,2,2,1,0,1,2,1,1,2,5,2,5,1
2654,0,7,5,4,3,24,2,3,7,1,8,8,2,3,4,0,1,1,1,1,4,3,2,2,1
12528,1,9,4,4,1,6,13,4,7,4,3,1,2,2,1,0,2,1,1,2,2,3,2,3,1
6476,1,4,7,4,1,12,13,1,4,4,10,1,2,2,1,0,8,3,1,1,2,4,2,3,1
34061,0,6,1,2,1,18,7,1,7,2,7,2,2,2,1,0,1,3,1,1,2,3,2,2,1
34836,1,4,2,4,1,14,20,1,10,4,9,7,2,2,1,0,5,1,1,1,3,3,2,7,1
7313,1,4,6,4,1,12,13,1,2,4,10,1,2,2,1,0,5,1,1,1,2,3,2,2,1
2530,0,6,7,4,1,21,7,3,4,2,5,1,2,2,1,0,1,1,1,1,2,3,2,3,1
4871,0,7,5,4,1,22,3,3,3,1,4,8,2,3,4,0,1,1,1,1,4,3,2,2,1
6758,1,7,7,4,5,14,1,1,7,1,8,8,3,2,1,0,1,3,1,1,3,3,3,2,1
19014,1,9,1,4,1,12,13,1,7,4,3,1,2,2,1,0,3,1,1,2,2,3,2,2,1
16587,0,5,7,4,1,20,13,2,8,4,8,1,2,2,1,0,1,1,1,1,2,3,3,4,1
10060,0,9,2,4,2,21,13,3,7,1,6,8,2,3,4,0,1,1,1,1,3,3,2,3,1
19944,1,8,2,3,1,13,13,1,7,1,6,8,3,2,1,0,1,3,1,1,4,3,2,2,1
31988,1,8,7,3,1,23,13,3,2,4,12,8,2,2,1,0,2,3,2,3,2,2,2,2,1
36366,0,4,7,4,1,20,1,2,4,1,8,7,2,3,4,0,1,1,1,1,4,3,2,2,1
10500,1,5,3,4,1,7,13,1,2,2,5,1,2,2,1,0,1,2,1,1,2,7,2,4,1
14756,0,5,1,4,1,18,13,1,4,1,7,1,2,3,7,0,1,1,1,1,2,3,2,2,1
351,0,3,7,3,1,14,18,1,2,6,1,1,2,2,1,0,1,2,1,1,2,6,2,5,1
16524,1,4,6,4,1,7,13,1,10,4,4,1,3,2,1,0,2,1,1,2,2,5,2,5,1
10706,1,10,7,3,1,18,13,5,7,1,10,1,2,2,1,0,1,1,1,1,2,3,2,2,1
3372,1,8,6,4,1,16,13,1,7,3,8,1,3,2,1,0,1,3,1,1,2,3,3,2,1
11457,1,6,5,4,1,16,13,1,2,4,11,1,2,2,1,0,8,1,1,1,2,3,2,2,1
958,1,4,3,4,1,7,13,1,4,2,5,1,2,2,1,0,1,1,1,1,2,5,2,2,1
2687,0,3,3,4,1,16,11,1,4,4,8,8,2,2,1,0,1,1,1,1,4,3,2,2,1
28484,1,8,2,4,5,14,1,1,3,1,4,1,3,2,1,0,2,3,1,2,2,7,2,5,1
36245,0,4,7,2,1,12,13,1,7,1,5,1,2,2,1,0,1,4,1,1,2,5,2,4,1
10188,1,8,1,4,1,10,13,1,7,4,5,1,2,2,1,0,8,3,1,1,2,5,2,2,1
20109,0,3,4,4,5,11,1,1,4,1,6,3,2,2,1,0,1,3,1,1,2,3,2,2,1
20745,0,6,4,2,1,18,13,1,4,2,7,5,2,2,1,0,3,2,1,2,2,3,2,2,1
10692,0,8,1,4,1,12,13,1,7,3,9,8,2,2,1,0,1,1,1,1,4,3,2,2,1
34125,0,6,6,2,1,15,20,1,2,6,5,1,2,2,1,0,1,1,1,1,2,3,2,2,1
27929,0,3,4,4,1,18,7,1,4,1,5,5,2,2,1,0,3,1,1,2,2,3,2,3,1
16995,1,7,1,4,3,1,13,3,7,1,8,1,2,3,4,0,2,3,1,3,2,3,2,2,1
19862,0,4,6,4,1,15,13,1,4,4,8,1,2,2,1,0,2,1,1,2,2,5,2,5,1
22445,0,8,6,2,5,8,1,4,7,1,10,8,3,3,4,0,1,3,1,1,4,3,3,2,1
33460,0,3,2,4,5,12,1,1,8,1,3,8,2,3,2,0,1,4,1,1,4,3,2,2,1
21170,0,6,1,4,1,19,13,3,2,4,12,1,2,2,1,0,2,3,1,2,2,4,2,3,1
948,1,6,5,4,1,16,13,1,7,4,6,1,2,2,1,0,8,3,1,1,2,5,2,4,1
14666,1,7,5,3,5,12,1,1,8,1,9,7,2,2,1,0,1,3,1,1,2,3,2,4,1
14735,0,6,5,4,5,24,1,2,11,1,6,1,2,3,3,1,12,1,1,1,2,7,2,4,1
1705,1,6,7,4,5,8,1,1,2,1,6,1,3,2,1,0,1,3,1,1,2,3,2,4,1
4913,1,7,1,4,1,11,13,1,7,4,5,1,2,2,1,0,2,3,1,2,2,3,2,2,1
7708,0,6,1,4,1,14,12,1,7,4,9,8,2,2,1,0,1,1,2,1,5,3,2,2,1
15772,0,3,5,4,1,24,13,3,4,2,11,1,2,2,1,0,1,1,1,1,2,3,2,4,1
12385,1,9,4,4,1,24,13,2,7,1,6,1,2,2,1,0,1,2,1,1,2,3,2,2,1
22830,0,5,5,2,5,16,1,1,2,1,7,1,2,2,1,0,1,3,1,1,2,3,2,2,1
8612,0,6,7,4,1,14,13,1,7,3,10,8,2,2,1,0,1,1,1,1,3,3,2,2,1
16276,1,11,7,4,5,7,3,1,10,1,4,8,2,3,4,0,2,1,1,3,4,5,3,2,1
11328,1,7,1,4,1,16,2,1,10,4,9,1,2,2,1,0,2,1,1,2,2,5,2,3,1
5861,1,10,1,2,5,13,1,1,7,1,7,8,3,3,3,0,1,3,1,1,3,3,2,4,1
9733,0,8,5,4,1,7,13,1,10,4,6,1,2,2,1,0,3,1,1,3,2,5,2,2,1
11088,0,6,1,4,1,9,13,1,1,2,4,1,2,2,1,0,1,1,1,1,2,4,2,4,1
5904,0,8,3,4,1,17,13,5,8,3,3,1,2,2,1,0,1,1,1,1,5,3,2,2,1
6782,1,6,7,4,1,19,13,1,7,4,7,7,2,2,1,0,2,3,2,2,2,5,2,3,1
143,0,10,4,4,1,11,13,1,7,3,4,8,2,2,1,0,1,1,1,1,4,3,2,2,1
1555,1,6,7,4,1,18,13,1,4,2,8,1,2,2,1,0,8,1,1,1,2,3,2,2,1
17787,0,4,3,4,1,20,13,3,4,4,4,1,2,2,1,0,2,1,1,3,2,3,2,3,1
31733,0,9,4,2,5,16,1,1,7,1,8,1,2,2,1,0,1,4,1,1,2,5,2,5,1
27944,0,8,6,2,1,7,13,1,7,1,8,7,2,3,4,0,1,1,1,1,2,3,2,3,1
19492,1,3,7,2,1,9,10,1,7,4,9,3,2,2,1,0,2,3,1,3,2,5,2,3,1
16327,0,3,7,4,1,24,13,2,4,4,9,8,2,2,1,0,2,1,1,2,4,3,2,3,1
8603,0,7,6,3,5,12,1,1,7,1,6,1,2,2,1,0,1,1,1,1,2,3,2,4,1
16880,0,4,6,4,1,23,13,2,7,2,5,7,2,2,1,0,1,3,1,1,2,5,2,3,1
13460,0,9,7,4,1,17,13,1,7,3,11,1,2,2,1,0,2,3,1,4,2,3,2,2,1
34432,0,3,2,3,1,12,7,1,7,2,5,5,2,2,1,0,2,3,1,2,2,3,2,2,1
23354,0,3,2,4,1,22,13,3,10,4,6,1,2,2,1,0,8,3,1,1,2,3,2,3,1
30892,0,6,6,4,1,13,2,1,10,5,3,1,2,2,1,0,1,4,1,1,2,5,2,4,1
4584,0,4,4,2,1,16,13,1,4,4,11,7,2,2,1,0,2,1,1,3,2,3,8,2,1
17484,1,5,4,3,1,16,13,1,2,2,5,1,2,2,1,0,1,3,1,1,2,4,2,4,1
20623,0,7,5,4,1,18,13,1,8,2,9,1,2,2,1,0,1,3,1,1,2,4,2,6,1
7614,1,10,6,4,1,18,13,1,7,4,7,8,3,2,1,0,1,2,1,1,3,3,2,2,1
9667,0,7,6,4,1,6,13,1,3,4,5,1,2,2,1,0,2,3,1,3,2,5,3,3,1
34563,1,8,6,2,5,8,1,1,7,1,8,2,3,2,1,0,1,3,2,1,2,4,3,3,1
12619,1,7,5,4,5,19,15,1,7,1,7,8,2,3,4,0,1,2,1,1,4,3,2,2,1
19888,1,10,7,4,5,11,1,1,2,1,10,8,2,3,5,0,1,1,1,1,4,3,2,2,1
28360,1,8,1,3,5,13,1,1,7,1,9,8,2,2,1,0,3,1,1,4,4,3,2,2,1