id,Severity,age_classes,day_week,DEFORMED_classes,m_harm_classes,hour,impact1_classes,lgt_cond,make,man_coll,month,p_crash1,pcrash4,pcrash5,rel_road,reljct1,reljct2,rest_use,sex,typ_int,valign,vnum_lan,vsurcond,vtrafway,weather_classes
8819,0,10,7,4,1,16,10,1,7,4,10,1,3,2,1,0,1,1,1,1,2,3,2,2,1
19981,0,6,7,2,1,16,7,1,2,2,8,7,2,2,1,0,8,3,1,1,2,3,2,2,1
14747,1,8,1,4,1,11,13,1,7,3,7,8,2,2,1,0,1,1,1,1,3,4,2,2,1
6878,0,10,3,4,1,13,4,1,7,4,6,1,2,2,1,0,2,3,1,2,2,3,2,2,1
13639,1,5,1,4,1,14,13,1,2,4,4,8,2,2,1,0,2,1,2,4,2,3,2,2,1
18429,1,6,5,4,1,18,13,1,10,4,8,1,3,2,1,0,2,3,1,2,2,3,2,2,1
11857,0,9,4,4,3,19,13,3,7,1,3,8,2,3,5,0,1,3,1,1,3,3,3,2,1
17456,0,8,3,4,4,20,13,2,3,1,9,1,2,3,4,0,1,2,1,1,2,3,2,2,1
18317,1,11,1,4,1,16,13,1,7,3,5,1,2,2,1,0,1,3,1,1,2,3,2,2,1
6518,0,10,1,4,1,10,13,1,2,3,5,8,2,2,1,0,1,1,1,1,4,3,2,2,1
3214,0,9,1,4,1,21,13,2,7,4,8,1,2,2,1,0,2,1,1,3,2,5,3,2,3
5098,1,6,5,3,5,22,1,3,4,1,11,3,2,2,1,0,1,1,1,1,2,3,2,2,1
11368,1,4,4,4,1,18,13,1,10,4,7,7,2,2,1,0,2,3,1,3,2,3,3,2,1
17393,1,10,3,2,3,11,13,1,10,1,6,4,2,3,4,0,3,2,1,2,2,3,2,2,1
27590,0,6,5,4,5,6,1,1,10,1,2,1,2,2,1,0,1,1,1,1,2,6,2,4,1
158,0,10,1,4,5,12,1,1,7,1,5,1,2,3,4,0,1,3,1,1,2,3,2,2,1
3220,0,3,7,4,1,19,13,5,2,3,9,3,2,2,1,0,2,1,1,3,2,3,2,2,1
31794,1,3,7,4,1,11,13,1,2,4,1,8,2,2,1,0,8,4,2,1,2,7,2,5,1
13018,1,4,6,4,1,23,15,3,10,1,7,8,2,3,4,0,1,1,1,1,4,5,2,2,1
10617,0,6,3,4,1,22,13,3,7,3,8,1,2,2,1,0,1,2,1,1,2,4,2,4,1
5157,1,8,3,4,1,6,13,4,10,4,4,1,2,2,1,0,8,1,1,1,2,3,2,3,1
2683,0,8,7,4,1,15,13,1,7,4,6,1,2,2,1,0,1,1,1,1,2,3,2,2,1
30541,1,10,6,4,1,15,21,1,10,5,11,1,2,2,1,0,1,3,1,1,2,5,2,5,1
5801,1,4,4,3,5,15,1,1,6,1,12,1,3,2,1,0,3,2,1,2,2,3,2,2,1
2602,1,7,5,4,5,19,15,1,7,1,7,8,2,3,4,0,1,2,1,1,4,3,2,2,1
8289,1,3,6,4,1,14,13,1,10,4,4,1,2,2,1,0,2,1,1,3,2,3,2,2,1
13218,1,8,3,4,1,7,13,1,2,4,5,1,2,2,1,1,2,1,1,2,2,3,2,3,1
21209,1,6,6,4,1,12,10,1,4,4,3,1,2,2,1,0,8,3,1,1,2,3,2,2,1
11605,1,6,7,4,1,19,13,2,7,1,10,1,2,2,1,0,1,2,1,1,2,3,2,2,1
3582,1,2,2,2,1,18,13,1,2,4,6,1,2,2,1,0,2,3,1,2,2,3,2,2,1
13428,0,4,1,4,1,16,13,1,7,1,9,7,2,3,4,0,1,3,1,1,5,3,2,2,1
22531,1,5,1,4,5,2,3,2,7,1,8,1,2,3,4,0,1,3,1,1,4,3,2,2,1
12435,0,10,1,4,1,12,13,1,7,2,8,1,2,2,1,0,3,2,1,3,2,3,2,2,1
1971,1,5,1,4,5,18,1,1,7,1,7,8,2,3,4,0,2,3,1,3,3,3,2,2,1
35319,0,8,3,4,1,17,7,1,1,2,7,8,2,2,1,0,1,4,1,1,3,3,2,2,1
20156,0,4,4,2,1,22,13,3,7,4,7,8,2,2,1,1,8,3,1,1,2,4,2,5,1
5277,1,5,1,4,1,17,13,1,7,4,2,1,2,2,1,0,8,3,2,1,2,5,2,2,1
5046,0,7,5,4,5,21,1,3,10,1,5,8,2,2,1,0,1,1,1,1,4,3,2,2,1
13435,1,14,3,4,1,13,13,1,8,4,8,1,2,2,1,0,2,1,1,3,2,3,2,2,1
10799,0,5,3,4,5,14,1,1,10,1,12,1,3,2,1,0,1,2,1,1,2,3,2,2,1
31155,0,9,5,4,1,16,21,1,7,5,9,1,2,2,1,0,1,1,1,1,2,5,2,4,1
33381,1,3,7,4,1,19,8,1,8,5,8,8,2,2,1,0,2,1,2,2,2,4,2,2,1
30759,0,3,3,3,1,20,13,5,7,2,5,3,2,2,1,0,8,1,1,1,2,4,2,3,1
20244,0,7,6,4,1,19,13,1,2,3,7,1,2,2,1,0,1,1,1,1,2,3,2,2,1
16605,1,6,7,4,1,14,13,1,10,4,4,1,3,2,1,0,8,1,1,1,2,5,2,2,1
2544,0,6,2,4,1,21,13,2,2,4,7,1,2,2,1,0,2,1,1,3,2,3,2,2,1
36345,1,7,3,4,1,7,3,1,7,5,8,8,2,2,1,0,1,1,1,1,4,3,2,2,1
28669,0,3,6,3,5,23,1,3,8,1,6,1,2,2,1,0,1,1,1,1,2,4,2,4,1
16788,1,8,1,4,1,17,13,1,7,4,7,1,2,2,1,0,8,3,1,1,2,3,2,2,1
10994,1,4,3,4,1,24,13,3,4,4,1,1,2,2,1,0,2,1,1,2,2,3,2,2,1
29419,0,8,3,2,1,7,2,1,2,5,6,1,2,2,1,0,1,4,1,1,2,3,2,3,1
20128,0,5,6,2,1,22,13,2,7,1,4,1,2,2,1,0,1,2,1,1,2,3,2,2,1
31694,1,11,4,3,1,16,13,1,7,4,7,8,2,2,1,0,2,4,1,4,2,3,2,2,1
6189,0,11,6,4,1,16,13,1,7,4,6,1,2,2,1,0,2,3,1,2,2,3,2,2,1
32076,0,6,1,2,5,10,1,1,11,1,9,1,2,2,1,0,1,4,2,1,2,3,2,2,1
17828,1,3,7,4,1,16,13,1,2,1,7,1,3,3,2,0,1,3,1,1,2,3,2,2,1
14677,0,7,6,4,1,6,13,1,3,4,5,1,2,2,1,0,2,3,1,3,2,5,3,3,1
13990,0,7,7,4,5,17,7,1,7,2,8,7,2,2,1,0,1,3,1,1,2,3,2,3,1
20492,0,5,7,2,1,21,13,3,4,3,9,1,2,2,1,0,2,2,1,2,2,7,2,2,1
31762,1,4,3,2,1,8,13,1,4,4,9,8,2,2,1,0,2,4,1,3,2,3,2,2,1
17209,1,4,3,4,1,18,13,3,4,4,12,1,2,2,1,0,2,1,1,3,2,3,2,3,1
5685,1,8,1,4,1,12,21,1,7,3,9,8,2,2,1,0,1,1,1,1,4,3,2,2,1
3128,0,6,3,4,4,13,13,1,2,1,5,8,2,3,4,0,1,1,1,1,3,3,2,2,1
18347,1,9,7,2,5,10,1,1,7,1,6,8,2,2,1,0,1,3,1,1,3,3,2,2,1
8507,1,8,7,4,1,18,13,1,7,4,6,1,2,2,1,0,8,3,1,1,2,5,2,2,1
26761,1,6,6,4,5,22,1,3,6,1,8,8,2,3,4,0,1,3,1,1,4,3,2,2,1
28294,0,10,7,2,1,18,13,1,7,2,4,2,2,2,1,0,1,1,1,1,3,4,2,4,1
2501,1,10,5,2,5,8,1,1,10,1,8,1,3,2,1,1,12,2,1,1,2,3,2,4,1
10908,1,4,5,4,1,21,13,3,8,3,10,1,2,2,1,0,2,1,1,2,2,5,2,5,1
23943,0,7,2,4,1,17,18,3,10,5,11,7,2,2,1,0,1,1,1,1,2,7,2,4,1
5789,0,4,2,4,5,8,1,1,4,1,12,1,3,2,1,0,2,3,1,3,2,3,2,3,1
11110,0,3,5,4,1,23,13,2,10,2,4,1,2,2,1,0,1,1,1,1,2,4,2,4,1
31999,0,7,6,3,1,15,13,1,10,2,12,1,2,2,1,0,2,3,1,3,2,5,2,5,1
30585,0,8,1,3,1,19,13,1,7,2,7,1,2,2,1,1,5,3,1,1,2,2,2,7,1
30825,0,8,3,4,1,15,11,1,7,4,7,1,2,2,1,0,2,3,1,3,2,5,2,2,1
1882,0,5,1,4,1,6,13,2,7,1,7,1,2,3,4,0,3,3,1,2,2,3,3,2,1
1443,1,5,6,4,5,23,13,2,7,2,12,1,2,2,1,0,1,3,1,1,2,3,2,2,1
24029,0,6,1,4,1,13,13,1,2,1,7,1,2,3,4,0,1,1,1,1,2,3,2,2,1
18777,1,9,4,4,1,7,13,1,7,4,7,1,2,2,1,0,2,3,1,2,2,5,2,2,1
11256,0,8,1,4,5,22,1,2,7,1,7,1,3,2,1,0,1,3,1,1,2,3,2,2,1
33474,1,13,5,4,1,13,19,1,7,6,5,8,2,2,1,0,1,4,1,1,3,3,2,2,1
2063,0,6,7,4,1,13,12,1,10,6,7,8,2,2,1,0,1,1,1,1,3,3,2,2,1
10661,1,9,7,4,1,16,18,1,7,5,9,1,2,2,1,0,8,3,1,1,2,3,2,3,1
1910,0,5,4,4,1,9,13,1,7,2,9,1,2,2,1,0,1,3,1,1,2,3,2,2,1
15489,1,6,1,4,1,14,13,1,7,4,2,1,2,2,1,0,8,2,1,1,2,3,2,2,1
21942,1,6,6,4,5,15,1,1,2,1,7,1,2,2,1,0,1,1,1,1,2,5,2,6,1
34603,0,3,3,2,5,17,1,1,10,1,8,1,2,2,1,0,1,4,2,1,2,4,2,2,1
28812,0,4,6,4,1,7,7,1,7,2,8,2,2,2,1,0,3,1,1,2,2,3,2,3,1
26724,0,3,2,4,1,11,13,1,2,4,6,1,2,2,1,0,2,3,1,2,2,3,2,2,1
14861,0,4,7,4,1,18,13,1,4,3,8,8,2,2,1,0,1,1,1,1,4,5,2,2,1
35835,0,7,1,2,1,17,7,3,7,2,12,8,2,2,1,0,1,3,1,1,4,7,2,4,1
31605,1,7,7,3,1,2,13,2,4,4,3,8,2,2,1,0,3,3,1,2,2,4,2,3,1
22126,0,6,5,2,1,15,13,1,8,4,8,8,2,2,1,0,2,1,1,2,2,3,2,2,1
16720,1,7,1,4,1,1,13,2,7,1,5,1,2,2,1,0,1,3,1,1,2,3,2,2,1
14700,1,6,7,4,1,17,1,1,7,1,8,8,3,3,4,0,1,2,1,1,3,3,2,2,1
22941,1,6,2,4,1,14,13,1,7,4,6,1,3,2,1,0,2,3,1,3,2,3,2,2,1
31042,0,4,2,4,5,16,1,1,4,1,3,1,2,2,1,0,1,4,1,1,2,3,2,5,1
16004,1,4,3,4,1,24,13,3,4,4,1,1,2,2,1,0,2,1,1,2,2,3,2,2,1
25211,1,9,7,4,5,20,1,3,2,1,11,1,2,2,1,0,3,1,1,3,2,3,2,3,1
12651,1,9,7,4,1,10,1,1,10,1,8,1,2,2,1,0,3,1,1,1,2,5,2,2,1
28496,0,5,1,4,4,18,13,1,7,1,8,1,2,3,4,0,2,1,1,3,2,3,2,2,1
1615,0,10,3,4,1,17,11,1,2,4,12,8,2,2,1,0,2,1,1,2,2,3,2,2,1
10546,1,11,7,4,1,15,13,1,2,2,7,1,2,2,1,0,2,2,1,3,2,3,2,2,1
7745,0,7,7,3,5,24,1,2,7,1,9,8,3,3,4,0,1,1,1,1,3,3,2,2,1
11205,0,9,5,4,1,21,13,3,7,4,6,1,2,2,1,0,2,3,1,2,2,4,3,3,1
7531,1,11,5,4,1,11,13,1,7,3,4,8,2,2,1,0,1,1,1,1,5,3,2,2,1
23536,0,6,5,4,1,18,13,3,4,4,12,1,2,2,1,0,8,3,1,1,2,4,2,3,1
32340,0,7,5,4,1,10,7,1,3,2,7,5,2,2,1,0,3,4,1,2,2,4,2,4,1
5139,1,10,2,4,1,16,13,1,2,4,3,1,2,2,1,0,2,3,1,3,2,3,2,3,1
26030,0,8,1,4,1,18,13,1,8,4,8,1,2,2,1,0,2,2,1,2,2,5,2,2,1
16842,1,8,2,4,1,10,12,1,2,4,9,1,2,2,1,0,2,3,2,2,2,3,2,2,1
10543,0,5,4,3,1,5,7,4,7,2,7,1,2,2,1,0,1,2,1,1,2,6,2,4,1
7623,0,5,1,4,1,17,13,1,4,4,7,8,2,2,1,0,1,1,1,1,4,3,2,2,1
16953,0,7,1,4,1,12,1,1,7,1,9,1,3,3,2,0,1,3,1,1,2,3,2,2,1
19930,0,10,5,4,1,15,13,1,7,3,5,1,2,3,2,0,3,2,1,2,2,3,2,2,1
18646,1,2,7,4,1,18,2,1,4,4,3,1,3,2,1,0,2,2,1,2,2,3,2,3,1
12726,0,7,7,3,5,2,1,3,7,1,3,8,3,2,1,0,3,1,1,1,2,3,2,2,1
30300,0,9,6,4,5,18,1,1,2,1,6,8,3,2,1,0,1,3,1,1,4,3,2,2,1
20239,0,10,3,2,1,9,13,1,7,2,7,1,2,2,1,0,3,1,1,2,2,6,2,5,1
33144,0,3,3,4,1,18,13,1,7,3,9,8,2,2,1,0,2,1,1,3,4,3,2,2,1
29414,0,4,3,4,5,7,1,1,2,1,6,8,2,3,4,0,3,4,1,3,3,3,2,2,1
31676,0,3,4,2,1,15,13,1,8,4,6,8,2,2,1,0,8,2,1,1,2,5,2,5,1
135,1,5,5,4,1,18,13,5,4,4,3,1,3,2,1,0,2,3,2,2,2,5,2,5,1
10451,0,6,7,4,4,19,13,2,7,1,4,8,3,3,4,0,1,2,1,1,3,3,2,2,1
24340,0,5,1,2,5,9,1,1,4,1,9,1,2,2,1,0,1,2,1,1,2,3,2,4,1
13569,1,7,1,4,1,14,1,1,7,1,10,1,2,2,1,0,2,3,1,3,2,3,2,2,1
26480,0,4,5,4,1,17,13,1,2,2,10,1,3,2,1,0,1,2,1,1,2,3,2,3,1
7758,0,3,1,4,1,16,13,1,4,4,7,1,2,2,1,0,2,3,1,3,2,3,2,2,1
22442,0,6,5,3,5,20,1,2,7,1,9,8,2,3,4,0,1,3,1,1,3,4,2,2,1
14870,0,6,4,4,1,19,13,5,8,4,9,1,2,2,1,0,2,1,1,2,2,3,2,2,1
29899,1,8,7,4,5,17,1,1,7,1,4,1,3,2,1,0,3,3,1,2,2,5,2,2,1
5373,1,7,6,4,1,8,13,1,2,4,1,1,3,2,1,0,8,2,2,1,2,5,2,2,1
22136,0,6,5,2,5,15,1,1,4,1,9,1,3,3,4,0,1,1,1,1,2,3,2,2,1
28693,1,4,3,4,1,22,13,3,4,2,7,1,2,2,1,0,1,1,1,1,2,5,2,2,1
28723,0,7,6,3,1,16,7,1,7,2,8,2,2,2,1,0,3,3,1,3,2,5,2,2,1
8629,1,2,7,4,1,18,2,1,4,4,3,1,3,2,1,0,2,2,1,2,2,3,2,3,1
6313,1,8,6,4,1,20,13,3,7,4,9,1,2,2,1,0,2,3,1,2,2,3,2,3,1
9400,0,5,5,2,1,1,13,3,7,2,6,8,2,2,1,0,1,3,1,1,4,6,2,4,1
14801,1,7,1,4,1,19,12,1,7,1,10,1,2,2,1,0,1,1,1,1,2,5,2,2,1
2442,0,9,2,4,1,19,13,2,2,1,10,1,2,2,1,0,1,2,1,1,2,3,2,2,1
7491,1,10,2,4,1,17,13,1,7,3,8,8,2,2,1,0,1,3,2,1,3,3,2,2,1
12120,1,5,3,4,1,14,13,1,7,1,10,8,3,3,5,0,1,1,1,1,4,3,2,2,1
2652,1,7,7,4,1,23,13,3,7,1,11,1,2,2,1,0,1,1,1,1,2,5,2,5,1
9903,0,3,5,4,1,21,13,3,2,4,3,1,3,2,1,0,2,3,1,3,2,3,2,3,1
11313,1,5,7,4,1,20,13,3,4,2,8,1,2,2,1,0,1,1,1,1,2,4,2,3,1
27473,0,10,2,4,1,8,5,1,7,4,8,1,2,2,1,1,12,2,1,1,2,4,2,4,1
29528,0,8,6,3,4,14,13,1,10,1,8,8,3,3,4,0,5,4,1,1,5,2,2,7,1
836,1,12,7,4,5,17,1,1,10,1,6,7,2,3,5,0,1,1,1,1,4,3,2,2,1
18604,0,10,6,3,4,15,13,1,7,1,5,8,2,3,4,0,1,1,1,1,3,3,2,2,1
8470,1,6,4,4,4,18,13,1,8,1,3,1,2,3,4,0,1,2,1,1,2,3,2,2,1
12226,1,7,5,4,1,4,13,6,7,1,7,1,2,2,1,0,1,3,1,1,2,3,2,2,1
4063,1,7,5,4,5,17,1,1,7,1,9,8,2,3,4,0,1,1,1,1,4,3,2,4,1
8044,1,5,6,4,1,20,13,3,7,4,8,1,2,2,1,0,2,1,1,2,2,5,2,2,1
1291,1,6,5,4,5,21,1,2,2,1,9,8,2,3,3,0,1,3,1,1,3,3,2,3,1
11034,0,4,4,4,1,23,7,2,10,2,1,1,2,2,1,0,1,3,1,1,2,3,2,3,1
14519,1,8,1,3,5,6,1,3,10,1,9,1,2,2,1,0,1,3,1,1,2,3,2,2,1
9028,1,5,7,4,5,13,13,1,7,2,5,1,2,2,1,0,1,1,1,1,2,3,2,4,1
7130,0,4,3,4,1,19,13,1,2,4,4,1,2,2,1,0,2,3,1,3,2,3,2,2,1
20934,0,11,7,2,1,14,13,1,2,2,11,5,2,2,1,0,1,1,1,1,2,3,2,2,1
1876,0,4,5,4,1,13,13,1,2,4,7,8,2,2,1,0,1,3,1,1,3,3,9,2,1
13390,0,5,4,4,1,20,11,5,7,1,8,8,3,3,4,0,1,3,1,1,5,3,2,2,1
31316,0,7,7,2,1,20,13,3,7,2,5,5,2,2,1,0,1,3,1,1,2,7,2,2,1
16581,1,6,7,4,1,18,13,1,4,2,8,1,2,2,1,0,8,1,1,1,2,3,2,2,1
31142,0,10,2,2,5,16,1,1,4,1,8,8,2,3,2,0,1,1,1,1,4,3,2,2,1
16055,1,8,1,4,1,12,12,1,7,4,3,8,2,2,1,0,1,1,1,1,4,3,2,2,1
32533,0,4,5,2,1,18,21,1,7,4,9,8,2,2,1,0,2,4,1,2,2,3,2,2,1
20622,0,8,1,4,1,12,7,1,7,2,9,5,2,2,1,1,3,3,1,2,2,4,2,4,1
18897,1,2,5,4,1,1,13,2,2,1,4,1,2,3,4,0,1,3,1,1,2,3,2,2,1
6963,1,3,1,3,5,24,1,2,10,1,6,8,2,3,4,0,1,3,1,1,3,3,3,2,1
12376,1,8,4,4,5,16,1,1,7,1,6,8,2,3,8,1,5,2,1,1,3,2,2,7,1
20594,0,6,7,2,1,13,13,1,7,2,7,1,2,2,1,0,2,3,1,2,2,3,2,2,1
12686,1,4,7,4,1,23,13,3,4,4,7,7,2,2,1,0,2,3,1,2,2,3,2,2,1
11868,0,4,4,4,1,3,13,3,4,4,5,1,2,2,1,0,2,2,1,3,2,3,2,2,1
31096,0,4,1,1,1,10,2,1,4,5,6,1,2,2,1,1,12,1,2,1,4,4,2,4,1
10299,0,3,6,4,1,18,13,1,2,1,4,7,2,3,4,0,1,3,1,1,2,3,2,2,1
13036,0,3,1,4,1,17,13,1,10,4,8,1,2,2,1,0,8,1,1,1,2,3,2,2,1
3852,0,3,4,4,1,13,13,1,10,4,2,1,2,2,1,0,2,3,1,3,2,3,2,3,1
22423,0,8,5,4,1,21,13,3,7,4,12,1,2,2,1,0,2,3,1,2,2,3,2,4,1
640,0,4,7,4,1,2,13,3,2,3,3,1,2,2,1,1,2,2,1,3,2,3,2,4,1
29529,0,4,5,2,1,11,21,1,7,5,8,8,2,2,1,0,2,3,1,2,2,5,2,2,1
20888,0,5,4,4,1,8,7,2,10,2,7,1,2,2,1,0,1,2,1,1,2,3,2,2,1
11288,1,8,5,4,1,12,13,1,10,4,8,1,2,2,1,0,8,3,1,1,2,3,2,3,1
4042,1,10,4,4,1,16,13,1,7,4,7,7,2,2,1,0,2,1,1,3,2,3,2,3,1
19743,0,6,5,4,5,24,1,2,11,1,6,1,2,3,3,1,12,1,1,1,2,7,2,4,1
12625,1,8,7,3,5,23,13,3,7,1,7,1,2,3,8,0,1,1,1,1,2,3,2,3,1
15493,0,7,1,4,1,21,13,2,7,1,4,1,2,3,4,0,3,2,1,3,2,3,2,2,1
22847,1,4,2,4,5,18,1,1,7,1,7,1,3,2,1,0,1,3,1,1,2,5,2,2,1
17940,1,9,3,4,1,15,13,1,7,4,3,1,2,2,1,0,2,1,1,3,2,3,2,2,1
24779,0,4,2,2,5,14,1,1,2,1,4,1,2,2,1,0,7,2,2,1,2,3,2,3,1
19559,0,8,3,2,3,21,13,3,7,1,8,7,2,3,8,1,13,3,1,1,3,5,2,7,1
15999,0,2,7,4,1,11,13,1,4,4,2,1,2,2,1,0,2,1,1,3,2,3,2,2,1
22788,0,8,6,2,1,12,10,1,7,4,3,1,2,2,1,0,8,3,1,1,2,5,2,2,1
35353,1,6,3,4,1,6,21,1,6,4,7,1,2,2,1,0,2,4,1,2,2,6,2,5,1
8729,0,5,4,4,1,6,13,1,10,4,7,7,2,2,1,0,2,1,1,2,2,4,2,2,1
1595,1,13,5,2,1,15,22,1,8,4,4,1,2,2,1,0,2,1,1,2,2,3,2,2,1
13851,1,7,5,4,3,18,4,1,8,1,7,8,3,3,4,0,2,2,1,4,4,3,2,2,1
1007,1,5,7,4,5,13,1,1,7,1,2,8,2,3,3,0,1,1,1,1,3,3,2,3,1
5394,0,9,7,4,1,12,13,1,2,3,1,1,2,2,1,0,1,2,1,1,2,3,2,4,1
5647,0,5,5,4,5,13,15,1,4,1,8,8,2,3,4,0,1,2,1,1,4,3,2,2,1
18956,0,3,1,4,4,2,13,2,10,1,9,1,2,3,4,0,1,3,1,1,2,3,2,2,1
133,1,9,5,4,1,17,13,1,7,4,2,1,2,2,1,0,2,3,1,2,2,6,2,5,1
1268,0,11,3,4,1,8,13,1,8,2,8,1,2,2,1,1,12,3,1,1,2,6,2,4,1
19830,1,6,7,4,1,10,13,1,6,4,4,1,2,2,1,0,2,1,1,2,2,5,2,5,1
21087,0,8,1,2,1,15,13,1,1,4,6,8,2,2,1,0,4,2,1,1,2,4,2,3,1
1998,1,9,4,4,1,15,2,1,7,4,2,1,2,2,1,0,2,3,1,2,2,3,2,2,1
6434,1,7,7,4,5,1,13,3,7,1,12,8,2,3,4,0,3,3,1,3,4,3,2,3,1
31120,1,7,5,2,1,21,13,3,4,2,5,1,2,2,1,0,1,4,1,1,2,6,2,4,1
239,1,6,5,4,1,17,13,1,3,4,10,1,3,2,1,0,8,1,1,1,2,5,2,5,1
23677,0,4,1,2,5,12,1,1,2,1,4,1,2,3,2,0,1,1,1,1,3,3,2,2,1
6239,1,3,1,4,1,1,13,3,10,2,7,1,2,2,1,0,3,1,1,3,2,7,2,5,1
6866,1,7,5,4,1,15,13,1,7,4,5,1,3,2,1,0,3,3,1,3,2,5,3,3,1
2056,1,10,6,3,5,15,1,1,2,1,6,8,3,3,4,0,1,1,1,1,4,3,9,2,1
2083,1,5,6,4,4,17,13,1,4,1,8,1,3,3,4,0,1,3,1,1,2,3,2,2,1
35592,1,9,5,4,1,16,13,1,8,4,7,1,2,2,1,0,2,1,2,2,2,4,2,5,1
15352,1,8,3,4,1,6,13,4,7,1,10,1,2,2,1,0,1,2,1,1,2,3,2,2,1
21075,1,5,5,2,1,16,21,1,2,4,5,1,2,2,1,0,2,2,1,2,2,4,2,3,1
4922,0,6,6,4,1,23,13,2,7,1,6,1,2,2,1,0,1,3,1,1,2,3,2,2,1
17968,1,6,2,4,1,21,13,2,4,4,6,1,2,2,1,0,8,1,1,1,2,3,2,2,1
5941,0,7,7,4,1,14,13,1,7,2,11,1,3,2,1,0,3,3,1,2,2,3,2,2,1
35317,0,8,3,4,1,17,7,1,1,2,7,8,2,2,1,0,1,4,1,1,3,3,2,2,1
29769,1,3,7,4,5,1,1,3,10,1,10,8,2,3,4,0,5,1,1,1,4,3,2,7,1
10773,0,4,7,4,5,2,1,3,4,1,12,7,2,2,1,0,1,1,1,1,3,6,2,4,1
592,1,9,7,4,5,9,1,1,4,1,8,8,3,3,6,0,1,2,1,1,4,3,2,2,1
23809,0,4,6,2,1,23,22,3,10,4,3,1,2,2,1,0,2,1,1,3,2,5,2,5,1
16884,0,9,4,4,1,16,13,1,7,2,6,1,2,2,1,0,1,1,1,1,2,5,2,3,1
14057,1,4,7,4,1,11,13,1,4,4,7,1,2,2,1,0,2,1,1,3,2,3,2,3,1
10012,1,8,6,4,5,15,13,1,7,1,8,1,2,3,4,0,1,2,1,1,2,3,2,2,1
27636,0,3,3,3,1,14,22,1,10,5,8,1,2,2,1,0,1,2,1,1,2,4,2,4,1
304,0,5,7,4,1,12,12,1,7,6,8,8,2,2,1,0,1,3,1,1,3,3,2,2,1
20886,1,8,5,4,1,22,13,3,11,3,7,8,2,2,1,0,2,1,1,2,2,6,2,2,1
23188,0,6,1,2,5,16,1,1,8,1,8,8,3,2,1,0,1,2,1,1,3,3,2,2,1
14048,0,7,7,4,1,3,13,2,7,4,6,8,2,2,1,1,5,1,1,1,4,2,2,7,1
11488,1,6,5,4,1,24,15,3,7,1,1,8,2,2,1,0,1,1,1,1,3,3,2,2,1
34435,1,8,4,4,1,23,4,3,10,4,5,1,2,2,1,0,2,3,1,2,2,6,2,2,1
22228,1,10,3,3,1,21,10,3,8,4,1,1,2,2,1,0,1,3,1,1,2,4,3,2,1
1709,1,9,2,4,1,23,13,2,7,1,6,1,3,2,1,0,1,3,1,1,2,3,2,2,1
17263,1,8,3,4,1,14,13,1,10,4,5,1,2,2,1,0,4,2,1,1,2,3,2,2,1
13076,0,4,1,4,1,9,13,1,2,1,9,1,2,3,4,0,3,2,1,2,2,7,2,2,1
12418,0,7,1,4,1,20,13,1,2,3,8,1,2,2,1,0,2,2,1,3,2,3,2,2,1
15511,1,9,7,4,5,17,1,1,2,1,5,1,3,2,1,0,2,2,1,2,2,4,2,2,1
5378,1,4,3,3,1,14,1,1,8,1,2,7,3,2,1,0,1,2,1,1,2,5,2,5,1
11081,0,4,6,4,1,19,13,2,2,3,2,1,2,2,1,0,1,1,1,1,2,3,2,2,1
32732,0,5,4,4,1,21,13,3,4,2,2,1,2,2,1,0,1,1,1,1,2,5,2,4,1
16528,1,6,2,4,1,14,13,1,8,4,4,1,2,2,1,0,1,1,1,1,2,3,2,2,1
10369,0,3,7,3,1,14,18,1,2,6,1,1,2,2,1,0,1,2,1,1,2,6,2,5,1
33555,1,9,5,4,1,19,13,3,7,3,2,1,2,2,1,0,2,3,1,2,2,5,2,2,1
34307,1,7,7,4,1,20,13,3,7,2,5,1,2,2,1,0,3,3,1,2,2,4,2,3,1
31327,0,9,3,3,1,6,13,1,7,4,7,8,2,6,1,0,8,3,1,1,1,1,1,1,1
16406,1,3,2,4,1,17,23,1,8,4,11,1,2,2,1,0,8,2,1,1,2,5,2,4,1
12605,1,7,7,4,5,1,14,2,7,1,6,8,2,3,4,0,1,1,1,1,3,3,2,3,1
36323,0,5,4,2,1,15,4,1,4,7,7,1,2,2,1,0,8,3,1,1,2,3,2,2,1
14480,0,7,5,4,1,2,13,2,8,2,9,7,2,2,1,0,1,2,1,1,2,5,2,4,1
5689,1,5,1,4,1,13,13,1,4,2,9,1,2,2,1,0,3,1,1,3,2,3,2,2,1
6608,1,9,6,4,5,16,1,1,7,1,6,8,2,2,1,0,1,2,2,1,3,3,2,2,1
16517,1,4,2,4,1,20,13,5,4,4,3,8,2,2,1,0,2,1,1,3,3,3,2,2,1
6706,1,10,7,4,5,9,1,1,2,1,5,8,2,3,4,0,1,3,1,1,4,3,2,2,1
20133,0,5,1,2,5,19,1,1,8,1,5,8,3,2,1,0,1,3,2,1,3,5,2,2,1
4745,0,8,2,4,5,10,1,1,7,1,6,8,2,3,4,0,1,1,1,1,4,3,2,2,1
1065,1,9,6,4,1,18,21,1,7,4,3,1,2,2,1,0,2,3,1,3,2,4,2,4,1
8659,0,6,3,4,1,12,13,1,4,4,5,1,3,2,1,0,2,3,1,2,2,3,2,3,1
8217,0,8,4,4,1,6,13,4,2,3,8,1,2,2,1,0,1,1,1,1,2,3,2,2,1
33352,0,8,7,4,5,18,1,1,7,1,8,8,2,3,4,0,3,3,1,2,2,6,2,2,1