id,Severity,age_classes,day_week,DEFORMED_classes,m_harm_classes,hour,impact1_classes,lgt_cond,make,man_coll,month,p_crash1,pcrash4,pcrash5,rel_road,reljct1,reljct2,rest_use,sex,typ_int,valign,vnum_lan,vsurcond,vtrafway,weather_classes
11756,1,4,4,4,5,1,13,3,4,1,6,1,2,2,1,0,1,3,1,1,2,3,2,2,1
2736,0,7,7,3,5,24,1,2,7,1,9,8,3,3,4,0,1,1,1,1,3,3,2,2,1
15057,1,6,7,4,1,14,13,1,7,4,5,7,2,2,1,0,1,1,1,1,2,3,2,2,1
1790,1,10,1,4,1,12,13,1,7,1,9,1,2,2,1,0,1,3,1,1,2,3,2,2,1
16288,0,3,2,4,1,24,13,2,2,4,8,1,2,2,1,0,8,1,1,1,2,5,2,5,1
11678,0,9,1,4,2,2,13,2,2,1,9,1,2,3,4,0,1,3,1,1,2,3,2,4,1
24193,0,6,3,4,1,20,10,3,4,1,8,1,2,2,1,0,1,1,1,1,2,3,2,2,1
17969,0,8,2,4,1,20,13,1,2,3,5,1,2,2,1,0,4,1,1,1,2,3,2,3,1
1026,0,9,4,4,1,20,13,2,7,2,3,1,2,2,1,0,3,3,1,2,2,5,2,2,1
30814,1,8,4,4,1,20,13,3,10,4,10,8,2,2,1,0,2,1,1,3,2,3,2,2,1
23173,0,9,4,3,1,8,13,1,7,2,6,5,2,2,1,0,1,2,2,1,2,5,2,4,1
5087,1,5,6,4,1,10,13,1,4,4,10,1,2,2,1,0,1,1,1,1,2,3,2,2,1
6927,0,4,3,4,1,13,13,1,2,2,9,7,2,2,1,1,12,3,1,1,4,3,2,4,1
4024,1,4,4,4,1,8,13,1,10,4,7,7,2,2,1,0,7,1,1,1,2,3,2,3,1
6847,1,5,7,4,5,19,13,1,10,1,9,1,2,3,3,0,1,1,1,1,2,3,2,4,1
299,1,9,7,4,1,20,13,3,7,3,7,8,2,2,1,0,1,3,1,1,4,3,2,2,1
12251,1,8,1,4,1,20,13,5,7,2,6,1,2,2,1,0,8,1,1,1,2,3,2,2,1
19065,1,4,7,4,1,11,13,1,4,4,7,1,2,2,1,0,2,1,1,3,2,3,2,3,1
9848,0,6,1,4,1,17,13,1,10,1,7,1,3,2,1,0,1,1,2,1,2,3,2,2,1
9899,0,4,3,4,1,16,13,1,2,4,9,1,2,2,1,0,2,3,1,3,2,3,2,2,1
7718,0,7,7,3,5,2,1,3,7,1,3,8,3,2,1,0,3,1,1,1,2,3,2,2,1
7820,1,4,6,4,1,10,13,1,7,2,7,1,3,2,1,0,2,1,1,2,2,3,2,4,1
15162,0,3,1,4,1,12,13,1,2,4,3,1,3,2,1,0,2,1,1,3,2,3,2,3,1
24018,0,9,3,3,1,15,6,1,10,4,5,8,2,2,1,0,2,1,1,3,2,3,2,2,1
8652,0,2,3,4,1,22,2,2,4,1,5,8,2,3,4,0,1,2,1,1,4,3,3,2,1
18343,0,5,1,4,1,10,13,1,7,4,6,1,2,2,1,0,4,3,1,1,2,3,2,2,1
5170,0,9,6,4,1,13,13,1,7,4,5,1,2,2,1,0,2,3,1,2,2,3,2,2,1
11528,1,7,6,4,1,20,13,1,4,1,5,1,2,2,1,0,1,1,1,1,2,3,2,4,1
3404,1,4,4,4,1,16,13,1,4,3,8,7,2,2,1,0,1,3,1,1,5,5,2,2,1
18858,0,8,5,4,1,8,13,1,6,3,6,7,2,2,1,0,2,1,1,3,2,3,2,2,1
14081,1,7,5,4,5,17,1,1,7,1,9,8,2,3,4,0,1,1,1,1,4,3,2,4,1
22832,1,10,6,2,1,16,10,1,7,5,7,7,2,2,1,0,2,3,1,3,2,5,2,2,1
15822,0,4,3,3,3,13,13,1,10,4,12,1,3,2,1,0,8,2,1,1,2,4,2,3,1
14204,0,4,7,3,1,11,1,1,2,1,3,7,3,2,1,0,2,3,1,3,2,5,2,5,1
11573,1,10,6,4,5,17,15,1,7,1,8,1,2,3,5,0,1,1,1,1,2,3,2,2,1
28671,1,9,5,3,1,22,13,3,7,4,6,1,2,2,1,0,8,1,1,1,2,6,2,2,1
25270,0,5,6,4,5,20,1,1,4,1,6,1,2,2,1,0,1,2,1,1,2,5,2,4,1
7625,0,5,6,4,1,16,13,1,3,4,8,1,2,2,1,0,2,1,1,3,2,3,3,2,1
12626,1,4,3,4,3,16,13,1,4,1,7,1,2,3,4,0,3,1,1,1,2,5,2,5,1
25125,1,9,5,4,4,16,13,1,10,1,11,1,2,3,4,0,1,1,2,1,2,3,2,2,1
11161,1,4,4,4,1,20,13,3,2,1,5,8,2,3,3,0,1,3,1,1,4,3,2,3,1
9744,0,4,1,4,4,23,13,2,2,1,7,8,2,3,4,0,1,1,1,1,3,3,2,2,1
13178,0,4,6,4,5,21,13,2,4,1,6,8,2,3,4,0,1,1,1,1,4,3,2,2,1
11303,0,2,2,4,1,20,13,2,2,3,9,1,2,2,1,0,2,3,1,3,2,3,2,2,1
35798,0,6,3,4,1,17,17,1,7,1,7,8,2,3,4,0,1,2,1,1,4,3,2,2,1
19117,1,5,6,4,1,21,13,3,2,4,6,1,2,2,1,0,8,1,2,1,2,3,2,5,1
21818,0,4,6,4,1,18,1,1,8,1,3,8,2,2,1,0,1,2,1,1,5,3,2,2,1
7684,1,3,6,4,1,14,13,1,4,4,9,1,2,2,1,0,2,3,1,2,2,6,2,5,1
29291,0,8,2,2,1,13,4,1,7,5,6,7,2,2,1,0,1,4,1,1,2,5,2,2,1
34059,0,8,7,4,1,11,13,1,2,4,6,1,2,2,1,0,2,3,1,2,2,3,2,2,1
9117,0,5,7,2,5,19,1,2,7,3,1,8,2,2,1,0,1,3,2,1,3,3,2,2,1
11215,1,4,5,4,1,22,13,3,10,1,3,1,2,2,1,0,3,3,1,2,2,3,2,3,1
6710,1,7,2,4,1,18,13,1,7,2,6,1,2,2,1,0,1,3,1,1,2,3,2,2,1
8488,1,4,1,4,1,20,12,5,7,4,5,1,2,2,1,0,1,3,1,1,2,3,2,2,1
12109,0,6,3,4,1,14,13,1,10,4,9,1,3,2,1,1,5,3,1,1,2,5,2,3,1
24497,0,8,7,4,1,16,13,1,7,2,6,1,2,2,1,0,1,3,1,1,2,3,2,2,1
16347,1,9,3,4,5,11,1,1,10,1,10,1,2,3,3,0,1,1,1,1,2,3,2,3,1
709,1,9,7,4,1,12,13,1,7,4,10,1,2,2,1,0,2,2,1,2,2,3,2,2,1
15295,1,5,1,4,1,17,13,1,7,4,2,1,2,2,1,0,8,3,2,1,2,5,2,2,1
31250,0,3,3,4,1,21,13,3,10,3,7,1,2,2,1,0,2,3,1,3,2,3,2,2,1
17972,1,7,1,4,1,12,10,1,7,4,6,1,2,2,1,0,2,1,1,3,2,3,2,2,1
5563,1,7,7,4,1,16,18,1,7,5,5,1,2,2,1,0,1,2,1,1,2,6,2,4,1
32675,1,7,1,3,5,2,1,3,7,1,7,1,2,3,4,0,1,3,1,1,2,3,2,3,1
2990,1,5,3,4,1,24,13,3,4,4,7,1,2,2,1,0,2,1,1,4,2,5,2,2,1
20723,0,4,2,2,3,9,1,1,1,1,6,7,2,2,1,0,1,2,1,1,2,3,2,3,1
16022,0,10,1,4,1,9,13,1,2,4,1,8,2,2,1,0,1,1,1,1,5,3,3,2,1
17028,1,9,3,4,1,4,2,2,7,5,5,1,2,2,1,0,1,3,1,1,2,3,2,4,1
19881,0,4,7,4,1,9,13,1,4,2,9,1,2,2,1,0,1,1,1,1,2,3,2,2,1
34103,1,3,6,3,1,14,13,1,8,4,3,1,3,2,1,0,2,4,1,2,2,5,2,2,1
24681,0,3,4,4,5,13,1,1,4,1,8,1,3,2,1,0,2,1,1,2,2,3,2,2,1
23696,0,7,4,2,1,16,13,1,7,4,6,7,2,2,1,0,1,2,1,1,2,6,2,4,1
6657,0,4,5,4,1,22,13,3,8,4,11,1,2,2,1,0,2,3,1,2,2,3,2,4,1
3191,1,9,1,4,5,18,4,1,7,1,7,8,2,3,4,0,1,1,1,1,4,3,2,2,1
10099,0,9,4,4,1,16,11,1,8,4,10,1,2,2,1,0,3,1,1,2,2,3,2,3,1
15054,0,4,5,4,1,14,13,1,4,1,6,1,2,2,1,0,6,3,1,1,2,3,2,2,1
13839,1,6,3,4,1,11,13,1,10,2,10,1,3,2,1,0,8,2,1,1,2,3,2,3,1
20874,0,4,5,4,1,7,7,1,11,2,6,2,2,2,1,0,1,1,1,1,2,3,2,3,1
32246,0,8,2,2,1,21,13,3,10,2,9,5,2,2,1,1,14,1,1,1,2,2,2,7,1
13920,1,7,7,2,1,17,13,1,3,3,4,1,2,2,1,0,8,3,1,1,2,3,2,2,1
19461,1,11,7,3,1,24,13,2,7,1,6,8,2,2,1,0,1,3,1,1,4,3,2,4,1
5355,1,3,3,4,1,9,13,1,4,3,1,1,2,2,1,0,3,2,1,2,2,5,2,5,1
4916,0,8,2,3,1,16,13,1,7,1,6,1,2,2,1,0,1,3,1,1,2,3,2,2,1
24076,0,10,1,4,1,14,13,1,4,4,6,1,2,2,1,0,2,1,2,3,2,3,3,2,1
12550,0,4,2,4,4,16,13,1,2,1,5,8,2,3,6,0,2,3,1,3,2,3,2,2,1
9504,1,2,7,3,1,24,13,2,2,1,9,1,2,3,4,0,1,2,1,1,2,3,2,2,1
24666,0,8,6,4,1,23,13,3,2,2,8,1,2,2,1,0,8,1,1,1,2,3,2,2,1
15085,1,5,7,4,1,12,13,1,2,4,8,1,2,2,1,0,2,1,1,3,2,3,2,3,1
7793,1,3,4,4,1,1,13,2,4,2,6,1,2,2,1,0,1,1,1,1,2,3,2,2,1
27239,0,7,2,4,1,16,13,1,7,4,4,1,2,2,1,0,2,3,1,2,2,5,2,2,1
8567,1,8,7,4,2,16,13,5,7,1,11,8,2,3,4,0,1,2,1,1,4,3,2,2,1
21061,0,4,2,2,5,18,1,3,8,1,2,1,2,2,1,0,8,2,1,1,2,4,2,3,1
8482,0,8,3,4,1,15,1,1,2,1,4,1,2,2,1,0,2,3,1,2,2,5,2,2,1
577,0,10,2,3,1,7,13,1,7,3,6,8,2,2,1,0,1,1,1,1,3,3,2,2,1
33395,0,9,1,4,1,19,13,5,4,4,5,1,2,2,1,0,1,4,1,1,2,3,2,2,1
33233,0,4,3,3,1,20,4,3,2,4,4,1,2,2,1,0,2,3,1,2,2,3,2,2,1
13061,1,6,4,4,1,19,1,1,7,1,8,1,3,2,1,0,2,1,1,3,2,3,2,2,1
28672,1,11,1,2,5,14,1,1,7,1,6,1,2,2,1,0,1,3,1,1,2,6,2,2,1
16782,1,4,3,4,1,16,13,1,2,4,6,1,3,2,1,0,2,2,1,3,2,3,2,2,1
15824,1,7,5,4,1,12,12,1,1,5,5,7,2,2,1,0,2,1,1,3,2,5,2,3,1
26808,0,4,6,4,1,24,13,2,2,1,4,8,2,2,1,0,1,2,2,1,4,3,2,2,1
5835,1,4,1,4,4,9,13,1,10,1,5,1,2,3,4,0,1,3,1,1,2,3,2,2,1
35219,1,4,7,2,1,16,19,1,7,6,3,8,2,2,1,0,1,4,1,1,3,3,2,2,1
14898,0,9,2,4,1,20,13,1,2,3,6,8,2,2,1,0,1,1,1,1,4,3,2,2,1
11230,0,4,2,4,1,21,13,3,8,4,7,1,2,2,1,1,2,1,1,2,2,4,2,3,1
1523,0,7,4,4,2,19,13,1,4,1,6,1,2,3,2,0,1,1,1,1,2,3,2,3,1
12078,1,6,6,4,1,21,18,5,7,4,7,1,2,2,1,0,3,1,1,3,2,5,2,2,1
23373,0,2,1,3,5,1,1,3,3,1,8,1,3,2,1,0,1,2,1,1,2,3,3,4,1
20062,1,4,4,4,5,22,15,3,2,1,8,1,3,3,4,0,1,3,1,1,2,3,2,2,1
25027,0,7,3,4,1,16,13,1,8,2,6,1,2,2,1,0,3,1,1,3,2,5,2,2,1
12343,0,6,2,4,2,18,15,1,10,1,8,7,2,3,3,0,1,2,1,1,2,3,2,4,1
6590,0,6,1,4,1,23,13,2,4,2,10,1,3,2,1,0,1,1,1,1,2,3,2,2,1
22219,0,8,6,4,5,10,1,1,7,1,12,1,3,2,1,0,2,3,1,2,2,3,2,2,1
1379,1,3,2,4,1,17,23,1,8,4,11,1,2,2,1,0,8,2,1,1,2,5,2,4,1
13729,1,7,7,4,1,16,3,1,8,4,6,8,2,2,1,0,2,1,1,4,3,3,2,2,1
33127,1,7,1,4,1,13,11,1,7,5,8,6,2,2,1,0,5,1,1,1,3,2,2,7,1
29872,0,4,1,2,1,23,22,2,4,5,10,1,2,2,1,0,1,4,1,1,2,5,2,4,1
27879,0,8,7,1,1,14,21,1,8,4,5,1,2,2,1,0,2,1,1,3,2,5,2,2,1
10719,0,4,5,2,2,22,13,2,10,1,10,1,2,2,1,0,1,2,1,1,2,5,2,4,1
26523,1,4,3,4,1,17,13,1,7,3,5,1,2,2,1,0,8,3,1,1,2,5,2,5,1
22553,0,12,1,2,2,14,15,1,7,1,10,8,2,3,4,0,1,3,1,1,4,3,2,2,1
36632,0,5,6,2,5,16,1,1,7,1,8,3,3,2,1,0,3,4,1,2,2,3,2,3,1
21494,1,8,1,4,1,10,13,1,7,2,4,1,2,2,1,0,1,2,1,1,2,2,2,3,1
15253,1,4,2,4,1,16,13,1,7,4,10,1,2,2,1,0,2,3,2,2,2,4,2,4,1
14904,1,3,2,4,1,16,13,1,7,1,8,1,2,2,4,0,1,2,1,1,2,3,2,2,1
28680,0,8,7,4,5,10,1,1,7,1,6,1,2,2,1,0,1,1,1,1,2,3,2,2,1
6501,1,8,1,3,5,1,1,3,7,1,3,8,2,3,2,0,1,1,1,1,3,3,3,2,1
9194,0,4,7,3,1,11,1,1,2,1,3,7,3,2,1,0,2,3,1,3,2,5,2,5,1
14812,0,8,7,4,1,16,13,1,7,3,2,1,2,2,1,0,1,1,2,1,2,3,2,2,1
36470,1,8,1,4,3,14,13,1,7,1,2,1,2,3,3,0,1,2,1,1,2,4,2,4,3
7893,0,4,1,4,1,14,13,1,2,1,11,1,2,3,4,0,1,3,1,1,2,3,2,2,1
17101,1,8,1,4,4,21,13,2,7,1,7,8,3,3,4,0,1,1,1,1,4,3,3,2,1
18361,1,4,4,3,5,16,1,1,2,1,7,8,2,2,1,0,1,3,1,1,3,3,9,2,1
30377,0,6,7,2,5,19,1,3,4,1,8,1,2,2,1,0,2,3,1,2,2,6,3,2,1
13995,0,5,1,4,1,13,13,1,7,3,9,1,2,2,1,0,1,2,1,1,2,3,2,2,1
16064,1,8,1,4,5,21,12,3,7,4,4,1,2,2,1,0,2,3,1,2,2,6,2,5,1
17537,1,9,4,4,1,6,13,4,7,4,3,1,2,2,1,0,2,1,1,2,2,3,2,3,1
15465,1,4,2,4,1,21,13,3,10,4,5,1,2,2,1,0,2,2,1,3,2,5,2,5,1
5994,1,7,4,4,5,6,1,2,7,1,2,1,2,2,1,0,2,3,1,2,2,5,8,5,1
3947,1,7,7,4,1,21,10,2,10,4,10,1,2,2,1,0,2,1,1,2,2,3,2,3,1
6602,1,4,4,4,1,14,13,1,10,1,11,1,2,2,1,0,1,1,1,1,2,3,2,2,1
10910,0,7,1,4,1,20,13,2,7,3,11,1,2,2,1,0,1,3,1,1,2,3,2,2,1
29613,0,7,7,3,1,20,13,3,10,2,9,1,2,2,1,0,1,3,1,1,2,5,2,4,1
11779,1,10,6,4,5,17,1,1,10,1,8,1,3,2,1,0,1,3,1,1,2,3,2,2,1
15035,1,7,5,1,5,20,1,3,7,1,3,8,2,3,4,0,8,1,1,1,2,3,2,2,1
5012,1,7,6,4,1,22,13,3,2,4,2,1,2,2,1,0,2,1,1,2,2,3,2,3,1
880,0,10,4,2,5,11,1,1,10,1,8,1,3,2,1,0,2,1,1,2,2,3,2,2,3
24415,1,10,3,4,1,8,13,1,7,4,7,1,2,2,1,0,8,3,1,1,2,3,2,2,1
6868,0,7,2,3,1,11,21,1,7,5,5,1,2,2,1,0,1,3,2,1,2,3,2,2,1
17153,0,8,7,4,1,17,13,1,8,3,4,8,2,2,1,0,1,1,1,1,3,3,2,2,1
33257,0,6,1,4,1,21,7,3,7,2,7,5,2,2,1,0,3,3,1,2,2,5,2,3,1
19130,1,6,4,3,1,7,13,1,4,4,1,8,2,2,1,0,2,3,1,2,4,4,2,3,1
5330,1,8,6,4,1,20,13,3,7,4,10,1,2,2,1,0,2,3,1,2,2,5,2,2,1
3472,0,9,7,4,1,22,1,3,10,1,4,1,2,2,1,0,2,2,1,2,3,3,2,2,1
29680,0,9,3,2,1,12,18,1,3,5,1,8,2,2,1,1,2,4,1,4,4,5,2,4,1
19480,0,4,2,2,1,2,13,3,4,1,4,8,2,3,4,0,1,1,1,1,4,5,2,3,1
5337,1,8,1,4,1,12,13,1,7,4,10,1,2,2,1,0,2,3,1,3,2,3,2,2,1
14940,0,6,6,4,1,23,13,2,7,1,6,1,2,2,1,0,1,3,1,1,2,3,2,2,1
2754,1,6,7,4,1,24,13,3,7,2,8,1,2,2,1,0,1,3,1,1,2,5,2,3,1
13269,1,5,1,4,5,13,1,1,2,1,11,8,2,3,4,0,1,1,1,1,4,3,2,2,1
5804,0,4,3,3,3,13,13,1,10,4,12,1,3,2,1,0,8,2,1,1,2,4,2,3,1
7628,1,10,4,4,5,17,1,1,7,1,8,7,2,3,3,0,1,1,1,1,3,3,2,3,1
26325,1,10,1,2,1,21,13,2,2,1,5,1,2,2,1,0,1,2,1,1,2,3,2,2,1
33883,0,9,2,4,1,13,18,1,7,4,8,8,2,2,1,0,8,2,2,1,2,3,2,6,1
20721,0,6,7,3,1,12,13,1,4,1,6,1,2,3,7,0,1,1,2,1,2,3,2,2,1
8293,0,6,1,4,1,19,13,1,8,3,5,1,2,2,1,0,1,3,1,1,2,3,3,2,1
20263,1,4,3,2,1,19,13,1,8,2,8,1,2,2,1,0,1,2,1,1,2,5,2,5,1
32047,0,3,6,3,1,12,13,1,7,4,7,8,2,2,1,0,2,4,1,3,2,3,2,2,1
1694,1,7,1,4,1,1,13,2,7,1,5,1,2,2,1,0,1,3,1,1,2,3,2,2,1
24840,1,4,6,3,5,20,1,1,8,1,8,8,3,2,1,0,1,2,1,1,3,3,2,2,1
32016,0,3,2,4,1,12,13,1,3,2,2,1,2,2,1,0,3,4,1,3,2,3,2,4,3
24325,0,8,3,4,1,17,13,1,7,2,7,1,2,2,1,0,1,2,1,1,2,6,2,2,1
31879,0,8,7,4,1,14,13,1,7,4,6,1,2,2,1,0,2,1,2,2,2,3,2,4,1
22182,0,4,2,3,1,11,7,1,2,2,4,7,2,2,1,0,1,3,1,1,2,7,2,5,1
2802,1,3,7,4,1,16,13,1,2,1,7,1,3,3,2,0,1,3,1,1,2,3,2,2,1
9561,1,4,1,2,5,21,1,3,4,1,10,1,2,2,1,1,2,3,1,2,2,3,2,3,1
23108,0,6,6,4,1,18,7,3,2,2,10,1,2,2,1,0,1,2,2,1,2,3,2,3,1
35000,0,8,2,2,1,16,7,1,8,2,4,7,2,2,1,0,1,3,1,1,2,6,2,4,1
22867,1,6,2,3,1,9,13,1,6,2,8,1,2,2,1,0,1,3,1,1,2,5,2,4,1
4949,0,9,2,4,1,19,2,1,2,4,8,8,2,2,1,0,3,3,1,3,2,3,2,2,1
11519,1,6,2,4,1,14,13,1,8,4,4,1,2,2,1,0,1,1,1,1,2,3,2,2,1
15403,0,5,2,4,3,21,1,3,2,1,2,7,3,2,1,0,1,2,1,1,2,4,2,5,1
4682,1,6,7,4,1,17,1,1,7,1,8,8,3,3,4,0,1,2,1,1,3,3,2,2,1
3182,1,4,3,4,1,11,13,1,10,4,7,1,2,2,1,0,3,1,1,1,2,5,2,2,1
22567,0,7,1,4,1,14,13,1,8,4,11,1,2,2,1,0,2,2,1,2,2,3,2,2,1
3331,0,4,2,3,2,15,2,1,4,1,7,8,2,3,4,0,1,3,1,1,4,3,9,2,1
36234,0,9,3,4,1,10,7,1,7,2,5,5,2,2,1,0,1,3,1,1,2,4,2,4,1
13374,0,4,4,1,1,21,8,2,10,1,8,1,2,2,1,0,1,3,1,1,2,3,2,2,1
7553,0,6,2,4,1,21,13,2,2,4,7,1,2,2,1,0,2,1,1,3,2,3,2,2,1
1719,1,9,2,4,5,16,1,1,7,1,7,8,2,3,4,1,5,3,1,1,4,2,2,7,1
10111,1,6,7,4,1,21,13,3,10,4,10,1,2,2,1,0,2,1,1,3,2,3,2,2,1
32231,0,7,6,4,1,19,13,3,7,1,11,1,2,3,4,0,1,1,1,1,2,3,2,3,1
7225,1,7,6,4,5,18,13,5,7,1,8,8,2,3,6,0,1,3,1,1,3,3,2,2,1
2149,1,7,3,2,5,20,15,3,7,1,5,1,3,3,3,0,3,1,1,2,2,2,2,3,1
10911,1,8,1,4,1,18,13,3,7,2,12,1,2,2,1,0,1,3,1,1,2,3,2,5,1
10655,0,5,5,4,5,13,15,1,4,1,8,8,2,3,4,0,1,2,1,1,4,3,2,2,1
11608,0,7,5,4,3,2,13,2,7,1,11,8,2,3,3,0,2,2,1,2,4,3,2,4,1
33472,0,8,7,4,1,24,13,2,8,1,5,1,2,2,1,0,1,4,1,1,2,3,2,2,1
20670,0,3,3,2,1,22,21,3,2,5,3,8,2,2,1,0,3,2,1,2,2,7,2,3,1
22234,1,3,5,3,1,18,13,5,10,3,1,1,2,2,1,0,2,3,1,7,2,3,2,4,1
12424,0,3,5,4,1,18,13,1,2,4,8,1,2,2,1,0,8,2,1,1,2,3,2,2,1
25166,1,7,6,3,4,10,12,1,4,1,6,1,2,3,4,0,1,1,2,1,2,3,2,2,1
27416,1,6,7,4,5,14,1,1,7,1,5,1,2,2,1,0,3,3,1,2,2,3,2,2,1
14867,1,10,5,4,1,18,13,1,2,3,9,1,2,2,11,0,1,1,1,1,2,3,2,5,1
22356,1,5,2,4,3,2,13,3,4,1,9,8,2,3,4,0,1,3,1,1,4,3,2,2,1
10736,0,6,1,4,1,16,13,1,1,6,10,8,2,2,1,0,1,1,2,1,4,3,2,2,1
16101,1,9,7,4,1,24,13,3,7,2,1,1,2,2,1,0,2,3,1,3,2,5,2,3,1
17396,0,7,3,4,1,18,13,1,7,4,6,1,2,2,1,0,8,2,1,1,2,3,2,2,1
7900,1,8,7,4,1,18,13,1,11,3,5,2,2,2,1,0,1,1,1,1,3,3,2,2,1
29771,1,6,2,3,1,17,13,1,7,2,10,2,2,2,1,0,1,1,1,1,2,4,2,2,1
22828,0,9,1,2,1,15,4,1,7,5,7,7,2,2,1,1,12,2,1,1,4,4,2,3,1
23459,1,8,1,4,5,17,1,1,7,1,5,1,3,2,1,0,1,3,1,1,2,6,2,4,1
25664,0,3,7,2,1,14,8,1,2,5,6,5,2,2,1,0,3,2,2,3,2,3,2,2,1
284,0,8,7,4,1,18,13,1,2,4,5,8,2,2,1,0,1,2,1,1,3,3,2,2,1
1056,0,7,6,4,1,15,13,1,10,4,1,1,2,2,1,0,4,1,1,1,2,3,3,4,1
24453,1,8,2,4,1,21,13,3,7,4,8,1,2,2,1,0,8,3,1,1,2,5,2,5,1
29843,1,3,6,4,1,23,4,2,4,2,2,1,2,2,1,0,1,3,1,1,2,5,2,4,1
12107,1,6,6,4,1,19,13,1,2,2,7,1,3,2,1,0,3,3,1,2,2,3,2,3,1
31915,0,10,1,3,5,22,1,2,11,1,8,1,2,2,1,0,1,1,1,1,2,5,2,4,1
10854,1,8,6,4,1,20,13,5,2,3,6,1,3,2,1,0,2,1,1,2,2,5,2,5,1
18329,0,4,3,4,1,19,13,1,4,3,5,8,2,2,1,0,1,1,1,1,5,3,2,2,1
3685,1,8,7,4,4,17,1,1,7,1,5,8,2,5,1,0,1,3,1,1,4,3,2,2,1
31706,0,4,1,2,5,15,22,1,4,5,7,1,2,2,1,0,1,3,1,1,2,4,2,4,1
5622,1,4,1,4,1,21,13,3,4,1,8,1,2,3,5,0,1,2,1,1,2,5,2,5,1
34614,0,5,6,4,1,15,13,1,4,2,3,1,2,2,1,0,1,4,1,1,2,6,2,5,1
10481,1,4,1,4,1,22,13,2,8,2,2,7,2,2,1,0,1,2,1,1,2,5,2,4,1
31609,0,4,6,4,1,15,13,1,2,3,4,1,2,2,1,0,2,1,1,2,2,5,3,5,1
35323,0,4,3,4,1,17,13,1,3,2,7,8,2,2,1,0,1,4,1,1,3,3,2,2,1
1055,1,4,6,4,3,1,15,3,10,1,1,8,2,3,4,0,1,3,1,1,4,3,2,2,1
11672,0,4,7,4,1,2,12,3,2,1,7,8,2,3,4,0,1,3,1,1,3,3,2,4,1
29542,0,4,7,2,5,20,1,2,2,1,9,8,2,3,4,0,5,4,1,1,4,2,3,7,1
13395,0,9,4,4,1,17,10,1,7,6,8,8,2,2,1,0,1,3,1,1,3,3,2,2,1
24942,1,8,1,4,1,18,13,3,7,4,12,1,2,2,1,0,2,2,1,2,2,3,2,3,1
15181,1,7,1,4,5,13,1,1,7,3,4,8,2,2,1,0,1,1,2,1,3,3,2,2,1
19494,0,5,3,4,1,6,12,4,7,4,9,1,3,2,1,0,8,3,1,1,2,3,2,2,1
8916,1,7,5,2,1,22,13,3,7,1,7,1,2,3,3,0,1,1,1,1,2,3,2,4,1
4704,0,8,3,4,5,17,1,1,10,1,5,8,2,2,1,0,1,1,1,1,4,3,2,2,1
7228,0,4,7,4,1,18,13,2,3,3,10,1,2,2,1,0,1,2,1,1,2,3,2,2,1
584,1,4,2,4,4,12,13,1,2,1,7,8,2,3,4,0,1,1,1,1,3,3,2,2,1
35999,0,7,3,4,1,17,13,1,10,2,11,1,2,2,1,0,1,3,1,1,2,7,2,4,1
31746,0,5,5,2,1,8,13,1,7,2,8,1,2,2,1,0,1,4,1,1,2,5,2,4,1
18118,1,6,6,4,1,22,13,3,10,1,12,1,2,3,4,0,1,2,1,1,2,3,2,2,1
473,1,3,3,4,1,22,13,3,4,4,5,1,2,2,1,0,8,2,1,1,2,3,2,3,1
20734,0,6,1,2,1,19,21,1,7,4,7,1,2,2,1,0,2,2,1,2,2,5,2,6,1
3060,1,6,7,4,1,20,13,3,8,1,9,8,2,3,4,0,3,3,1,3,5,5,2,2,1
3223,0,11,4,4,5,11,1,1,7,1,9,1,2,2,1,0,2,1,1,3,2,3,2,2,1
29760,0,7,4,3,5,6,1,4,10,1,9,1,2,2,1,0,1,1,1,1,2,5,2,3,1
20704,0,8,4,2,1,16,13,1,2,2,5,2,2,2,1,0,1,2,1,1,2,4,2,3,1
32081,0,10,3,3,1,13,13,1,2,4,8,8,2,2,1,0,8,4,1,1,2,3,2,2,1
5610,0,7,4,4,1,22,13,3,8,4,7,1,2,2,1,0,2,2,1,2,2,4,2,3,1
25475,0,3,5,4,5,16,1,1,10,1,5,1,3,2,1,0,1,2,1,1,2,3,2,2,1
4947,0,8,7,3,5,16,1,1,7,1,8,1,2,3,4,0,1,3,1,1,4,3,2,2,1
7634,0,8,5,4,1,13,1,1,2,1,9,7,3,2,1,0,1,1,1,1,2,3,2,2,1
12584,0,8,2,4,1,12,13,1,7,3,12,8,2,2,1,0,1,1,1,1,3,3,2,2,1
3549,0,10,1,4,5,19,13,5,2,1,9,1,2,2,1,0,1,3,1,1,3,4,2,4,1
33275,1,4,6,4,1,2,20,3,7,4,10,1,2,2,1,0,3,3,1,3,2,4,2,3,1
28338,0,7,7,2,1,15,7,1,7,2,7,5,2,2,1,0,1,1,1,1,2,3,2,2,1
4388,0,9,6,2,1,21,13,2,7,4,4,8,3,2,1,0,8,3,1,1,3,3,2,2,1
21527,0,5,3,4,5,23,1,2,10,1,5,1,3,3,4,0,1,2,1,1,3,3,2,2,1
6836,0,3,1,4,5,19,15,3,4,1,10,1,3,3,3,1,5,3,1,1,2,2,2,7,1
6739,1,8,6,4,1,19,13,1,7,2,7,1,2,2,1,0,1,2,1,1,2,3,2,2,1
10620,1,9,4,4,1,15,13,1,7,4,7,8,2,2,1,0,8,2,1,1,4,3,2,2,1