id,Severity,age_classes,day_week,DEFORMED_classes,m_harm_classes,hour,impact1_classes,lgt_cond,make,man_coll,month,p_crash1,pcrash4,pcrash5,rel_road,reljct1,reljct2,rest_use,sex,typ_int,valign,vnum_lan,vsurcond,vtrafway,weather_classes
1125,0,9,6,4,1,15,13,1,7,3,4,1,2,2,1,0,2,3,1,2,2,4,2,3,1
21520,1,8,6,4,1,12,13,1,10,4,12,8,2,2,1,0,2,3,1,3,2,5,2,5,1
13976,0,7,6,4,1,22,13,2,7,4,12,1,2,2,1,0,2,3,1,3,2,3,2,2,1
29492,0,7,5,2,1,22,13,3,7,2,6,2,2,2,1,0,3,3,1,2,2,5,2,5,1
6725,0,4,4,4,1,18,13,1,2,4,6,1,3,2,1,0,2,2,1,3,2,3,2,2,1
16833,1,10,2,4,1,11,13,1,2,4,8,1,2,2,1,0,2,1,1,2,2,3,2,2,1
18189,1,4,5,4,1,15,13,1,8,3,6,8,2,2,1,0,1,1,1,1,3,3,2,2,1
5889,0,10,4,2,5,11,1,1,10,1,8,1,3,2,1,0,2,1,1,2,2,3,2,2,3
19757,1,5,3,4,1,14,13,1,10,4,7,1,2,2,1,0,2,1,1,2,2,5,2,4,1
5633,0,4,6,4,1,10,19,1,4,4,8,8,2,2,1,0,3,2,1,2,2,3,2,2,1
25736,1,12,2,4,5,13,1,1,7,1,11,8,2,3,4,0,1,2,1,1,4,3,2,2,1
2440,1,4,5,4,1,16,13,1,10,4,10,1,2,2,1,0,4,2,1,1,2,5,2,5,1
17596,0,8,7,4,1,12,13,1,7,3,12,8,2,2,1,0,1,1,1,1,3,3,2,2,1
11518,0,9,5,4,4,19,13,1,7,1,4,8,2,3,6,0,1,1,1,1,4,3,2,2,1
28505,0,9,5,2,1,19,20,5,7,5,5,1,2,2,1,0,3,1,1,2,2,5,3,3,1
18155,1,3,3,4,1,11,13,1,2,4,5,1,2,2,1,0,2,1,1,3,2,3,2,2,1
29831,0,7,5,2,5,10,1,1,4,1,9,1,2,2,1,0,3,4,1,3,2,4,2,2,1
25415,0,7,4,4,1,9,13,1,7,2,8,1,2,2,1,0,1,2,1,1,2,4,2,4,1
2871,1,10,4,4,2,16,13,1,7,1,8,1,2,2,1,0,1,3,1,1,2,3,2,3,1
16898,0,4,1,4,1,12,13,1,7,4,7,1,2,2,1,0,2,2,1,3,2,3,2,2,1
882,0,9,5,4,5,16,1,1,4,1,9,8,3,3,4,0,1,3,1,1,4,3,2,2,1
30632,1,2,3,4,5,11,1,1,8,1,6,8,2,3,4,0,1,4,1,1,3,3,2,2,1
5694,1,8,5,4,1,12,21,1,7,4,9,8,2,2,1,0,1,1,2,1,3,3,2,2,1
22876,1,5,3,4,1,13,13,1,10,2,9,1,2,2,1,0,1,3,1,1,2,5,2,4,1
10400,0,11,1,4,1,11,1,1,7,1,2,8,2,2,1,0,1,1,1,1,3,3,2,2,1
17469,0,7,7,4,5,13,1,1,8,1,10,8,2,3,4,0,1,2,1,1,4,3,2,2,1
3801,1,10,7,4,1,13,13,1,7,1,9,3,2,2,7,0,1,3,1,1,4,3,2,2,1
7292,0,7,6,4,1,19,13,3,7,1,11,1,2,2,1,0,1,1,1,1,2,3,2,3,1
23721,0,3,4,4,5,20,1,3,4,1,8,1,2,2,1,0,1,1,1,1,2,3,2,4,1
1488,1,8,4,2,5,17,1,1,7,1,3,8,2,3,6,0,2,1,1,3,4,3,2,2,1
28522,0,6,7,4,1,14,10,1,2,4,9,1,2,2,1,0,2,1,1,3,2,3,2,5,1
14710,0,3,5,4,1,16,13,1,10,4,4,1,2,2,1,0,4,1,1,1,2,3,2,2,1
12835,1,9,2,3,5,7,1,1,7,1,8,1,3,2,1,0,1,1,1,1,2,3,2,4,1
30102,0,7,2,3,1,10,7,1,7,2,4,5,2,2,1,0,3,4,1,2,2,4,2,3,1
4701,0,5,6,4,1,24,12,2,7,6,4,1,2,2,1,0,1,2,1,1,2,3,2,2,1
6960,1,7,1,4,1,24,13,3,7,4,5,1,2,2,1,0,2,3,1,2,2,5,2,4,1
10061,0,5,4,4,1,20,2,3,2,6,6,1,2,2,1,0,1,2,1,1,2,3,2,2,1
11017,1,3,4,4,1,17,13,5,2,3,1,1,2,2,1,0,2,3,1,3,2,3,2,2,1
8941,1,7,4,4,4,24,13,2,8,1,9,1,2,3,4,0,1,3,1,1,2,3,2,3,1
13470,1,6,2,3,1,15,12,1,2,1,11,1,2,3,5,0,1,3,1,1,2,3,3,2,1
20829,0,2,4,3,1,15,10,1,10,4,3,8,2,2,1,0,2,1,1,2,2,3,3,2,1
21251,0,5,7,4,1,18,13,1,7,2,7,1,2,2,1,0,3,3,1,3,2,5,2,2,1
8119,1,4,3,4,1,18,13,1,4,1,3,1,2,3,4,0,1,1,1,1,2,3,2,2,1
17016,1,7,7,4,1,19,13,3,7,2,1,1,2,2,1,0,3,3,1,3,2,3,2,3,1
16496,1,4,5,4,1,24,1,3,7,1,1,8,2,2,1,0,1,1,2,1,3,3,2,2,1
2366,0,7,3,4,1,21,13,1,7,1,6,1,2,2,1,0,1,2,1,1,2,3,2,2,1
21879,0,8,5,4,1,17,13,1,7,1,4,1,2,2,1,0,8,2,1,1,2,3,2,2,1
1636,1,4,6,4,1,4,8,2,7,1,7,1,2,2,3,0,1,3,1,1,2,3,3,4,1
15564,1,4,7,4,1,9,13,1,6,4,7,1,2,2,1,0,8,1,1,1,2,5,2,2,1
7525,0,3,3,4,1,7,13,1,2,3,4,1,2,2,1,0,2,1,1,3,2,3,2,2,1
29478,1,5,2,3,1,16,21,1,7,5,4,8,2,2,1,0,2,2,1,3,2,3,2,2,1
1655,0,4,7,4,1,2,12,3,2,1,7,8,2,3,4,0,1,3,1,1,3,3,2,4,1
1242,0,9,2,4,1,11,7,1,7,2,7,1,2,2,1,0,1,3,1,1,2,3,2,2,1
6592,0,7,6,4,1,8,13,1,4,3,10,1,2,2,1,0,2,1,1,2,2,3,2,2,1
34410,0,4,5,3,5,14,1,1,7,1,4,1,2,3,4,1,5,3,1,1,3,2,2,7,1
5089,1,9,7,4,1,13,13,1,7,4,10,1,2,2,1,0,2,2,1,2,2,3,2,3,1
17423,1,7,7,4,1,21,13,3,7,3,8,7,2,2,1,0,1,3,1,1,2,3,2,2,1
15258,1,4,7,4,1,12,15,1,2,1,9,2,3,2,1,0,1,3,1,1,2,5,2,4,1
5092,1,12,6,4,1,6,10,3,7,4,11,1,2,2,1,0,1,1,1,1,2,3,2,2,1
8265,0,4,6,4,1,22,13,2,6,4,12,1,3,2,1,0,4,1,1,1,2,6,2,3,1
18839,1,8,2,4,1,7,13,1,7,4,10,1,2,2,1,0,2,3,1,3,2,3,3,2,3
18439,0,6,3,4,1,1,13,2,7,4,9,1,2,2,1,0,2,3,1,2,2,3,2,2,1
34258,0,4,5,4,1,16,2,1,7,4,8,1,2,2,1,0,2,3,1,2,2,3,2,2,1
15146,1,10,1,4,5,15,13,1,7,1,2,1,2,2,1,0,1,3,1,1,2,3,2,2,1
32541,1,7,7,4,5,13,1,1,2,1,6,1,2,2,1,0,1,3,1,1,2,3,2,2,1
10287,1,12,6,4,1,15,13,1,2,3,3,8,2,2,1,1,2,2,1,7,2,5,2,2,1
3545,0,3,1,2,1,8,13,1,2,1,10,1,2,3,4,0,1,3,1,1,2,3,2,2,1
8602,0,8,6,4,1,15,13,1,11,4,7,1,2,2,1,0,1,1,1,1,2,3,2,2,1
2048,0,5,2,3,1,16,13,1,2,4,5,1,3,2,1,0,2,3,1,2,2,3,2,6,1
24349,0,3,3,3,1,19,13,3,8,4,10,1,2,2,1,0,2,3,1,3,2,7,2,2,1
29515,0,7,1,4,1,11,7,1,7,2,7,6,2,2,1,0,5,3,2,1,2,2,2,7,1
36272,0,8,6,3,1,8,3,1,10,5,5,8,2,2,1,0,1,1,1,1,4,5,2,4,1
34159,0,7,7,4,1,13,7,1,7,2,7,1,2,2,1,0,1,4,1,1,2,3,2,4,1
1292,1,9,6,4,2,15,13,1,7,1,9,1,2,2,1,0,1,3,1,1,2,3,2,4,1
29480,1,9,2,4,5,20,1,1,7,1,5,2,3,2,1,0,3,3,1,2,2,3,2,2,1
6598,0,9,3,4,1,12,11,1,7,6,10,8,2,2,1,0,1,1,1,1,3,3,2,2,1
3297,0,4,2,4,5,24,1,2,7,1,6,8,2,3,4,0,1,3,1,1,4,3,2,2,1
817,1,4,6,3,1,23,13,3,2,4,4,1,2,2,1,0,8,1,1,1,2,4,2,4,1
35324,0,4,3,4,1,17,13,1,3,2,7,8,2,2,1,0,1,4,1,1,3,3,2,2,1
16908,0,5,1,4,1,6,13,2,7,1,7,1,2,3,4,0,3,3,1,2,2,3,3,2,1
5746,0,11,3,4,1,15,13,1,8,3,11,1,2,2,1,0,1,1,1,1,2,3,2,2,1
18378,1,3,5,4,1,11,13,1,4,3,7,8,2,2,1,0,1,3,1,1,3,3,2,2,1
32630,0,9,4,2,5,17,1,5,10,1,11,8,3,2,1,0,14,4,1,1,3,2,2,7,1
31649,0,6,6,3,1,20,13,3,4,4,12,8,2,2,1,0,2,1,1,2,2,4,2,4,1
22663,0,3,7,4,5,14,1,1,2,1,2,1,2,2,1,0,1,2,1,1,2,3,2,2,1
10572,1,6,1,3,5,14,1,1,7,2,8,1,3,2,1,0,8,2,1,1,2,5,2,2,1
17362,1,5,7,4,1,12,13,1,4,2,4,1,2,2,1,0,1,2,1,1,2,3,2,2,1
4021,1,7,7,4,3,18,1,1,7,1,5,8,2,3,4,0,2,1,1,3,4,3,2,5,1
20337,1,8,3,2,5,15,1,1,7,1,6,1,3,2,1,0,1,2,1,1,2,3,2,4,1
1229,1,3,2,4,1,14,13,1,2,2,7,7,2,2,1,0,1,3,1,1,2,4,2,3,1
23239,0,9,4,4,1,2,13,3,2,1,4,1,2,3,5,0,1,2,1,1,3,5,2,2,1
19963,0,11,5,4,1,21,13,5,7,2,7,1,2,2,1,0,1,3,1,1,2,3,2,2,1
10675,1,10,6,4,5,12,1,1,2,1,10,1,2,3,2,0,1,2,1,1,4,3,2,2,1
28873,1,9,7,4,5,22,12,2,7,5,10,1,2,2,1,0,1,3,2,1,2,7,2,4,1
7890,1,9,4,4,1,18,13,1,7,1,10,1,2,2,1,0,1,3,1,1,2,3,2,3,1
3988,1,9,1,4,1,12,13,1,7,4,3,1,2,2,1,0,3,1,1,2,2,3,2,2,1
16095,0,6,6,4,1,6,13,2,8,4,4,8,2,2,1,0,2,1,1,2,4,3,2,2,1
8872,1,11,6,2,5,19,1,1,8,1,4,1,2,3,3,0,1,3,1,1,2,3,2,4,1
15660,0,3,1,2,5,13,1,1,2,1,10,8,2,2,5,0,1,2,1,1,3,3,2,2,1
23957,1,8,6,4,1,6,13,1,7,5,7,8,3,2,1,0,1,1,1,1,4,6,2,4,1
8768,0,13,2,2,5,15,1,1,2,1,8,8,3,3,4,0,1,2,1,1,4,3,2,2,1
13592,0,6,5,4,1,12,13,1,4,3,4,1,2,2,1,0,2,1,1,3,2,3,2,2,1
29503,1,7,5,3,1,12,7,1,7,2,7,2,2,2,1,0,1,3,1,1,2,3,2,2,1
30406,0,9,7,2,1,9,13,1,10,4,5,1,2,2,1,0,2,3,1,2,2,3,2,2,1
30431,0,9,3,2,1,18,7,1,4,2,6,2,2,2,1,0,2,3,1,2,2,3,2,3,1
2845,1,9,1,4,1,10,13,1,7,2,9,1,2,2,1,0,3,2,1,1,2,5,2,2,1
15022,1,8,6,4,5,15,13,1,7,1,8,1,2,3,4,0,1,2,1,1,2,3,2,2,1
13612,1,8,6,3,5,12,15,1,7,1,6,1,2,2,1,0,1,1,1,1,2,3,2,4,1
5107,0,7,6,4,1,23,13,6,2,4,6,1,2,2,1,0,2,2,1,2,2,3,2,2,1
32077,0,4,1,2,5,12,1,1,8,1,9,1,3,3,4,0,1,4,2,1,2,3,2,2,1
12225,0,8,6,4,1,14,13,1,8,1,7,8,2,3,6,0,1,3,1,1,4,3,2,2,1
10462,0,6,3,4,5,7,1,1,10,1,4,1,3,2,1,0,1,1,1,1,2,6,2,4,1
35286,1,6,3,4,1,15,13,1,8,2,6,1,2,2,1,0,1,1,1,1,2,5,2,4,1
34065,0,3,1,2,1,18,13,1,8,2,7,2,2,2,1,0,1,4,1,1,2,3,2,2,1
4088,1,6,7,4,4,23,4,2,10,1,7,1,2,3,5,0,1,3,1,1,2,3,2,2,1
3885,0,6,6,4,1,21,13,2,7,3,5,1,2,2,1,0,1,3,1,1,2,3,2,2,1
1856,1,6,3,4,1,18,21,1,7,4,5,1,2,2,1,0,2,3,1,2,2,3,2,2,1
31633,0,4,2,3,1,6,1,3,10,1,8,2,2,2,1,0,1,1,1,1,2,3,3,4,1
2592,1,7,1,4,5,15,15,1,7,1,6,1,2,3,4,0,1,1,1,1,2,3,2,2,1
6911,1,9,6,4,2,22,13,2,7,1,8,1,2,3,4,0,1,3,1,1,2,3,2,2,1
18190,1,9,7,3,1,15,13,1,2,4,3,1,2,2,1,0,8,1,1,1,2,3,2,2,1
5221,0,8,7,4,1,1,7,3,2,2,9,1,2,2,1,0,1,3,1,1,2,5,2,5,1
28541,0,4,6,4,1,15,13,1,2,2,5,1,2,2,1,0,7,1,1,1,2,4,2,4,1
6664,0,4,7,4,1,2,12,3,2,1,7,8,2,3,4,0,1,3,1,1,3,3,2,4,1
13591,1,5,2,4,1,16,13,1,8,4,3,1,2,2,1,0,1,1,1,1,2,3,3,2,1
12371,1,10,5,4,1,21,13,2,7,3,6,1,2,2,1,0,2,2,1,2,2,5,2,5,1
32701,1,4,5,4,1,18,4,1,7,5,9,7,2,2,1,0,2,3,1,2,2,3,2,2,1
10209,1,6,6,4,1,4,1,3,4,1,7,1,2,2,1,0,2,1,1,2,2,6,2,5,1
24633,0,4,6,4,3,22,13,3,10,1,5,1,2,3,5,0,1,1,1,1,2,7,2,3,1
10045,0,8,7,4,1,22,13,3,4,4,5,1,2,2,1,0,2,1,1,2,2,3,2,2,1
16830,0,7,6,4,1,6,13,1,7,1,8,1,3,2,1,0,1,3,1,1,2,3,2,2,1
8717,1,7,6,4,1,21,13,2,10,1,7,1,2,2,1,0,1,3,1,1,2,3,3,2,1
29552,0,5,5,2,1,7,13,1,7,4,11,1,2,2,1,0,2,4,1,2,2,3,2,2,1
29441,0,11,2,2,5,12,1,1,2,1,7,1,2,2,1,0,8,4,1,1,2,5,3,2,1
21071,0,10,4,4,1,19,13,2,7,1,4,1,2,3,4,0,1,3,1,1,2,3,2,2,1
17252,1,4,2,4,1,20,13,3,4,2,4,1,2,2,1,0,1,1,1,1,2,3,2,4,1
10283,1,8,6,4,1,12,13,1,10,4,12,1,2,2,1,0,2,3,1,3,2,5,2,5,1
30644,0,6,1,2,5,12,1,1,7,1,9,8,2,3,4,0,1,1,2,1,3,3,2,2,1
4496,1,2,7,3,1,24,13,2,2,1,9,1,2,3,4,0,1,2,1,1,2,3,2,2,1
1212,0,7,1,4,1,24,13,2,8,4,6,1,2,2,1,0,2,3,1,3,2,3,2,2,1
17177,0,4,5,4,1,21,13,2,2,3,6,7,2,2,1,0,1,1,1,1,2,3,2,2,1
14852,0,9,1,4,4,19,13,1,2,1,8,8,2,3,5,0,1,1,1,1,4,3,2,2,1
18217,1,9,1,4,5,18,4,1,7,1,7,8,2,3,4,0,1,1,1,1,4,3,2,2,1
15745,1,3,5,4,5,19,1,3,2,1,10,1,2,2,1,0,2,1,1,3,2,5,2,5,1
11828,1,8,1,4,5,13,1,1,10,1,9,2,3,2,1,0,2,1,2,2,2,5,3,4,1
19170,1,4,6,3,1,1,13,3,7,1,3,8,2,3,4,0,1,3,1,1,5,3,2,2,1
2349,0,9,6,4,1,13,13,1,4,4,5,1,2,2,1,0,2,2,1,2,2,3,2,2,1
5361,0,3,7,3,1,14,18,1,2,6,1,1,2,2,1,0,1,2,1,1,2,6,2,5,1
1781,0,8,7,4,5,17,13,1,7,1,8,8,2,3,4,0,1,3,1,1,4,3,2,2,1
7416,0,3,5,4,1,18,13,1,2,4,8,1,2,2,1,0,8,2,1,1,2,3,2,2,1
17357,1,10,3,4,1,13,13,1,7,4,6,1,2,2,1,0,2,1,1,3,2,3,2,2,1
295,0,9,2,4,5,15,1,1,7,1,6,8,2,3,4,0,1,3,1,1,4,3,2,3,1
18266,1,9,7,3,5,13,13,1,7,1,9,1,2,3,3,0,1,1,1,1,2,3,2,3,1
13915,1,4,3,4,5,19,1,1,4,1,6,1,2,3,4,0,1,3,1,1,2,3,2,2,1
18477,1,5,7,4,1,22,13,2,7,1,10,1,2,2,1,0,1,3,1,1,2,5,2,2,1
15843,0,8,1,4,5,24,1,2,2,1,4,1,2,3,2,0,3,3,1,2,2,3,2,3,1
1640,1,8,2,3,1,10,13,1,2,2,8,1,2,2,1,0,3,3,1,2,2,4,2,4,1
3905,1,6,2,4,1,21,10,2,7,1,7,1,2,2,1,0,1,1,1,1,2,3,2,2,1
18952,0,6,6,4,1,9,13,1,2,3,9,1,2,2,1,0,1,1,1,1,2,3,2,2,1
2331,1,10,3,4,1,13,13,1,7,4,6,1,2,2,1,0,2,1,1,3,2,3,2,2,1
28634,0,4,1,4,1,17,13,1,4,4,11,1,2,2,1,0,2,3,1,2,2,3,2,3,1
18617,0,6,5,3,4,21,13,2,10,1,7,8,2,3,4,0,1,1,1,1,4,3,2,2,1
4106,1,6,7,2,1,16,21,1,7,5,1,2,2,2,1,0,5,3,1,1,2,3,2,2,1
375,0,5,2,4,3,21,1,3,2,1,2,7,3,2,1,0,1,2,1,1,2,4,2,5,1
2549,0,10,7,4,4,17,13,1,10,1,7,1,2,3,6,1,2,3,1,3,2,3,2,2,1
5448,0,4,3,4,1,9,1,1,2,1,5,1,3,2,1,0,2,2,1,3,2,3,2,3,1
12465,0,8,7,4,1,16,10,1,2,1,11,8,2,3,6,0,1,2,1,1,4,3,2,2,1
13768,1,9,4,4,1,7,13,1,7,4,7,1,2,2,1,0,2,3,1,2,2,5,2,2,1
21723,0,4,3,4,1,16,7,1,2,2,4,1,2,2,1,0,1,2,1,1,2,3,2,4,1
34928,0,9,3,3,1,17,13,1,7,4,7,7,2,2,1,0,8,3,1,1,2,5,2,4,1
36312,0,8,7,3,5,19,1,5,7,1,7,4,2,3,4,0,1,1,1,1,3,3,2,2,1
1702,1,5,7,4,5,1,1,3,10,2,6,1,3,2,1,0,1,3,1,1,2,5,2,2,1
24566,1,7,3,4,5,12,13,1,8,1,9,8,2,3,4,0,1,1,1,1,3,3,2,2,1
12643,0,3,3,4,5,21,1,3,4,1,8,1,2,2,1,0,2,1,1,3,2,3,2,2,1
10899,0,9,5,4,5,16,1,1,4,1,9,8,3,3,4,0,1,3,1,1,4,3,2,2,1
10169,0,3,1,4,1,3,1,3,2,1,4,8,3,2,1,0,1,3,1,1,3,3,2,2,1
14063,0,8,1,4,2,19,13,5,10,1,7,8,2,3,3,0,1,1,1,1,5,5,2,3,1
8987,1,3,3,4,1,19,13,2,8,1,9,1,2,2,1,0,3,3,1,3,2,3,2,2,1
13050,0,3,3,4,2,22,13,2,2,1,8,8,2,3,4,0,1,1,1,1,5,3,2,2,1
11787,0,4,6,4,5,21,1,3,2,1,8,1,3,2,1,0,1,2,1,1,2,5,2,4,1
30504,1,7,4,4,1,6,13,4,4,4,5,8,2,2,1,0,8,4,1,1,2,5,3,2,1
1628,0,7,5,4,1,21,13,3,7,4,3,1,2,2,1,1,5,3,1,1,2,6,3,6,1
20497,0,4,3,2,1,11,13,1,10,2,9,2,2,2,1,0,3,2,1,2,2,5,2,4,1
24593,0,7,5,3,1,18,10,3,1,4,3,1,2,2,1,0,2,3,1,2,2,5,2,2,1
5978,1,8,2,4,1,19,12,3,4,4,1,1,2,2,1,0,2,1,1,2,2,3,2,2,1
20468,0,9,2,2,1,14,13,1,7,4,7,8,2,2,1,0,7,1,1,1,2,3,2,3,1
8710,0,6,3,4,4,20,13,5,7,1,6,8,2,3,5,0,1,3,1,1,4,3,2,2,1
16537,1,7,6,4,1,20,13,1,4,1,5,1,2,2,1,0,1,1,1,1,2,3,2,4,1
11002,1,7,4,4,5,6,1,2,7,1,2,1,2,2,1,0,2,3,1,2,2,5,8,5,1
18357,0,4,2,3,2,15,2,1,4,1,7,8,2,3,4,0,1,3,1,1,4,3,9,2,1
15610,1,5,2,4,1,2,13,3,2,2,7,1,2,2,1,0,1,1,1,1,2,6,2,6,1
6756,1,8,5,4,1,6,13,1,7,4,8,1,2,2,1,0,2,3,1,2,2,3,2,2,1
24447,0,7,5,3,1,11,13,1,2,2,6,2,2,2,1,0,1,1,1,1,2,3,2,3,1
2046,1,9,1,4,1,8,13,1,7,3,5,1,2,2,1,0,2,3,1,3,2,3,2,2,1
21383,1,7,1,4,1,13,18,1,7,3,4,8,2,2,1,0,1,2,2,1,3,3,2,2,1
12662,1,3,6,4,3,1,1,3,8,1,9,7,2,2,1,0,1,1,1,1,4,3,2,2,1
20779,0,5,7,2,5,2,13,2,7,1,8,1,2,2,1,0,1,2,1,1,2,3,3,2,1
4776,1,10,7,4,1,11,13,1,8,3,10,8,2,2,1,0,1,1,1,1,3,3,2,2,1
21083,0,3,3,2,1,17,22,1,8,7,5,1,2,2,1,1,12,2,1,1,2,5,2,4,1
7373,1,7,3,4,1,21,13,2,11,3,6,1,2,2,1,0,1,2,1,1,2,3,2,2,1
8007,0,4,2,4,1,18,13,1,6,3,7,7,2,2,1,0,1,1,1,1,3,3,2,2,1
20142,1,9,4,2,5,11,1,1,7,1,11,8,2,2,1,0,1,1,1,1,3,3,3,2,1
30176,0,10,6,4,5,15,1,1,2,1,8,8,2,2,1,0,3,4,1,6,3,3,2,6,1
36254,0,9,1,2,1,20,13,3,7,2,5,1,2,2,1,0,2,3,1,3,2,3,2,3,1
7998,0,8,6,4,1,19,12,1,7,4,7,1,2,2,1,0,1,1,1,1,2,3,2,2,1
33387,0,8,7,4,1,17,10,1,2,1,10,1,2,2,1,0,3,1,1,3,2,3,2,3,1
15778,0,4,2,4,1,23,13,3,2,4,11,1,3,2,1,0,2,1,1,3,2,3,2,2,1
17447,0,9,1,4,1,9,4,1,10,4,9,8,2,2,1,0,2,2,1,2,4,5,2,2,1
35412,0,5,2,4,5,8,1,1,8,1,9,1,2,2,1,0,1,4,1,1,2,6,2,4,1
16018,1,10,4,4,5,15,1,1,7,1,2,1,2,2,1,0,1,3,1,1,2,3,2,2,1
2188,1,10,7,4,1,13,13,1,2,4,5,1,2,2,1,0,8,1,1,1,2,3,2,2,1
18021,1,7,6,4,1,6,13,1,8,4,7,1,2,2,1,0,2,1,1,3,2,3,2,4,1
6610,0,9,7,4,5,11,13,1,2,1,6,8,2,3,4,0,1,1,1,1,4,3,2,2,1
5860,0,10,1,4,5,14,1,1,7,1,7,8,2,3,4,0,1,3,1,1,3,3,3,2,3
6120,1,8,7,4,1,20,13,3,7,2,2,7,2,2,1,0,3,3,1,3,2,4,2,3,1
32266,0,8,1,4,1,19,20,1,7,3,6,8,2,2,1,0,1,4,1,1,3,3,2,2,1
5362,1,9,6,4,5,15,13,1,7,1,1,8,2,3,4,0,1,1,1,1,4,3,2,2,1
22451,0,7,2,4,1,7,13,1,7,4,5,1,3,2,1,0,8,2,1,1,2,3,2,2,1
7230,1,6,3,4,1,19,13,5,7,3,4,1,2,2,1,0,2,2,1,3,2,3,3,2,1
6000,1,10,4,4,5,15,1,1,7,1,2,1,2,2,1,0,1,3,1,1,2,3,2,2,1
1609,1,9,5,4,1,16,9,5,7,4,11,1,2,2,1,0,2,1,1,2,2,3,2,4,1
19165,0,3,7,4,3,24,13,3,4,1,2,1,2,3,4,0,1,1,1,1,2,4,2,3,1
12460,0,7,7,4,5,13,1,1,8,1,10,8,2,3,4,0,1,2,1,1,4,3,2,2,1
19960,1,8,4,3,1,19,13,1,10,1,7,1,2,2,1,0,1,3,1,1,2,3,2,2,1
33726,0,10,2,4,1,16,21,3,7,5,12,1,2,2,1,0,1,1,1,1,2,7,2,4,1
11026,1,5,3,3,1,14,13,1,7,4,3,1,2,2,1,1,5,3,1,1,2,3,2,3,1
370,1,4,1,4,1,10,13,1,7,3,1,8,2,2,1,0,1,2,1,1,3,3,2,2,1
20355,1,5,4,4,1,20,13,3,4,4,8,1,2,2,1,0,2,1,1,2,2,5,2,2,1
31082,1,3,1,2,1,11,13,1,3,4,5,6,2,2,1,0,1,1,1,1,4,3,2,2,1
503,1,4,5,4,1,21,13,3,4,4,6,1,2,2,1,0,2,2,1,3,2,3,2,2,1
28524,0,8,2,4,1,8,13,1,7,4,9,8,2,2,1,0,8,1,1,1,3,3,2,2,1
24587,0,9,7,4,5,16,1,1,8,1,2,1,3,2,1,0,1,1,1,1,2,3,2,6,1
23060,1,5,7,4,5,9,1,1,10,1,4,7,2,3,4,0,1,2,1,1,2,3,2,2,1
2820,1,7,1,2,5,20,1,3,8,1,8,1,3,2,1,1,11,1,1,1,2,6,3,4,1
5239,1,10,7,4,1,12,1,1,7,1,9,2,3,2,1,0,1,3,1,1,2,5,2,4,1
30508,0,6,7,3,1,11,13,1,10,2,6,2,2,2,1,0,3,3,1,3,2,3,2,3,1
8097,0,3,2,4,1,14,1,1,10,1,11,8,3,2,1,0,1,1,1,1,3,5,2,3,1
2287,1,6,2,4,1,18,7,2,7,2,11,5,2,2,1,0,3,2,1,3,2,3,2,2,1
23999,0,4,4,2,1,17,22,1,8,4,10,8,2,6,1,0,8,1,2,1,1,1,1,1,1
31815,0,12,7,3,1,15,10,1,7,6,3,1,2,2,1,0,1,1,1,1,2,3,2,2,1
21250,0,5,7,4,1,18,13,1,7,2,7,1,2,2,1,0,3,3,1,3,2,5,2,2,1
27894,0,8,1,2,5,11,1,1,7,1,6,8,2,2,1,0,1,1,2,1,4,3,2,2,1
22917,0,3,7,2,1,18,18,1,4,5,4,7,2,2,1,0,1,2,1,1,2,3,2,4,1
6855,1,5,7,4,1,16,4,1,7,4,4,1,2,2,1,0,2,3,1,2,2,4,2,2,1
23030,0,10,7,2,1,13,13,1,7,2,11,2,2,2,1,0,2,3,1,2,2,3,2,3,1
2301,1,10,7,4,1,17,12,1,7,1,8,8,2,3,4,0,1,2,1,1,3,3,2,2,1
24196,0,12,6,4,5,20,1,3,4,1,8,1,2,2,1,0,1,1,1,1,2,4,2,3,1
2826,1,4,2,4,5,20,1,2,8,1,8,7,3,2,1,0,1,1,1,1,3,3,2,3,1
31693,0,9,6,2,1,17,13,1,7,2,7,1,2,2,1,0,1,3,1,1,2,5,2,4,1
16467,0,6,4,4,1,17,13,1,4,4,10,1,2,2,1,0,2,3,1,2,2,4,2,3,1
982,0,6,4,3,1,20,13,2,4,1,2,1,2,2,1,1,5,1,1,1,2,2,2,7,1
30796,0,10,6,2,1,17,13,1,7,2,10,2,2,2,1,0,1,1,1,1,2,6,2,4,1
19072,0,3,1,4,1,10,7,1,8,2,7,2,2,2,1,0,1,1,1,1,2,3,2,3,1
269,1,12,6,4,1,15,13,1,2,3,3,8,2,2,1,1,2,2,1,7,2,5,2,2,1
2748,1,8,2,4,1,9,13,1,7,3,7,1,2,2,1,0,1,3,1,1,2,3,2,2,1
36364,0,4,6,4,1,7,13,1,3,4,8,7,2,2,1,0,8,1,1,1,3,3,2,2,1
2992,1,6,7,4,1,15,12,1,4,7,7,1,2,2,1,0,3,1,1,3,2,3,2,4,1
34691,0,4,4,2,1,17,19,1,7,7,5,1,2,2,1,0,1,1,1,1,2,7,2,4,1
13539,1,9,2,2,5,13,1,1,10,1,8,8,3,2,1,0,3,3,1,1,3,3,2,2,1
11444,1,9,5,4,1,24,13,3,7,4,11,1,2,2,1,1,5,3,1,1,2,2,2,7,1
15887,0,8,1,4,5,13,15,1,7,1,8,8,2,2,1,0,1,3,1,1,4,3,2,2,1