id,Severity,age_classes,day_week,DEFORMED_classes,m_harm_classes,hour,impact1_classes,lgt_cond,make,man_coll,month,p_crash1,pcrash4,pcrash5,rel_road,reljct1,reljct2,rest_use,sex,typ_int,valign,vnum_lan,vsurcond,vtrafway,weather_classes
18139,1,4,7,4,1,1,13,2,4,4,4,7,2,2,1,0,8,1,1,1,2,3,2,2,1
12539,1,11,5,4,1,11,13,1,7,3,4,8,2,2,1,0,1,1,1,1,5,3,2,2,1
23849,0,9,6,3,1,11,13,1,7,2,7,1,2,2,1,0,1,2,1,1,2,3,2,4,1
3708,1,7,6,4,1,21,13,2,10,1,7,1,2,2,1,0,1,3,1,1,2,3,3,2,1
11388,1,9,7,4,1,13,13,1,7,4,11,1,2,2,1,0,2,1,1,3,2,4,2,3,1
17452,0,9,3,4,1,7,10,4,7,6,9,8,2,2,1,0,1,2,1,1,3,3,2,2,1
9939,0,4,3,4,5,3,13,2,10,1,7,8,2,3,3,0,1,3,1,1,3,5,2,3,1
12768,0,10,4,4,1,21,13,2,3,4,7,1,2,2,1,0,2,3,1,4,2,3,2,2,1
24167,0,6,7,4,1,9,13,1,4,4,5,1,2,2,1,0,2,1,1,3,2,3,2,2,1
10564,0,8,1,3,1,16,2,1,7,4,6,1,2,2,1,0,2,2,1,3,2,5,2,5,1
35272,0,7,7,2,5,14,1,1,7,1,5,8,2,3,2,0,1,1,1,1,4,3,2,2,1
8753,1,7,2,4,5,2,1,3,4,1,7,1,2,2,1,0,1,3,1,1,2,3,2,2,1
3854,0,10,2,4,5,18,1,5,7,1,2,1,3,3,3,0,1,1,1,1,2,3,2,4,1
11348,1,4,7,4,4,8,13,1,2,1,10,8,2,3,5,0,1,1,1,1,4,3,3,2,1
8221,0,3,6,4,4,9,7,2,10,1,8,8,2,3,4,0,1,1,1,1,4,3,2,2,1
15811,1,7,5,4,1,21,21,3,4,4,2,7,2,2,1,0,1,2,1,1,2,6,2,4,1
30647,0,8,6,2,1,13,13,1,7,4,9,8,2,2,1,0,2,1,1,2,2,3,2,4,1
3248,0,3,1,4,5,11,1,1,2,1,10,7,2,2,1,0,1,1,1,1,4,3,2,2,1
31791,1,9,3,4,1,12,13,1,7,4,1,1,2,2,1,0,2,1,1,2,2,3,2,3,1
17683,0,7,7,4,1,6,13,1,7,1,6,1,2,2,1,0,1,3,1,1,2,3,2,2,1
25663,0,3,7,4,1,14,8,1,2,5,6,5,2,2,1,0,3,2,2,3,2,3,2,2,1
12848,1,5,2,4,1,22,13,3,10,4,10,1,2,2,1,0,2,2,1,3,2,3,2,2,1
7908,1,7,6,4,1,17,13,1,4,2,10,1,2,2,1,0,2,3,1,2,2,3,2,2,1
33069,0,5,7,2,5,16,1,1,4,1,4,1,2,2,1,0,2,1,1,2,2,3,2,2,1
30416,1,3,1,4,1,20,13,1,10,4,6,1,2,2,1,0,2,4,1,3,2,3,2,4,1
29702,0,6,6,3,5,15,1,1,10,1,4,1,2,2,1,0,1,4,1,1,2,6,2,4,1
23260,1,4,7,4,1,12,13,1,7,4,7,1,2,2,1,0,2,2,1,2,2,6,2,2,1
10059,1,2,2,4,1,20,10,3,4,4,6,8,2,2,1,0,8,1,1,1,4,3,2,2,1
28486,0,3,1,2,4,12,2,1,4,1,7,8,2,3,4,0,1,1,1,1,5,3,2,2,1
22127,0,6,5,2,1,15,13,1,8,4,8,1,2,2,1,0,2,1,1,2,2,3,2,2,1
3163,1,4,5,4,1,15,13,1,8,3,6,8,2,2,1,0,1,1,1,1,3,3,2,2,1
465,0,7,1,4,1,21,13,2,7,1,4,1,2,3,4,0,3,2,1,3,2,3,2,2,1
17040,1,3,3,4,5,14,13,1,4,1,8,1,2,3,4,0,1,3,1,1,2,3,2,2,1
21506,0,5,7,4,5,18,1,1,7,1,5,1,2,2,1,0,1,3,1,1,2,3,2,2,1
35322,0,4,3,4,1,17,13,1,1,2,7,8,2,2,1,0,1,4,1,1,3,3,2,2,1
21451,1,4,3,4,1,14,13,1,7,2,1,1,2,2,1,0,8,2,1,1,2,3,2,2,1
21748,0,5,3,4,1,18,7,1,2,2,5,1,2,2,1,0,1,2,1,1,2,7,2,4,1
26732,0,4,6,4,4,18,13,1,2,1,6,8,3,3,8,1,5,2,1,1,3,2,2,7,1
24065,1,3,6,4,5,18,1,1,2,1,5,8,3,2,1,0,1,2,1,1,3,3,2,2,1
4850,1,11,6,4,1,13,12,1,2,5,9,1,2,2,1,0,1,1,1,1,2,3,2,4,1
15662,1,3,2,3,1,7,13,1,4,1,10,1,2,2,1,0,3,2,1,3,2,4,2,5,1
32000,0,11,7,4,1,7,13,1,1,1,12,1,2,2,1,0,1,1,1,1,2,3,2,2,1
1322,0,3,1,4,1,4,13,2,4,2,10,1,2,2,1,0,1,3,1,1,2,5,2,2,1
23149,0,5,5,2,1,16,13,1,10,2,5,1,2,2,1,0,1,3,1,1,2,5,2,4,1
18016,1,5,3,4,1,24,13,3,4,4,7,1,2,2,1,0,2,1,1,4,2,5,2,2,1
6124,1,12,4,4,1,15,13,1,7,2,3,1,2,2,1,0,3,3,1,3,2,3,2,3,1
15859,0,6,7,4,5,15,1,1,4,1,6,8,3,3,4,0,1,1,1,1,4,3,2,2,1
5662,0,4,1,4,1,22,13,3,2,2,10,1,2,2,1,0,1,2,1,1,2,7,2,4,1
20203,0,9,1,2,1,15,3,1,7,4,4,8,2,6,1,0,1,2,1,1,2,3,2,2,1
6696,1,6,7,4,5,16,1,1,2,1,4,2,3,2,1,0,2,3,1,2,2,5,2,3,1
2561,1,10,7,4,1,21,4,3,7,5,10,1,2,2,1,0,2,3,1,3,2,3,2,2,1
8510,1,5,1,4,1,12,13,1,2,4,6,1,2,2,1,0,2,2,1,2,2,5,2,2,1
31774,0,3,6,2,5,19,1,2,10,1,10,1,2,2,1,0,1,4,1,1,2,3,2,2,1
17593,0,8,2,4,1,12,13,1,7,3,12,8,2,2,1,0,1,1,1,1,3,3,2,2,1
32700,0,4,3,4,1,7,13,1,2,2,9,1,2,2,1,0,1,4,1,1,2,6,2,2,1
30572,0,3,3,3,1,18,1,1,7,1,6,2,2,2,1,0,1,3,1,1,2,5,2,2,1
23763,0,4,5,3,1,11,13,1,7,4,4,8,2,6,1,0,8,2,1,1,1,1,1,1,1
34514,0,3,3,3,1,14,12,1,2,4,9,8,2,2,1,0,2,3,2,2,2,3,2,3,1
19923,0,7,7,3,1,16,18,1,7,1,4,8,2,2,4,0,1,2,2,1,4,3,2,2,1
7204,1,10,1,4,1,14,7,1,2,2,9,1,2,2,1,0,3,1,1,3,2,3,2,2,1
20624,0,7,5,3,1,18,13,1,8,2,9,1,2,2,1,0,1,3,1,1,2,4,2,6,1
12168,0,4,5,4,1,21,13,2,2,3,6,7,2,2,1,0,1,1,1,1,2,3,2,2,1
7247,1,10,4,4,1,7,4,1,7,4,6,8,2,2,1,0,2,2,1,2,2,3,2,4,1
23701,1,5,4,4,1,11,1,1,4,4,8,3,2,2,1,0,2,2,1,2,2,3,2,2,1
23159,0,6,1,2,1,16,21,1,7,5,6,7,2,2,1,0,1,3,1,1,2,3,2,2,1
5869,0,8,1,4,5,13,15,1,7,1,8,8,2,2,1,0,1,3,1,1,4,3,2,2,1
6936,0,7,1,4,1,12,1,1,7,1,9,1,3,3,2,0,1,3,1,1,2,3,2,2,1
15586,0,3,3,4,5,10,13,1,8,2,8,7,2,2,1,1,12,2,1,1,2,5,2,4,1
33123,0,3,4,4,1,18,13,1,8,1,8,1,2,3,4,0,1,1,1,1,2,5,2,2,1
2348,0,5,7,4,1,16,13,1,4,4,5,1,2,2,1,0,2,2,1,2,2,5,2,5,1
19917,0,4,3,4,1,16,13,1,2,4,9,1,2,2,1,0,2,3,1,3,2,3,2,2,1
2946,1,7,1,4,1,12,10,1,7,4,6,1,2,2,1,0,2,1,1,3,2,3,2,2,1
21536,1,10,7,4,5,13,1,1,7,1,6,1,3,2,1,0,3,3,1,3,2,3,2,2,1
21629,0,5,1,4,5,13,1,1,10,1,8,1,3,3,2,0,8,2,1,1,2,3,2,4,1
18474,1,9,6,4,5,14,1,1,8,1,8,8,3,2,1,0,1,1,1,1,5,3,2,2,1
28159,0,8,1,2,5,11,1,1,7,1,4,2,2,2,1,0,1,2,1,1,2,7,2,4,1
17680,0,7,5,4,3,24,2,3,7,1,8,8,2,3,4,0,1,1,1,1,4,3,2,2,1
7314,1,7,1,4,1,16,13,1,7,4,7,7,2,2,1,0,2,1,1,2,2,3,2,2,1
3714,1,3,4,4,1,18,13,1,3,4,6,1,3,2,1,0,2,2,1,2,2,5,2,2,1
1765,0,7,2,4,1,11,13,1,2,3,9,1,2,2,1,0,2,3,1,2,2,5,2,3,1
22521,1,4,7,4,5,15,1,1,8,1,7,1,2,3,4,0,1,2,2,1,4,3,2,2,1
15481,1,4,1,4,1,13,13,1,4,1,4,8,2,2,1,0,1,2,1,1,4,3,2,2,1
9727,1,9,4,4,1,17,13,1,4,4,6,1,2,2,1,0,2,1,1,3,2,3,2,3,1
26957,0,6,6,2,5,23,1,2,4,1,7,1,2,2,1,0,1,1,1,1,3,3,2,2,1
15863,1,12,7,4,5,17,1,1,10,1,6,7,2,3,5,0,1,1,1,1,4,3,2,2,1
3776,1,8,6,4,5,16,1,1,7,3,7,8,2,2,1,0,1,2,1,1,4,3,2,2,1
5082,1,3,7,4,5,22,1,3,7,1,9,8,2,3,4,0,1,2,1,1,3,3,2,2,1
22169,0,7,4,1,5,7,1,1,8,1,3,2,2,2,1,0,3,3,1,1,2,3,2,3,1
24979,0,6,4,2,3,24,13,3,7,1,4,1,2,3,4,0,1,1,1,1,2,3,2,3,1
21775,0,11,1,4,5,14,1,1,9,1,7,1,2,2,1,0,1,2,1,1,2,3,2,2,1
14992,1,4,1,2,1,20,20,3,10,4,8,1,2,2,1,0,2,3,1,2,2,3,2,2,1
7715,0,8,6,3,5,16,13,1,10,1,2,8,3,3,4,0,1,1,1,1,3,3,2,2,1
24401,0,9,3,3,5,21,1,1,7,1,7,1,2,3,4,0,1,3,1,1,2,3,2,2,1
19977,0,6,1,4,5,19,1,1,7,1,8,8,2,2,1,0,1,3,1,1,4,3,2,2,1
3369,1,12,6,4,5,9,13,1,2,4,8,1,2,2,1,0,2,1,1,2,2,5,2,2,1
19914,0,7,4,4,1,18,13,1,7,4,8,1,2,2,1,0,8,1,1,1,2,3,2,2,1
8051,1,8,6,4,5,12,13,1,7,1,9,1,2,3,4,0,1,1,2,1,2,3,2,2,1
21,1,3,2,4,1,14,13,1,4,1,4,8,2,3,4,0,1,3,1,1,3,3,2,2,1
30034,0,4,5,1,1,15,13,1,10,2,11,2,2,2,1,0,1,1,1,1,2,4,2,2,1
8422,0,6,3,4,1,1,13,2,7,4,9,1,2,2,1,0,2,3,1,2,2,3,2,2,1
4958,0,7,1,4,1,18,13,1,2,3,8,8,2,2,1,0,1,3,1,1,3,3,2,2,1
9192,1,6,1,4,5,2,1,2,8,1,3,3,3,2,1,0,1,3,1,1,2,3,2,2,1
5333,0,4,2,4,5,19,1,6,2,1,10,8,2,3,4,0,2,3,1,3,3,5,2,3,1
17545,1,11,6,4,1,12,13,1,7,1,4,1,2,3,6,0,1,1,1,1,2,3,2,3,1
7032,1,9,7,4,1,11,13,1,7,2,9,1,2,2,1,0,8,3,1,1,2,3,2,2,1
27185,0,4,4,4,1,17,13,1,10,4,3,1,2,2,1,0,2,3,1,2,2,3,2,4,1
16570,1,6,7,4,1,20,13,5,8,4,7,1,3,2,1,0,2,1,1,2,2,3,2,3,1
10843,1,4,1,4,4,9,13,1,10,1,5,1,2,3,4,0,1,3,1,1,2,3,2,2,1
1310,1,8,1,4,1,9,11,1,2,4,7,1,2,2,1,0,2,3,1,2,2,3,2,5,1
10576,0,3,3,4,5,10,13,1,8,2,8,7,2,2,1,1,12,2,1,1,2,5,2,4,1
26903,1,8,3,4,1,13,13,1,7,3,11,1,2,2,1,0,2,3,2,2,2,3,2,2,1
6883,0,7,2,4,1,14,13,1,7,1,7,1,2,2,1,0,1,3,1,1,2,3,2,2,1
11505,1,8,4,2,5,17,1,1,7,1,3,8,2,3,6,0,2,1,1,3,4,3,2,2,1
33140,1,6,6,4,1,6,13,1,2,4,9,1,2,2,1,0,2,1,1,2,2,3,2,3,1
3535,1,1,1,4,5,18,1,1,10,1,9,1,3,5,1,0,1,2,2,1,2,3,2,2,1
13610,0,8,6,4,1,15,13,1,11,4,7,1,2,2,1,0,1,1,1,1,2,3,2,2,1
8464,0,6,1,4,1,21,13,3,7,3,12,8,2,2,1,0,1,1,1,1,5,3,2,2,1
15719,0,8,2,3,3,2,15,3,8,1,10,8,3,3,4,0,3,1,1,2,3,3,2,2,1
16800,1,6,7,4,1,19,13,1,7,4,7,7,2,2,1,0,2,3,2,2,2,5,2,3,1
17910,0,4,1,4,1,14,13,1,2,1,11,1,2,3,4,0,1,3,1,1,2,3,2,2,1
30418,1,5,4,4,5,2,1,2,7,1,6,8,2,3,4,0,3,3,1,2,2,3,2,2,1
24020,1,5,4,4,3,19,13,1,10,1,6,1,2,3,4,0,3,3,1,3,2,3,2,2,1
36497,0,3,1,4,1,18,13,1,7,4,4,1,2,2,1,0,2,4,1,3,2,3,2,2,2
453,1,4,1,4,1,13,13,1,4,1,4,8,2,2,1,0,1,2,1,1,4,3,2,2,1
36481,0,7,1,4,1,21,13,2,10,4,2,8,2,2,1,0,2,4,1,3,4,3,2,2,1
14252,0,9,5,3,4,10,13,1,7,1,4,8,2,3,4,0,1,3,1,1,4,3,2,2,1
30570,1,3,7,4,1,22,13,3,10,4,6,1,2,2,1,0,2,4,1,2,2,4,2,6,1
29531,0,4,4,2,5,22,1,2,2,1,8,1,2,2,1,0,1,4,1,1,2,3,2,2,1
29969,0,6,6,2,1,17,12,1,4,5,6,7,2,2,1,0,1,4,1,1,2,4,2,3,1
3978,1,3,3,4,1,19,13,2,8,1,9,1,2,2,1,0,3,3,1,3,2,3,2,2,1
840,1,4,1,4,1,20,13,5,6,4,6,1,2,2,1,0,8,1,1,1,2,6,2,5,1
21057,0,7,4,2,1,12,8,1,7,4,2,8,2,2,1,0,8,2,1,1,2,3,2,2,1
17387,0,8,7,4,1,18,13,1,2,2,6,1,2,2,1,0,8,2,1,1,2,3,2,2,1
8219,0,8,2,4,1,20,13,2,8,3,8,8,2,2,1,0,1,3,1,1,3,3,2,2,1
18873,0,6,7,2,1,17,4,1,11,1,1,8,2,3,4,0,1,3,1,1,3,3,2,2,1
4685,1,6,7,4,1,18,12,2,7,6,9,8,2,2,1,0,1,1,1,1,3,3,2,2,1
29055,0,7,7,4,1,17,13,1,2,4,8,1,2,2,1,0,8,2,1,1,2,3,2,2,1
20197,0,2,6,2,1,14,13,1,8,4,8,1,2,2,1,0,8,1,1,1,2,5,2,2,1
22825,0,8,1,4,3,6,13,4,7,1,7,8,2,3,4,1,5,2,2,1,3,2,3,7,1
15728,1,8,1,4,1,7,13,4,10,3,10,8,2,2,1,0,1,1,1,1,4,3,2,2,1
28359,0,4,1,4,5,17,1,1,8,1,8,1,3,2,1,0,1,3,1,1,2,5,2,4,1
737,0,11,3,4,1,15,13,1,8,3,11,1,2,2,1,0,1,1,1,1,2,3,2,2,1
16611,1,9,5,4,4,14,2,1,7,1,10,1,2,3,5,0,1,1,1,1,2,3,2,2,1
13831,0,7,6,2,1,17,7,1,7,1,11,2,2,2,1,0,1,3,1,1,2,3,2,2,1
7347,1,4,7,4,1,15,13,1,7,4,5,1,2,2,1,0,8,1,1,1,2,5,2,5,1
16458,1,4,3,3,1,23,7,3,4,2,12,2,2,2,1,0,3,1,1,4,2,3,2,4,1
9658,1,8,3,4,1,15,13,1,2,4,2,1,2,2,1,0,2,3,1,2,2,3,2,2,1
18473,1,6,6,4,1,21,13,3,10,4,8,1,2,2,1,0,4,1,1,1,2,5,2,2,1
32707,1,8,6,3,1,15,13,1,7,4,9,1,2,2,1,0,2,4,1,2,2,4,2,2,1
4005,1,7,1,4,1,15,1,1,7,1,5,8,2,3,4,0,1,1,1,1,4,3,2,2,1
36057,0,7,1,4,1,18,13,1,7,4,6,1,2,2,1,0,1,4,1,1,2,6,2,5,1
17358,1,4,7,4,1,20,1,3,4,1,4,1,2,2,1,0,1,2,1,1,2,5,2,5,1
17860,1,3,7,4,1,23,13,3,8,2,7,1,2,2,1,0,2,2,1,3,2,3,2,3,1
13782,1,8,4,3,5,10,1,1,10,1,8,1,3,3,2,0,1,2,1,1,2,3,3,3,1
5039,1,6,7,4,1,14,13,1,7,4,5,7,2,2,1,0,1,1,1,1,2,3,2,2,1
3443,0,9,7,4,1,17,13,1,7,3,11,1,2,2,1,0,2,3,1,4,2,3,2,2,1
14122,1,6,4,3,1,7,13,1,4,4,1,8,2,2,1,0,2,3,1,2,4,4,2,3,1
3452,0,7,7,4,5,9,13,1,7,1,11,8,3,3,5,0,1,3,1,1,5,3,2,2,1
28560,0,3,6,3,1,8,13,1,7,4,7,1,2,2,1,0,3,3,1,2,2,3,2,2,1
31635,0,11,5,4,1,19,13,5,7,4,7,1,2,2,1,0,2,3,1,2,2,3,2,2,1
10702,1,8,5,4,1,12,21,1,7,4,9,8,2,2,1,0,1,1,2,1,3,3,2,2,1
10716,1,4,7,4,1,16,13,1,7,4,10,1,2,2,1,0,2,1,1,2,2,5,2,2,1
3900,0,7,7,4,1,21,13,2,2,2,6,1,2,2,1,0,1,3,1,1,2,3,2,3,1
31719,0,4,3,2,1,15,1,1,10,1,7,1,2,2,1,0,1,4,1,1,2,4,3,4,1
34888,1,3,2,4,1,21,13,3,2,4,3,1,2,2,1,0,8,4,1,1,2,3,2,4,1
19708,1,6,7,4,1,17,1,1,7,1,8,8,3,3,4,0,1,2,1,1,3,3,2,2,1
795,0,4,3,3,3,13,13,1,10,4,12,1,3,2,1,0,8,2,1,1,2,4,2,3,1
13058,1,10,6,4,2,15,13,1,7,1,9,8,2,3,4,0,1,1,1,1,3,3,2,2,1
497,1,3,1,4,1,16,13,1,6,2,4,1,2,2,1,0,1,2,1,1,2,6,2,4,1
8817,1,10,6,4,1,13,13,1,2,4,10,1,2,2,1,0,2,1,1,2,2,3,2,2,1
23487,0,7,6,4,5,16,1,1,2,1,6,1,3,2,1,0,1,2,1,1,2,6,2,4,1
8859,1,11,2,4,1,9,13,1,7,4,2,1,2,2,1,0,2,1,1,2,2,3,2,3,1
11343,0,10,3,4,1,18,13,5,10,4,10,1,2,2,1,0,2,3,1,2,2,3,2,3,1
30583,1,7,1,3,1,19,7,1,7,2,7,1,2,2,1,1,5,3,1,1,2,2,2,7,1
20294,1,7,4,2,1,16,13,1,2,3,3,8,2,2,1,0,8,2,1,1,2,3,2,2,1
30357,1,7,5,2,5,19,1,2,7,1,6,1,3,2,1,0,1,3,1,1,2,3,2,2,1
5742,0,4,7,2,5,21,1,2,10,1,10,1,2,3,6,0,1,3,1,1,4,3,2,2,1
28289,0,4,1,4,1,16,7,1,10,2,4,8,2,2,1,0,3,1,1,3,2,3,2,2,1
3920,0,10,1,4,4,23,13,2,7,1,8,1,3,3,4,0,2,3,1,3,2,3,2,2,1
25317,1,9,7,4,5,15,1,1,2,1,11,1,3,2,1,0,1,2,1,1,2,5,2,4,1
11217,0,10,1,4,1,24,13,3,2,3,4,1,2,2,1,0,3,3,1,1,2,3,2,2,1
22417,1,10,4,3,1,23,11,3,7,4,12,8,2,2,1,0,2,2,1,2,2,4,2,4,1
19902,1,11,6,4,5,13,1,1,7,1,6,1,2,3,2,0,1,1,1,1,2,4,2,3,1
20633,1,3,6,4,1,17,13,1,2,4,11,1,2,2,1,0,1,1,1,1,2,5,2,4,1
9113,1,6,4,3,1,7,13,1,4,4,1,8,2,2,1,0,2,3,1,2,4,4,2,3,1
34590,1,11,1,2,1,15,21,1,7,5,8,2,2,2,1,0,3,3,1,2,2,3,2,2,1
13578,0,6,6,4,1,7,13,1,8,4,10,1,2,2,1,0,1,3,1,1,2,4,2,4,1
30409,0,3,7,1,1,16,1,1,2,1,5,8,2,2,1,0,2,4,1,3,2,3,2,2,1
31814,0,11,7,3,1,15,10,1,7,6,3,1,2,2,1,0,1,1,1,1,2,3,2,2,1
35301,0,4,3,4,1,7,13,1,10,2,6,1,2,2,1,1,12,4,1,1,2,4,2,4,1
11285,0,11,3,4,1,8,13,1,8,2,8,1,2,2,1,1,12,3,1,1,2,6,2,4,1
23339,0,3,5,2,1,16,13,1,7,2,5,1,2,2,1,0,1,3,1,1,2,4,2,4,1
14527,0,9,5,2,1,21,13,2,7,2,10,1,2,2,1,0,1,3,1,1,2,5,2,2,1
10561,0,6,7,4,1,21,1,2,7,1,7,1,2,2,1,0,1,1,1,1,2,5,2,4,1
11174,1,8,2,4,5,18,1,1,7,1,5,8,2,3,4,0,1,3,2,1,4,3,2,2,1
1578,1,7,7,4,1,18,13,1,7,4,9,1,2,2,1,0,8,1,1,1,2,3,2,2,1
12441,1,11,1,4,1,12,7,1,7,2,9,1,2,2,1,0,1,2,1,1,2,5,2,3,1
6928,0,4,7,4,1,16,13,1,3,3,9,8,2,2,1,0,1,1,1,1,3,3,2,2,1
15829,1,3,5,4,1,16,13,1,8,4,10,1,2,2,1,0,1,2,1,1,2,3,2,3,1
36399,0,6,1,2,5,17,1,1,7,1,9,1,2,2,1,0,1,1,1,1,2,5,2,2,1
7478,0,6,5,1,1,20,7,1,2,2,7,1,2,2,1,1,12,2,1,1,2,3,2,4,1
12019,1,9,3,4,1,4,2,2,7,5,5,1,2,2,1,0,1,3,1,1,2,3,2,4,1
9594,0,8,5,4,1,17,13,1,7,3,10,1,2,2,1,0,1,2,2,1,2,3,2,2,1
7952,0,8,2,4,1,20,13,1,2,3,5,1,2,2,1,0,4,1,1,1,2,3,2,3,1
20359,1,12,4,3,1,12,13,1,8,4,9,8,2,2,1,0,2,3,1,2,2,5,2,2,1
7296,1,6,2,4,1,18,7,2,7,2,11,5,2,2,1,0,3,2,1,3,2,3,2,2,1
22157,1,9,6,3,1,20,2,3,7,4,1,1,2,2,1,0,2,1,1,2,2,5,2,3,1
5,1,7,4,4,5,17,13,3,4,1,3,8,2,3,4,0,1,2,1,1,4,3,2,2,1
1352,0,2,1,4,1,24,4,2,2,1,10,1,2,3,4,0,3,1,1,3,2,3,2,2,1
20345,1,8,7,4,5,8,1,1,10,1,7,1,2,3,8,1,5,1,1,1,3,2,2,7,1
1940,0,5,7,4,1,19,13,2,10,4,11,1,2,2,1,0,2,2,1,2,2,4,2,2,1
8576,1,9,4,4,1,13,13,1,10,4,12,1,2,2,1,1,2,3,1,2,2,5,2,3,1
30380,0,6,3,4,1,7,13,1,4,4,9,1,2,2,1,0,8,4,1,1,2,3,2,2,1
14702,0,7,1,4,5,16,1,1,7,1,8,8,3,3,4,0,1,1,1,1,4,3,2,2,1
1692,1,4,5,4,1,16,13,1,10,2,5,1,2,2,1,0,4,2,1,1,2,3,2,2,1
7617,1,8,7,3,5,23,13,3,7,1,7,1,2,3,8,0,1,1,1,1,2,3,2,3,1
16645,1,3,7,4,5,16,1,1,4,1,12,1,2,2,1,0,1,3,1,1,2,3,2,2,1
1049,0,11,2,4,1,15,7,1,8,2,1,7,2,2,1,0,2,3,1,3,2,3,2,2,1
2890,1,4,7,4,1,11,13,1,8,4,11,1,2,2,1,0,8,3,1,1,2,3,2,2,1
3696,0,4,6,4,1,23,13,2,7,1,6,8,2,3,4,0,1,3,1,1,4,3,2,2,1
11319,1,3,4,4,1,23,13,3,10,2,9,1,2,2,1,0,1,1,1,1,2,4,2,4,1
2818,1,9,2,3,5,7,1,1,7,1,8,1,3,2,1,0,1,1,1,1,2,3,2,4,1
9909,1,9,3,4,1,15,13,1,8,4,4,1,3,2,1,0,2,3,1,2,2,3,2,2,1
4454,0,4,2,2,1,2,13,3,4,1,4,8,2,3,4,0,1,1,1,1,4,5,2,3,1
7881,1,6,4,4,1,19,13,1,1,4,8,1,3,2,1,0,2,1,1,2,2,3,2,3,1
18068,1,8,6,4,5,12,13,1,7,1,9,1,2,3,4,0,1,1,2,1,2,3,2,2,1
32194,1,8,7,3,1,22,13,3,8,3,7,8,2,2,1,0,3,1,1,3,2,3,2,2,1
32558,0,9,7,3,5,22,1,3,7,1,9,8,3,3,4,0,5,4,1,1,3,2,3,7,1
14009,1,4,1,4,1,17,13,2,2,3,1,1,2,2,1,0,1,1,1,1,2,3,2,2,1
8324,1,5,7,4,5,3,13,2,10,1,6,8,2,3,4,0,2,3,1,3,5,3,2,2,1
27002,0,4,7,4,1,9,13,1,10,2,10,1,2,2,1,0,1,2,1,1,2,7,2,4,1
33433,0,9,1,4,5,11,1,1,1,1,9,8,3,3,2,0,1,4,1,1,4,3,2,2,1
17076,1,7,2,2,1,18,13,1,10,1,5,8,2,3,4,0,1,3,1,1,4,3,2,2,1
29748,1,4,3,3,1,19,13,1,4,4,7,8,2,2,1,0,8,1,1,1,2,3,2,2,1
13579,0,6,6,4,1,20,13,3,4,4,10,1,2,2,1,0,2,3,1,3,2,5,2,2,1
24091,0,3,2,4,1,16,13,1,8,2,7,1,2,2,1,0,3,1,1,3,2,3,2,2,1
11086,1,10,3,4,1,21,13,2,10,4,4,1,2,2,1,0,2,3,1,2,2,3,2,3,1
10532,0,3,5,4,1,19,13,1,10,3,6,8,2,2,1,0,1,2,1,1,3,3,2,2,1
19781,1,8,3,4,1,16,13,1,7,4,8,1,2,2,1,0,2,1,1,3,2,3,2,2,1
32462,0,9,7,2,1,12,7,1,7,2,8,5,2,2,1,0,3,3,1,3,3,3,2,2,1
10527,1,4,2,4,1,15,13,1,10,4,6,1,2,2,1,0,2,2,1,2,2,5,2,2,1
3957,0,8,7,4,1,18,13,2,7,3,11,7,2,2,1,0,1,3,1,1,2,3,2,2,1
19905,0,8,2,4,5,19,1,1,7,1,6,8,2,2,1,0,1,1,1,1,3,3,2,2,1
20531,0,3,6,3,1,23,13,3,2,4,3,8,2,2,1,0,2,3,1,2,2,3,2,2,1
10501,1,9,7,4,5,17,1,1,2,1,5,1,3,2,1,0,2,2,1,2,2,4,2,2,1
8038,1,7,4,4,1,3,13,2,2,1,8,1,2,2,1,0,1,1,1,1,2,3,2,3,1
13732,1,9,6,4,1,17,13,1,10,4,7,8,3,2,1,0,2,3,1,3,4,3,2,2,1
3108,1,5,1,4,1,12,13,1,4,4,2,1,2,2,1,0,8,1,1,1,2,3,2,2,1
16001,1,5,3,4,1,8,13,1,10,2,2,1,2,2,1,0,1,1,1,1,2,3,2,4,1
22179,1,6,7,2,1,7,13,1,8,4,4,8,2,2,1,0,8,1,1,1,2,3,2,4,1
15076,0,6,6,4,1,21,13,3,7,4,7,1,2,2,1,0,2,1,1,2,2,3,2,3,1
7534,0,4,7,4,1,18,13,1,8,3,4,8,2,2,1,0,1,1,1,1,3,3,2,2,1
13922,1,6,4,4,1,6,13,4,7,1,7,1,2,2,1,0,1,1,1,1,2,3,2,2,1
15700,1,3,1,4,1,12,13,1,4,3,9,8,2,2,1,0,1,1,1,1,3,3,2,2,1
18578,1,7,1,4,1,14,1,1,7,1,10,1,2,2,1,0,2,3,1,3,2,3,2,2,1
18244,0,6,5,4,1,20,13,3,2,3,9,8,2,2,1,0,1,3,1,1,3,3,3,2,1
13417,1,8,7,4,1,12,13,1,2,3,8,1,2,2,1,0,2,3,1,3,2,5,2,2,1
16352,0,11,2,4,1,8,13,1,2,4,9,1,2,2,1,0,2,1,1,3,2,3,2,3,1
10119,0,7,6,4,1,17,13,1,2,1,7,8,2,2,4,0,1,1,1,1,5,3,2,2,1
35837,0,9,6,2,1,23,10,3,11,4,12,1,2,2,1,0,2,4,1,2,2,5,2,2,1
5996,0,11,6,4,1,19,13,2,7,1,2,8,2,2,1,0,1,3,1,1,3,3,2,3,1