id,Severity,age_classes,day_week,DEFORMED_classes,m_harm_classes,hour,impact1_classes,lgt_cond,make,man_coll,month,p_crash1,pcrash4,pcrash5,rel_road,reljct1,reljct2,rest_use,sex,typ_int,valign,vnum_lan,vsurcond,vtrafway,weather_classes
22550,0,7,7,2,5,14,1,1,7,1,10,8,2,3,5,0,3,2,2,3,2,3,2,2,1
20471,0,10,1,3,1,17,13,1,7,2,7,1,2,2,1,0,3,2,1,2,2,5,2,2,1
3201,1,8,3,4,1,7,13,1,2,4,5,1,2,2,1,1,2,1,1,2,2,3,2,3,1
25062,1,2,5,4,1,12,13,1,2,2,8,1,2,2,1,0,1,1,1,1,2,3,2,2,1
6885,0,4,5,4,1,13,13,1,2,4,7,8,2,2,1,0,1,3,1,1,3,3,9,2,1
8083,1,7,4,4,1,14,13,1,8,4,10,1,2,2,1,0,2,2,1,2,2,5,2,2,1
34722,0,4,1,4,1,20,21,1,10,5,7,1,2,2,1,0,1,1,1,1,2,8,2,4,1
16078,1,6,7,4,5,13,1,1,7,1,1,1,2,2,1,0,2,2,1,2,2,3,2,2,1
7877,1,9,1,4,1,19,10,1,7,4,5,1,2,2,1,0,2,3,1,3,2,5,2,5,1
27158,1,6,4,4,3,15,13,1,8,1,10,1,2,3,4,0,1,2,1,1,4,3,2,4,1
13939,0,8,2,1,5,23,1,2,7,1,8,8,2,3,4,0,2,3,1,3,4,3,2,2,1
12070,1,4,7,4,1,24,13,2,2,1,6,8,3,3,8,0,5,1,1,1,3,3,2,7,1
24323,0,6,1,3,1,24,13,3,7,2,7,1,3,2,1,0,3,3,1,3,2,3,2,4,1
13030,0,4,5,4,1,14,13,1,8,4,8,1,2,2,1,0,2,1,1,3,2,3,2,3,1
12028,1,3,3,4,1,15,13,1,4,4,7,1,2,2,1,0,2,3,1,3,2,3,2,2,1
30318,0,7,7,4,1,16,7,1,7,2,8,8,2,2,1,0,3,3,2,3,4,3,2,2,1
11579,0,5,3,4,5,24,13,2,2,1,8,8,2,3,5,0,1,1,1,1,3,3,2,2,1
25747,1,8,3,4,1,6,13,4,2,4,2,1,2,2,1,0,2,2,1,2,2,3,2,5,1
17449,1,9,7,4,1,14,13,1,7,2,9,1,2,2,1,0,1,2,1,1,2,3,2,2,1
22926,0,4,7,1,1,10,13,1,7,2,5,1,2,2,1,0,1,2,1,1,2,3,2,3,1
15834,0,7,7,4,1,19,13,2,7,1,1,1,2,3,7,0,1,3,1,1,2,3,2,2,1
8974,1,11,3,3,5,12,1,1,7,1,8,8,2,2,1,0,1,3,1,1,3,3,2,2,1
2613,0,9,4,4,5,17,13,1,7,1,8,1,2,3,4,0,1,1,1,1,2,3,2,2,1
995,0,10,1,4,1,9,13,1,2,4,1,8,2,2,1,0,1,1,1,1,5,3,3,2,1
2957,1,4,3,4,1,19,13,5,4,4,6,1,2,2,1,0,2,1,1,2,2,4,2,2,1
22401,0,7,2,2,5,17,1,3,7,1,11,1,2,2,1,0,1,3,1,1,2,3,3,4,1
36224,0,10,5,1,5,17,1,1,2,1,4,1,2,2,1,0,2,1,1,2,2,8,2,5,1
33293,0,5,1,2,1,19,13,2,7,4,1,8,2,2,1,0,1,4,1,1,5,3,2,2,1
16585,1,3,7,4,2,10,13,1,8,1,8,8,2,3,5,0,1,1,1,1,4,3,2,2,1
5128,1,10,1,4,5,15,13,1,7,1,2,1,2,2,1,0,1,3,1,1,2,3,2,2,1
6453,1,4,6,4,5,23,7,2,7,2,12,5,2,2,1,0,1,1,1,1,2,3,2,2,1
4580,1,3,2,2,5,15,1,1,8,1,11,8,2,3,4,0,1,1,1,1,3,3,2,2,1
5451,0,8,5,4,1,4,21,3,10,4,5,1,2,2,1,0,2,2,1,2,2,5,2,6,1
25174,0,3,3,2,1,10,13,1,8,2,6,5,2,2,1,0,3,1,1,2,2,3,2,3,1
2438,1,5,1,4,1,16,13,1,2,2,10,1,2,2,1,0,3,2,1,3,2,5,2,2,1
8319,1,9,5,4,1,24,13,3,7,1,6,1,2,3,4,0,1,3,1,1,2,3,2,2,1
5595,1,5,3,4,1,19,1,1,7,1,7,1,2,2,1,0,2,1,1,3,2,5,2,5,1
2396,0,8,7,2,2,18,1,1,7,1,8,1,2,2,1,0,1,2,1,1,2,3,3,2,1
13908,1,6,7,4,1,21,4,3,8,4,5,8,2,2,1,0,2,3,1,2,2,3,2,3,1
348,0,5,7,4,5,1,1,2,7,1,1,1,2,2,1,0,1,2,1,1,2,3,2,2,1
6800,1,11,7,4,1,19,4,5,7,1,9,1,2,2,1,0,1,3,1,1,2,3,2,2,1
18981,1,9,1,2,5,8,1,1,10,1,10,1,2,2,1,0,8,3,1,1,2,3,2,3,1
18095,0,9,1,4,1,13,13,1,7,4,10,1,2,2,1,0,2,1,1,2,2,4,2,2,1
1361,1,5,3,4,1,21,13,3,10,2,10,1,2,2,1,0,1,1,1,1,2,7,3,3,1
30363,0,8,1,2,1,14,3,1,7,5,7,7,2,2,1,0,1,1,1,1,2,3,2,3,1
35373,0,4,6,2,1,14,11,1,10,5,9,1,2,2,1,0,1,1,1,1,2,5,2,4,1
1041,0,12,2,4,1,15,13,1,4,4,4,1,2,2,1,0,4,1,1,1,2,3,2,3,1
20422,0,5,1,2,5,16,1,1,7,1,8,1,2,2,1,0,1,2,1,1,2,5,2,5,1
34499,1,10,2,4,1,19,13,1,8,4,9,1,2,2,1,0,2,3,1,2,2,3,2,3,1
11437,1,3,4,4,1,20,13,3,8,4,8,1,2,2,1,0,2,1,1,2,2,3,2,2,1
20956,0,5,6,3,3,21,13,3,2,1,5,1,2,3,4,0,1,3,1,1,2,3,2,2,1
31687,0,6,2,2,1,8,13,1,7,2,6,2,2,2,1,0,1,2,1,1,2,4,2,4,1
24827,0,3,7,4,5,22,13,1,4,1,6,8,2,3,4,0,1,3,1,1,5,3,2,3,1
2389,1,9,6,2,1,10,13,1,7,2,8,1,2,2,1,1,12,2,1,1,2,4,2,4,1
16972,0,3,2,4,4,14,13,1,8,1,3,1,3,3,4,0,1,3,1,1,2,3,2,2,1
18946,0,10,1,4,4,23,13,2,7,1,8,1,3,3,4,0,2,3,1,3,2,3,2,2,1
2985,1,4,5,4,1,14,13,1,2,4,7,1,2,2,1,0,2,1,1,4,2,5,2,5,1
24766,0,7,4,2,5,19,1,1,2,1,3,8,3,3,4,0,2,1,1,3,4,3,2,2,1
3166,1,6,3,4,1,13,13,1,2,1,4,1,2,4,5,0,1,1,1,1,2,3,3,2,1
1356,1,5,6,4,1,24,13,2,7,4,10,1,2,2,1,0,8,1,1,1,2,7,2,5,1
706,0,12,3,4,1,7,1,1,8,1,8,8,2,2,1,0,1,2,1,1,3,3,2,2,1
17426,1,9,5,4,5,21,1,1,7,1,7,8,2,3,4,0,1,2,1,1,4,3,2,2,1
15502,0,6,5,4,3,3,1,2,4,1,5,8,2,5,1,0,1,3,1,1,3,2,2,3,1
34510,1,8,5,4,5,17,1,1,8,1,9,1,2,2,1,0,1,3,1,1,2,4,2,4,1
13534,1,5,7,4,1,10,1,1,8,1,8,1,2,2,1,0,8,3,1,1,2,5,2,2,1
28417,0,4,1,3,1,13,2,1,2,5,3,1,2,2,1,0,2,1,1,3,2,3,2,2,1
2626,0,3,3,4,5,21,1,3,4,1,8,1,2,2,1,0,2,1,1,3,2,3,2,2,1
20787,1,5,1,3,4,8,18,1,4,1,9,8,3,3,4,0,1,2,1,1,5,3,2,2,1
1419,0,5,4,4,5,5,13,2,7,1,12,1,2,2,1,0,1,3,1,1,2,3,2,2,1
35846,0,6,2,2,1,19,7,2,7,2,1,1,2,2,1,0,1,1,1,1,2,3,2,4,1
21257,1,4,4,4,5,23,1,3,4,1,8,1,2,3,4,1,5,3,1,1,3,2,2,7,1
703,1,7,6,4,5,11,1,1,8,1,9,7,2,2,1,0,1,2,1,1,2,4,2,3,1
18216,1,7,6,4,5,21,13,2,2,1,7,8,2,3,4,0,1,1,1,1,4,3,2,2,1
18723,0,8,5,4,1,16,7,1,7,2,6,1,2,2,1,0,1,3,1,1,2,3,2,3,1
36074,0,4,2,2,5,12,1,1,8,1,8,1,2,2,1,0,8,4,1,1,2,6,2,5,1
13838,0,7,5,4,1,16,13,1,7,3,9,8,2,2,1,0,1,1,2,1,3,3,2,2,1
21440,0,9,2,4,1,7,13,1,7,4,1,8,2,2,1,0,2,2,1,2,2,5,2,5,1
32,0,6,6,4,1,5,13,4,10,1,6,8,2,3,4,0,1,3,1,1,3,3,2,2,1
6373,0,3,1,4,1,4,13,2,4,1,9,1,2,3,4,0,1,3,1,1,2,3,3,5,1
36181,0,4,3,4,5,23,1,2,7,1,3,8,2,3,2,0,5,4,1,1,3,2,3,7,1
11798,0,8,7,4,5,17,13,1,7,1,8,8,2,3,4,0,1,3,1,1,4,3,2,2,1
35845,0,6,2,2,1,19,7,2,7,2,1,1,2,2,1,0,1,1,1,1,2,3,2,4,1
4603,1,8,3,2,1,17,13,2,10,4,12,1,2,2,1,0,2,1,1,3,2,3,2,2,1
3445,0,8,2,4,1,15,13,1,8,1,11,8,2,3,4,0,1,3,1,1,4,3,2,2,1
32540,0,6,3,4,1,14,13,1,10,4,11,1,2,2,1,0,8,4,1,1,2,6,2,2,1
13822,0,8,7,2,1,17,13,1,7,4,10,1,2,2,1,0,8,1,1,1,2,3,2,2,1
22929,1,10,6,4,1,13,18,1,7,4,5,1,2,2,1,0,2,3,1,2,2,3,2,2,1
16559,0,6,3,3,1,21,13,3,7,1,6,1,2,2,8,1,5,1,1,1,2,2,2,7,1
11527,1,7,1,4,1,10,13,1,7,3,5,8,2,2,1,0,1,1,1,1,4,3,2,2,1
14637,0,7,7,2,1,13,7,1,7,2,12,1,2,2,1,0,1,3,1,1,2,3,2,2,1
32138,0,7,2,2,2,16,18,1,7,1,10,8,3,3,4,0,1,4,1,1,4,3,2,2,1
18468,1,7,4,4,5,16,10,1,2,1,11,8,3,3,4,0,1,3,1,1,5,3,2,2,1
1681,1,10,4,4,5,16,1,1,7,1,4,8,2,3,4,0,1,3,1,1,4,3,2,2,1
24042,0,8,4,4,5,9,1,1,10,1,9,1,3,2,1,0,1,1,1,1,2,4,2,2,1
16168,1,3,1,4,1,22,13,3,4,2,6,1,2,2,1,0,2,1,1,3,2,3,2,3,1
18059,0,3,3,4,2,22,13,2,2,1,8,8,2,3,4,0,1,1,1,1,5,3,2,2,1
28534,0,12,7,3,5,10,1,1,2,1,10,1,3,2,1,0,1,3,1,1,2,2,2,2,1
5409,0,4,6,4,1,3,13,2,10,2,3,1,2,2,1,0,1,2,1,1,2,8,2,4,1
12522,1,9,7,4,1,18,13,3,7,4,2,1,2,2,1,0,2,1,1,3,2,4,2,3,1
18518,0,7,6,4,1,2,13,2,4,3,5,1,2,2,1,0,1,2,1,1,2,3,2,4,1
12308,1,5,6,4,1,20,13,3,4,4,8,1,3,2,1,0,2,1,1,3,2,5,3,2,1
8572,0,8,7,4,5,17,1,1,7,3,12,1,2,2,1,0,1,3,1,1,2,3,2,2,1
5868,1,8,6,4,5,15,2,1,7,4,8,1,2,2,1,1,2,3,1,2,2,3,2,2,1
12080,0,6,7,4,1,13,12,1,10,6,7,8,2,2,1,0,1,1,1,1,3,3,2,2,1
22777,0,6,3,3,1,16,13,1,7,4,2,8,2,6,11,0,8,3,1,1,1,1,1,1,1
11531,0,10,3,4,1,11,13,1,7,4,5,1,2,2,1,0,8,1,1,1,2,3,2,2,1
27540,1,10,1,4,1,12,13,1,7,2,2,1,2,2,1,0,8,1,1,1,2,3,2,2,1
17606,0,5,7,4,1,1,13,3,4,1,4,8,2,3,2,1,5,1,1,1,3,3,2,7,1
9782,0,8,1,4,1,1,13,2,7,2,8,1,2,2,1,0,1,1,1,1,2,4,2,4,1
27538,0,4,6,2,1,8,19,1,2,5,2,7,2,2,1,1,12,1,1,1,2,4,2,4,1
8257,0,3,1,4,5,11,1,1,2,1,10,7,2,2,1,0,1,1,1,1,4,3,2,2,1
11032,1,7,6,4,1,17,13,1,2,4,4,1,2,2,1,1,2,3,1,2,2,3,2,4,1
16414,1,5,5,4,1,20,13,3,2,4,8,1,2,2,1,0,2,3,1,2,2,5,3,5,1
20291,0,10,3,4,1,13,13,1,4,4,11,1,2,2,1,0,2,1,1,2,2,3,2,2,1
834,1,8,4,4,1,15,13,1,10,1,6,1,2,3,4,0,1,1,1,1,2,3,2,2,1
5274,1,9,4,4,5,12,1,1,7,1,11,1,3,2,1,0,3,3,2,3,2,5,2,5,1
3164,1,9,7,3,1,15,13,1,2,4,3,1,2,2,1,0,8,1,1,1,2,3,2,2,1
20292,0,4,7,4,1,22,7,3,10,2,12,1,2,2,1,0,3,1,1,2,2,5,2,2,1
2,1,7,6,4,1,22,13,3,2,4,2,1,2,2,1,0,2,1,1,2,2,3,2,3,1
23103,0,7,3,4,1,13,7,1,7,2,11,1,2,2,1,0,3,2,1,2,2,3,2,4,1
2346,1,8,1,3,1,13,4,1,7,5,5,1,2,2,1,1,12,2,1,1,2,6,2,4,1
5969,0,6,3,4,1,22,13,2,7,4,1,8,2,2,1,0,1,3,1,1,3,3,2,2,1
15851,0,8,2,4,1,17,13,1,2,2,5,1,2,2,1,0,3,3,1,3,2,3,2,2,1
3473,0,8,3,4,1,15,1,1,2,1,4,1,2,2,1,0,2,3,1,2,2,5,2,2,1
7413,0,7,7,4,1,3,2,2,4,1,8,8,2,3,4,0,1,2,1,1,4,3,2,2,1
30672,1,6,7,4,5,22,1,3,3,1,2,6,2,6,1,0,1,3,1,1,2,3,2,3,1
659,0,10,6,4,5,18,13,5,7,2,10,1,2,2,1,0,1,2,1,1,2,5,2,2,1
10578,0,4,7,4,1,18,1,1,10,1,8,8,2,2,1,0,1,2,1,1,3,3,2,2,1
29772,0,9,6,2,1,18,4,1,4,4,10,8,2,2,1,0,8,1,1,1,1,1,1,1,1
22523,0,10,4,4,5,15,1,1,7,1,7,1,3,3,4,0,1,3,1,1,4,3,2,2,1
8284,0,3,5,4,1,20,13,3,3,4,4,1,2,2,1,0,5,1,1,1,2,3,2,2,1
33124,1,3,3,4,1,21,1,3,8,1,8,1,3,2,1,0,1,1,1,1,2,5,3,3,1
5759,1,3,2,4,1,18,21,3,4,1,11,7,2,3,7,0,1,1,1,1,3,3,2,3,1
15779,1,8,7,4,1,15,13,1,7,4,10,1,3,2,1,0,8,2,1,1,2,3,2,3,1
14794,1,10,7,4,1,11,13,1,8,3,10,8,2,2,1,0,1,1,1,1,3,3,2,2,1
15158,1,9,3,4,1,17,13,1,2,4,2,1,2,2,1,0,2,3,1,2,2,3,2,2,1
5403,0,8,5,3,1,16,13,1,7,2,2,7,2,2,1,0,1,2,1,1,2,6,2,4,1
22260,0,3,6,2,1,19,10,2,4,5,1,1,2,2,1,0,3,3,1,1,2,3,2,4,1
6246,1,4,1,4,1,12,13,1,4,4,6,1,2,2,1,0,2,1,1,2,2,4,2,3,1
2385,1,7,1,4,1,13,13,1,4,2,7,1,2,2,1,0,3,2,1,1,2,3,2,2,1
3848,0,10,3,4,4,7,13,1,7,1,2,7,2,3,4,0,1,3,1,1,2,3,2,2,1
25676,0,10,6,4,1,18,13,1,2,2,7,1,2,2,11,0,2,3,1,3,2,5,2,5,1
17037,1,3,3,4,1,15,13,1,4,4,7,1,2,2,1,0,2,3,1,3,2,3,2,2,1
15278,0,7,7,4,1,13,7,1,10,2,11,2,2,2,1,0,1,3,1,1,2,5,2,5,1
7898,1,7,7,4,1,12,8,1,7,4,7,8,2,2,1,0,1,3,1,1,2,3,2,2,1
13551,0,6,4,4,1,1,13,3,8,1,9,8,2,3,4,0,1,2,1,1,3,3,2,6,1
15720,0,6,6,4,1,5,13,3,7,4,10,1,2,2,1,0,1,1,1,1,2,4,2,3,1
6672,0,9,1,4,1,12,13,1,10,4,10,1,2,2,1,0,8,3,1,1,2,3,2,2,1
26367,0,4,7,2,5,23,1,3,7,1,7,1,3,2,1,0,2,3,1,2,2,3,2,6,1
1073,1,9,1,4,1,9,13,1,7,4,1,1,2,2,1,0,2,3,1,3,2,3,2,3,1
24249,0,8,5,4,1,17,13,1,3,4,3,1,2,2,1,0,2,2,1,3,2,3,2,2,1
25004,0,13,4,3,5,16,1,1,2,1,5,8,2,2,1,0,1,1,1,1,4,3,2,5,1
20884,0,6,1,2,1,21,13,3,2,4,7,8,2,2,1,0,8,1,1,1,2,5,2,5,1
28492,0,3,2,3,1,20,7,3,2,2,6,2,2,2,1,0,2,1,1,2,2,3,2,2,1
17992,1,3,5,4,1,16,4,1,2,1,3,8,2,3,4,0,1,1,1,1,4,4,2,4,1
18075,1,14,1,4,1,12,13,1,7,2,9,1,2,2,1,0,1,1,1,1,2,5,2,2,1
23951,0,3,5,2,1,15,13,1,2,4,6,1,2,2,1,0,1,2,1,1,2,6,2,4,1
3503,1,8,7,4,1,19,13,1,7,4,6,1,2,2,1,0,8,3,1,1,2,5,2,2,1
755,1,7,6,4,5,16,1,1,2,1,12,8,2,5,1,0,1,1,1,1,4,2,2,2,1
9595,0,7,3,4,1,5,13,2,2,3,10,1,2,2,1,0,2,3,1,3,2,3,3,2,1
3967,1,8,6,4,1,14,1,1,7,1,8,1,2,2,1,0,2,2,1,3,2,3,2,2,1
18576,1,6,5,4,1,16,13,1,7,4,10,1,2,2,1,0,8,3,1,1,2,5,2,2,1
16454,1,9,5,4,1,24,13,3,7,4,11,1,2,2,1,1,5,3,1,1,2,2,2,7,1
25036,0,7,5,4,1,17,1,1,7,1,6,1,3,2,1,0,8,1,1,1,2,3,2,5,1
34562,0,5,7,4,5,1,1,2,2,1,8,1,2,2,1,0,1,4,1,1,2,3,2,2,1
11980,0,5,5,4,1,22,13,3,7,3,7,8,2,2,1,0,1,3,1,1,3,3,2,2,1
11351,0,8,6,4,1,16,13,1,4,3,9,8,2,2,1,0,1,3,2,1,3,3,2,2,1
23372,0,6,6,3,5,8,1,1,10,1,8,1,2,2,1,0,1,2,1,1,2,5,2,4,1
5304,0,9,1,4,1,20,13,1,2,3,6,8,2,2,1,0,1,3,1,1,3,3,2,2,1
11637,1,9,7,4,1,16,11,1,7,4,12,1,2,2,1,0,2,1,1,3,2,3,2,2,1
13933,1,7,3,4,1,23,7,2,7,2,8,4,2,2,1,0,2,3,1,2,2,3,2,2,1
10890,0,9,2,4,1,16,1,1,7,1,8,7,2,2,1,0,8,3,1,1,2,3,2,2,1
15026,0,5,2,4,1,19,13,5,2,4,9,1,2,2,1,1,2,3,1,3,2,3,2,2,1
3330,1,6,6,4,5,22,13,2,7,1,7,1,2,3,4,0,1,3,1,1,2,3,2,2,1
15179,0,3,1,4,1,3,1,3,2,1,4,8,3,2,1,0,1,3,1,1,3,3,2,2,1
32648,0,4,6,2,3,13,2,1,7,1,6,8,3,3,3,0,3,3,1,2,2,6,2,2,1
529,1,11,7,4,1,15,13,1,2,2,7,1,2,2,1,0,2,2,1,3,2,3,2,2,1
930,1,8,4,4,1,13,13,1,7,3,5,8,2,2,1,0,1,3,1,1,3,3,2,2,1
4982,0,4,5,3,5,24,13,3,4,1,9,1,2,2,1,0,1,3,1,1,2,3,2,2,1
3031,0,5,5,4,1,17,19,1,4,5,8,1,2,2,1,0,2,1,1,3,2,4,2,5,1
8825,0,4,6,3,5,17,1,1,2,1,11,1,3,2,1,0,1,3,1,1,2,3,2,2,1
832,0,6,7,4,5,15,1,1,4,1,6,8,3,3,4,0,1,1,1,1,4,3,2,2,1
1351,1,4,4,4,1,18,13,1,10,4,7,7,2,2,1,0,2,3,1,3,2,3,3,2,1
10321,0,7,3,4,1,14,13,1,8,4,8,1,3,3,2,0,8,2,1,1,2,3,2,2,1
10919,1,10,6,4,1,13,13,1,7,4,5,1,2,2,1,0,2,3,1,4,2,3,2,2,1
28427,0,4,4,4,5,14,1,1,7,1,3,1,2,2,1,0,1,3,1,1,2,4,2,6,1
15546,0,8,3,4,5,16,1,1,7,1,7,7,3,2,1,0,8,2,1,1,2,3,2,2,1
17206,0,8,6,3,1,16,18,1,7,5,7,6,2,6,1,1,5,1,2,1,2,2,2,7,1
33272,0,8,5,4,2,20,13,3,7,1,10,1,2,2,1,0,1,3,1,1,2,4,2,3,1
16298,1,8,5,4,1,12,13,1,10,4,8,1,2,2,1,0,8,3,1,1,2,3,2,3,1
21724,0,4,3,4,1,16,7,1,2,2,4,1,2,2,1,0,1,2,1,1,2,3,2,4,1
21820,1,3,2,4,1,15,13,1,10,4,4,1,2,2,1,0,8,1,1,1,2,5,2,2,1
4878,0,4,7,4,1,6,3,4,7,6,6,1,2,2,1,0,1,1,1,1,2,3,2,2,1
1061,0,5,3,4,1,20,13,3,2,4,2,1,2,2,1,0,2,3,1,2,2,4,2,3,1
11825,1,5,1,4,1,18,13,5,7,1,10,8,2,3,4,0,1,3,1,1,4,3,2,2,1
2743,0,5,3,4,1,9,13,1,6,2,5,1,3,2,1,0,2,3,1,2,2,3,3,2,1
22836,1,3,3,4,5,8,1,1,2,1,8,6,2,3,8,1,12,2,1,1,2,4,2,4,1
33663,1,10,3,4,1,10,13,1,10,4,12,1,2,2,1,0,2,4,1,2,2,6,2,5,1
34429,1,10,6,2,5,6,1,1,7,1,5,1,2,2,1,0,1,3,1,1,2,5,2,2,1
18002,1,7,4,4,1,11,13,1,7,2,6,1,2,2,1,0,1,1,1,1,2,3,3,4,1
7635,0,3,3,4,5,21,1,3,4,1,8,1,2,2,1,0,2,1,1,3,2,3,2,2,1
1808,1,5,1,4,1,18,13,5,7,1,10,8,2,3,4,0,1,3,1,1,4,3,2,2,1
34396,0,7,3,4,1,14,10,1,2,5,2,1,2,2,1,0,8,3,1,1,2,3,2,4,1
30467,1,6,1,1,1,17,21,1,7,7,4,8,2,2,1,0,8,3,1,1,1,1,1,1,1
14890,1,3,7,4,5,16,13,1,4,1,5,8,2,3,4,0,1,1,1,1,4,3,2,2,1
29766,0,6,5,2,1,17,7,1,2,2,9,1,2,2,1,0,3,1,1,3,2,3,2,2,1
13275,0,4,2,4,1,18,13,3,10,1,11,1,2,2,1,0,1,1,1,1,2,5,2,2,1
22190,0,4,2,3,1,18,13,1,4,4,5,1,2,2,1,0,2,1,2,2,2,3,2,2,1
18,0,4,1,4,5,23,1,3,4,1,4,8,2,3,4,0,1,3,1,1,4,3,2,2,1
17730,0,6,5,3,1,17,13,1,2,4,1,1,3,2,1,0,8,1,1,1,2,3,2,2,1
19889,0,4,6,4,1,23,13,2,2,1,10,1,2,3,5,0,1,1,1,1,2,3,2,2,1
17414,0,7,1,4,1,17,18,1,7,4,8,1,2,2,1,0,8,2,2,1,2,3,2,2,1
7852,0,5,1,4,1,13,1,1,4,1,10,7,2,2,1,0,1,1,1,1,2,4,2,4,1
29449,0,5,7,4,4,12,13,1,2,1,8,8,2,3,4,0,1,4,1,1,4,3,2,4,1
702,0,4,5,2,2,22,13,2,10,1,10,1,2,2,1,0,1,2,1,1,2,5,2,4,1
29714,0,5,4,3,1,15,13,1,10,4,5,8,3,6,1,0,8,4,1,1,2,3,2,2,1
2028,0,5,4,4,1,24,4,3,10,1,9,8,2,3,4,1,5,3,1,1,3,2,2,7,1
2502,0,7,5,4,1,18,7,2,2,2,1,1,2,2,1,0,2,1,1,3,2,3,2,2,1
35311,0,4,6,2,1,15,13,1,7,2,6,1,2,2,1,0,1,4,1,1,2,6,2,4,1
30399,1,3,5,4,1,12,13,1,10,4,4,1,2,2,1,0,4,3,1,1,2,3,2,2,1
21425,0,4,5,4,5,13,1,1,4,1,9,8,2,2,1,0,3,3,1,4,3,3,2,2,1
18091,0,7,7,4,1,9,13,1,7,4,10,8,2,2,1,0,2,1,1,3,4,3,2,2,1
2103,1,5,3,4,1,14,13,1,7,1,10,8,3,3,5,0,1,1,1,1,4,3,2,2,1
16923,0,8,5,4,1,15,10,1,7,4,8,8,2,2,1,0,2,3,1,2,2,5,2,4,1
12452,1,3,3,4,1,22,13,2,4,4,8,1,2,2,1,0,2,2,1,3,2,7,2,5,1
7759,1,7,1,4,1,19,13,5,7,1,7,1,2,4,4,0,2,3,1,3,2,3,2,2,1
1233,1,4,5,4,1,10,13,1,4,1,7,1,2,2,1,0,2,1,1,2,2,4,2,3,1
1421,0,3,6,4,1,19,13,3,8,4,10,1,2,2,1,0,2,1,1,2,2,3,3,4,1
30292,0,3,5,2,5,15,1,1,1,1,3,8,2,2,1,0,1,3,1,1,3,3,2,2,1
34098,0,2,7,3,1,13,13,1,8,4,2,1,2,2,1,0,8,1,1,1,2,3,2,2,1
7752,0,5,3,4,1,9,13,1,6,2,5,1,3,2,1,0,2,3,1,2,2,3,3,2,1
16757,1,4,7,4,1,12,13,1,2,4,7,1,2,2,1,0,2,2,1,2,2,3,2,2,1
11600,0,7,6,4,1,8,13,1,4,3,10,1,2,2,1,0,2,1,1,2,2,3,2,2,1
35639,1,6,5,4,1,21,13,3,2,4,6,1,2,2,1,0,2,4,1,2,2,5,2,2,1
22079,1,4,1,2,1,19,13,3,8,4,10,8,3,6,1,0,8,1,2,1,4,3,2,3,1
31090,0,4,5,4,1,19,13,1,3,1,6,1,2,2,1,0,1,1,1,1,2,3,3,2,1
28290,0,8,7,2,1,23,13,3,7,1,4,1,2,2,1,0,1,1,1,1,2,3,2,2,1
7025,0,7,6,4,1,15,13,1,8,4,8,7,2,2,1,0,4,3,1,1,2,3,2,2,1
31735,0,4,3,2,5,18,1,1,3,1,8,1,2,2,1,0,3,4,1,2,2,5,2,5,1
16217,1,4,5,4,1,2,13,3,4,2,4,1,2,2,1,0,1,3,1,1,2,3,2,2,1
31304,1,3,6,2,1,18,20,5,8,4,9,8,2,2,1,0,2,1,1,2,2,5,2,2,1
11990,0,6,5,4,1,8,13,1,3,4,8,1,3,2,1,0,2,3,1,2,2,6,2,4,1
8647,1,5,5,4,5,20,13,5,7,1,5,8,2,3,4,0,1,3,1,1,4,3,2,2,1
10905,0,7,5,4,3,16,15,1,7,1,9,8,3,3,4,0,1,3,1,1,4,3,2,2,1
13426,0,6,7,4,1,17,13,1,4,3,8,8,2,2,1,0,1,3,1,1,3,3,2,2,1
22887,0,6,1,2,1,16,4,1,7,4,9,1,2,6,1,0,8,2,2,1,1,1,1,1,1
6133,1,10,3,4,1,12,13,1,10,4,4,1,2,2,1,0,2,3,1,2,2,4,2,3,1
16484,1,7,1,4,1,24,13,3,7,2,11,1,2,2,1,0,1,3,1,1,2,5,2,5,1
1219,0,7,4,4,1,17,13,1,4,2,6,7,2,2,1,0,1,3,1,1,2,4,2,3,1
10363,1,3,3,4,1,9,13,1,4,3,1,1,2,2,1,0,3,2,1,2,2,5,2,5,1
1961,0,5,3,4,5,24,1,2,7,1,7,8,2,3,4,0,1,3,1,1,3,3,2,2,1
13966,0,7,1,4,5,20,1,2,7,1,11,1,2,2,1,0,8,3,1,1,2,3,2,3,1
29399,0,6,5,2,1,5,1,3,7,1,9,8,2,2,1,0,2,1,1,4,3,3,2,2,3
31754,0,10,5,2,1,6,4,4,2,4,9,8,2,2,1,0,2,4,1,6,2,2,2,3,1
14298,0,6,3,4,1,11,13,1,7,3,5,8,2,2,1,0,1,2,1,1,4,3,2,2,1
19555,0,7,1,3,1,2,7,3,10,2,10,1,2,2,1,0,1,3,1,1,2,6,2,4,1
11845,0,10,7,4,1,17,2,5,7,1,10,8,2,3,5,0,1,3,1,1,3,3,2,2,1
14976,0,7,1,4,1,18,13,1,2,3,8,8,2,2,1,0,1,3,1,1,3,3,2,2,1
13692,1,4,5,4,1,20,13,3,2,4,5,1,3,2,1,0,2,1,1,2,2,5,2,5,1
4972,1,8,2,4,5,5,1,4,7,1,8,1,2,2,1,0,1,3,1,1,2,3,2,2,1
13478,1,6,4,4,4,18,13,1,8,1,3,1,2,3,4,0,1,2,1,1,2,3,2,2,1
11978,0,5,3,4,5,24,1,2,7,1,7,8,2,3,4,0,1,3,1,1,3,3,2,2,1