id,Severity,age_classes,day_week,DEFORMED_classes,m_harm_classes,hour,impact1_classes,lgt_cond,make,man_coll,month,p_crash1,pcrash4,pcrash5,rel_road,reljct1,reljct2,rest_use,sex,typ_int,valign,vnum_lan,vsurcond,vtrafway,weather_classes
107,0,5,1,4,1,15,13,1,6,3,8,1,2,2,1,0,2,2,2,2,2,3,2,4,1
22852,0,8,4,2,1,16,1,1,7,1,8,5,2,2,1,0,3,3,1,2,2,5,2,2,1
17394,1,9,4,4,1,24,13,2,7,1,6,1,2,2,1,0,1,2,1,1,2,3,2,2,1
16236,0,7,1,4,1,22,7,3,7,2,7,5,2,2,1,0,3,3,1,2,2,5,2,3,1
19943,0,4,2,4,1,22,13,2,10,3,6,1,2,2,1,0,1,2,1,1,2,3,2,2,1
30713,1,10,6,2,1,16,13,1,8,4,8,1,2,2,1,0,8,3,1,1,2,4,2,4,1
313,1,8,7,4,1,18,13,1,7,4,9,8,2,2,1,0,2,3,1,2,4,3,3,2,1
28697,0,3,7,2,5,11,1,1,7,1,7,1,2,2,1,0,3,1,1,2,2,5,2,2,1
28332,0,8,6,4,1,6,13,4,7,4,6,1,2,2,1,1,2,1,1,2,2,3,2,3,1
23420,1,9,3,4,1,20,13,3,7,4,7,1,2,2,1,0,2,1,1,2,2,3,2,2,1
31798,0,3,2,3,1,9,13,1,2,4,1,8,2,2,1,0,2,1,1,3,2,7,2,5,1
27285,0,9,7,2,1,12,7,1,7,2,9,5,2,2,1,0,3,3,1,2,2,4,2,4,1
34301,0,8,5,4,1,6,21,2,10,4,4,1,2,2,1,0,8,3,1,1,2,3,2,2,1
31256,0,3,3,4,1,20,13,3,7,1,8,2,2,2,1,0,1,3,1,1,2,3,2,2,3
21221,1,8,2,4,1,14,13,1,7,4,5,1,3,2,1,0,8,3,1,1,2,3,2,3,1
7057,0,5,2,3,1,16,13,1,2,4,5,1,3,2,1,0,2,3,1,2,2,3,2,6,1
6922,1,4,6,4,1,2,7,2,4,2,9,1,2,2,1,0,1,3,1,1,2,3,2,4,1
5440,1,9,4,4,1,17,13,3,7,4,1,1,2,2,1,0,2,3,1,2,2,5,2,2,1
3264,1,5,2,4,1,18,13,1,8,3,8,1,2,2,1,0,8,1,1,1,2,3,2,2,1
17191,1,4,6,4,1,12,13,1,4,4,8,1,2,2,1,0,8,1,1,1,2,3,2,3,1
20209,1,4,6,2,1,15,12,1,10,4,5,8,2,6,1,0,8,2,1,1,1,1,1,1,1
25170,0,10,2,2,1,7,13,1,8,4,6,1,2,2,1,0,3,1,1,2,2,3,2,2,1
10367,1,13,7,4,1,7,18,1,7,1,1,8,2,3,3,0,1,2,1,1,2,6,2,4,1
2378,1,10,7,3,3,13,13,1,7,1,7,1,2,3,4,0,1,2,1,1,2,3,2,2,1
1691,1,6,3,4,1,15,13,1,4,4,5,7,2,2,1,0,7,2,1,1,2,5,2,3,1
22840,0,3,1,3,1,18,12,1,10,4,7,8,2,4,4,0,4,2,1,1,1,1,1,1,1
3963,1,8,5,4,1,16,13,1,10,3,7,1,2,2,1,0,2,3,1,3,2,3,2,2,1
2352,1,3,4,4,2,18,13,1,4,1,6,1,2,3,4,0,1,2,1,1,2,3,2,2,1
16469,1,5,6,4,5,23,13,2,7,2,12,1,2,2,1,0,1,3,1,1,2,3,2,2,1
10375,0,3,1,4,5,17,1,5,10,1,1,1,3,2,1,0,2,2,2,2,2,4,2,3,1
11377,0,5,1,4,1,20,13,3,8,4,10,1,2,2,1,0,2,1,1,3,2,4,2,3,1
23720,1,7,2,4,1,20,13,2,2,1,7,1,2,2,1,0,1,1,1,1,2,3,2,2,1
21733,1,3,3,3,1,19,4,5,10,5,4,1,2,2,1,0,1,1,1,1,2,5,2,5,1
5953,0,6,2,4,5,22,13,3,8,1,6,3,2,4,4,0,2,3,1,2,2,5,2,4,1
8497,1,10,4,4,1,20,13,3,7,4,4,1,2,2,1,0,2,3,1,2,2,5,2,2,1
11891,0,7,2,4,1,14,13,1,7,1,7,1,2,2,1,0,1,3,1,1,2,3,2,2,1
34157,0,9,7,4,1,13,7,1,7,2,7,1,2,2,1,0,1,4,1,1,2,3,2,4,1
9875,1,7,1,4,1,12,13,1,8,4,5,1,3,2,1,0,2,1,1,2,2,3,2,2,1
17388,0,4,1,4,1,17,13,1,10,3,6,1,2,2,1,0,8,2,1,1,2,3,2,2,1
36685,0,8,6,4,1,16,13,1,8,4,6,1,2,2,1,0,1,4,1,1,2,4,2,5,1
17034,1,4,7,4,1,23,13,3,8,3,6,1,2,2,1,0,2,2,1,3,2,3,2,2,1
27601,0,6,7,2,5,14,1,1,2,1,2,1,3,2,1,0,3,2,1,2,2,4,2,4,1
23875,1,5,2,2,1,21,13,1,10,4,6,1,2,2,1,0,2,3,1,3,2,4,2,3,1
10090,1,3,7,4,5,22,1,3,7,1,9,8,2,3,4,0,1,2,1,1,3,3,2,2,1
16680,0,8,5,4,1,13,13,1,2,4,7,8,3,2,1,0,4,2,1,1,4,3,2,2,1
16005,1,12,1,4,1,12,12,1,8,4,1,1,2,2,1,0,2,2,1,2,2,3,2,3,1
5465,0,8,1,4,1,14,13,1,7,3,4,8,2,2,1,0,1,1,1,1,3,3,2,2,1
28739,0,3,5,4,5,17,1,1,10,1,8,1,2,3,4,0,1,1,1,1,2,3,2,2,1
15145,1,10,6,4,5,15,1,1,4,1,2,1,2,2,1,0,1,1,1,1,2,3,2,2,1
766,1,4,4,4,1,22,13,3,4,3,12,1,2,2,1,0,2,1,1,2,2,4,2,3,1
28888,0,4,3,3,1,8,12,1,2,5,10,1,2,2,1,0,2,1,1,2,2,4,2,4,1
22116,0,5,1,2,1,12,13,2,8,1,7,1,2,2,1,0,1,2,1,1,2,3,2,2,1
9637,1,7,5,2,1,17,1,1,3,2,2,1,2,2,1,0,1,1,1,1,2,5,2,4,1
10857,1,4,1,4,1,20,13,5,6,4,6,1,2,2,1,0,8,1,1,1,2,6,2,5,1
14113,0,7,1,4,1,13,13,1,10,3,12,8,2,2,1,0,1,1,1,1,4,3,2,2,1
9274,1,3,2,2,1,20,13,3,10,4,5,8,2,2,1,0,4,1,1,1,3,5,2,3,1
22729,0,3,6,2,1,16,13,1,2,4,8,1,2,2,1,0,8,2,1,1,2,3,2,2,1
17179,0,9,6,3,1,7,13,1,2,4,6,8,2,2,1,0,2,1,1,3,4,3,2,3,1
7300,1,5,6,4,1,20,13,3,4,4,8,1,3,2,1,0,2,1,1,3,2,5,3,2,1
7593,1,10,6,4,1,14,13,1,2,3,3,1,2,2,1,0,2,1,1,3,2,3,2,2,1
1232,0,4,1,4,1,13,1,1,2,1,7,1,2,2,1,0,8,3,1,1,2,3,2,2,1
6723,1,3,5,4,1,12,13,1,10,4,6,1,2,2,1,0,2,3,1,2,2,3,2,2,1
5740,0,7,4,4,5,5,1,2,7,1,10,1,2,2,1,0,1,1,1,1,2,5,2,5,1
31907,1,5,7,4,1,23,7,2,8,2,7,2,2,2,1,0,3,1,1,3,2,3,3,3,1
24605,0,7,1,4,1,4,13,2,7,4,3,7,2,2,1,1,12,3,1,1,2,3,2,2,1
16979,0,4,4,4,1,22,4,2,7,4,6,1,2,2,1,0,2,3,1,2,2,3,2,2,1
3567,1,9,4,4,1,13,13,1,10,4,12,1,2,2,1,1,2,3,1,2,2,5,2,3,1
16069,0,4,3,4,1,21,13,3,2,4,4,1,3,2,1,0,2,1,1,3,2,3,2,3,1
4086,0,11,5,4,1,11,13,1,7,2,10,1,2,2,1,0,1,1,1,1,2,4,2,3,1
7483,1,10,4,4,1,10,13,1,2,4,7,1,2,2,1,0,1,2,1,1,2,3,2,2,1
8063,0,8,5,4,1,13,13,1,2,4,8,1,2,2,1,0,2,1,2,3,2,3,2,2,1
3364,0,8,4,4,1,18,13,1,2,1,7,8,2,2,5,0,1,3,1,1,5,3,2,2,1
1172,1,5,6,4,1,7,13,1,4,4,1,7,2,2,1,0,4,3,1,1,2,3,2,2,1
157,1,5,1,4,1,1,13,3,4,2,5,1,2,2,1,0,3,3,1,2,2,4,2,3,1
31418,0,4,1,3,1,15,18,1,8,5,2,7,2,2,1,0,1,1,1,1,2,5,2,4,1
11632,0,10,3,4,1,17,11,1,2,4,12,8,2,2,1,0,2,1,1,2,2,3,2,2,1
9893,0,5,1,3,1,19,2,1,2,1,7,1,2,3,2,0,1,3,1,1,2,3,2,2,1
10042,0,4,5,4,1,7,13,1,4,4,5,1,2,2,1,0,8,1,1,1,2,3,2,2,1
10713,0,10,7,1,1,11,15,1,7,1,10,1,2,2,1,0,1,1,1,1,2,3,2,2,1
23022,0,2,2,4,1,14,13,1,7,4,10,1,2,2,1,0,1,3,1,1,2,3,2,2,1
5129,0,4,3,3,5,20,15,2,10,1,2,8,2,3,3,0,1,1,1,1,3,4,2,3,1
9033,1,4,4,4,1,8,13,1,10,4,7,7,2,2,1,0,7,1,1,1,2,3,2,3,1
10614,1,9,2,3,1,14,13,1,7,1,7,8,2,3,4,0,1,1,1,1,4,3,2,2,1
35246,1,5,2,4,1,5,13,3,7,2,3,1,3,2,1,0,1,1,1,1,2,6,3,4,1
24559,1,5,4,2,1,23,13,2,4,2,9,1,2,2,1,0,1,3,1,1,2,5,2,5,1
15066,0,8,6,4,5,21,13,3,7,1,6,1,2,3,4,0,3,1,1,1,2,3,2,2,1
15572,0,3,2,4,1,17,1,1,3,1,7,8,2,2,1,0,2,1,1,2,4,5,2,3,1
20295,1,7,4,2,1,16,13,1,2,3,3,1,2,2,1,0,8,2,1,1,2,3,2,2,1
34130,0,4,5,3,1,17,13,1,2,2,6,1,2,2,1,0,1,4,1,1,2,3,2,2,1
1354,1,10,1,4,1,17,13,1,7,4,10,1,2,2,1,0,2,1,1,3,2,3,2,2,1
33109,0,4,7,4,1,20,13,1,7,2,7,1,2,2,1,0,3,1,1,3,2,3,2,2,1
16735,1,9,2,4,1,23,13,2,7,1,6,1,3,2,1,0,1,3,1,1,2,3,2,2,1
35421,1,6,1,4,1,14,18,1,7,5,11,1,2,2,1,0,1,1,1,1,2,4,2,4,1
5995,0,4,6,4,1,18,13,5,3,2,2,1,2,2,1,0,8,3,1,1,2,3,2,2,1
11810,0,8,1,4,1,15,13,1,7,3,9,1,2,2,1,0,1,3,1,1,2,3,2,2,1
16379,0,2,1,4,1,24,4,2,2,1,10,1,2,3,4,0,3,1,1,3,2,3,2,2,1
18279,0,6,7,4,2,23,13,2,2,1,12,8,2,3,4,0,1,1,1,1,3,3,2,2,1
7235,1,4,2,4,1,20,13,3,4,2,4,1,2,2,1,0,1,1,1,1,2,3,2,4,1
9923,0,13,4,4,5,19,21,1,2,1,6,8,3,3,4,0,1,3,1,1,4,3,3,2,1
18344,1,12,6,4,5,13,1,1,7,1,6,7,2,3,4,0,1,1,1,1,4,3,2,2,1
6436,1,9,5,4,1,24,13,3,7,4,11,1,2,2,1,1,5,3,1,1,2,2,2,7,1
3249,0,8,7,4,1,14,13,1,2,4,11,1,2,2,1,0,2,1,1,2,2,3,2,2,1
6101,1,4,2,4,1,15,13,1,2,4,4,1,2,2,1,0,2,1,1,2,2,5,2,5,1
13297,1,3,6,4,1,14,13,1,10,4,4,1,2,2,1,0,2,1,1,3,2,3,2,2,1
26230,0,2,5,4,1,15,13,1,10,2,3,1,2,2,1,0,1,3,1,1,2,3,2,2,1
21471,1,9,2,3,1,12,22,1,10,4,3,8,3,6,1,0,8,2,1,1,1,1,1,1,1
9097,1,6,7,4,4,23,4,2,10,1,7,1,2,3,5,0,1,3,1,1,2,3,2,2,1
24475,0,8,5,2,5,17,1,1,2,1,4,2,2,2,1,0,3,1,1,2,2,3,3,2,1
1993,0,8,1,4,1,14,13,1,7,4,4,7,2,2,1,0,2,3,1,3,2,3,2,2,1
11236,0,7,4,4,1,17,13,1,4,2,6,7,2,2,1,0,1,3,1,1,2,4,2,3,1
16988,1,6,5,4,1,22,13,3,10,3,7,1,2,2,1,0,1,3,1,1,2,3,2,2,1
36221,0,1,7,3,5,19,1,1,4,1,5,1,2,2,1,0,1,3,1,1,2,3,2,2,1
8154,0,5,6,4,1,12,13,1,4,3,6,1,2,2,1,0,2,1,1,2,2,7,2,4,1
5831,0,5,1,4,5,18,1,1,10,1,5,1,3,3,8,1,5,3,1,1,2,2,2,7,1
20935,1,3,7,3,5,13,1,1,8,1,11,1,2,3,4,0,1,1,1,1,2,3,2,4,1
23028,0,8,3,4,1,6,13,3,2,4,11,1,2,2,1,0,2,2,1,2,2,3,2,4,1
1270,1,3,1,4,1,13,13,1,8,4,8,1,2,2,1,0,2,1,1,3,2,3,2,3,1
30930,1,5,6,2,1,18,3,3,7,5,11,2,2,2,1,0,1,3,1,1,2,5,2,4,1
15061,1,10,7,4,3,8,9,1,7,1,6,1,2,3,4,0,1,1,2,1,2,3,2,2,1
15902,1,5,7,4,5,19,13,1,7,4,8,1,2,2,1,0,1,3,1,1,2,3,2,2,1
13855,1,4,3,4,1,19,21,5,10,5,7,1,3,2,1,0,1,2,1,1,2,2,2,6,1
29757,1,8,6,2,5,15,1,1,8,1,9,1,2,2,1,0,2,1,2,3,2,5,2,2,1
20926,1,4,6,3,1,16,13,1,2,4,10,8,2,2,1,0,8,1,1,1,2,3,2,3,1
9072,1,7,5,4,5,17,1,1,7,1,9,8,2,3,4,0,1,1,1,1,4,3,2,4,1
33122,0,5,7,4,4,3,13,3,10,1,8,8,2,3,4,0,1,1,1,1,3,2,3,6,1
26809,0,4,6,4,1,24,13,2,4,1,4,8,2,2,1,0,1,2,1,1,4,3,2,2,1
14087,0,6,7,2,1,2,13,2,7,2,10,1,2,2,1,0,1,1,1,1,2,3,2,3,1
17047,1,3,5,4,5,23,13,3,10,1,9,8,2,3,4,0,1,3,1,1,4,3,2,2,1
34136,0,10,5,2,1,16,20,1,7,1,6,1,2,3,4,0,1,4,1,1,4,3,3,2,1
31884,0,4,6,3,1,16,4,1,10,5,6,1,2,2,1,0,1,1,1,1,2,3,2,3,1
23955,1,8,6,2,1,6,13,1,7,5,7,8,2,2,1,0,1,1,1,1,4,6,2,4,1
16003,0,6,3,4,1,1,13,2,7,3,2,8,2,2,1,0,1,3,1,1,3,3,2,2,1
30379,0,6,3,2,1,7,13,1,4,4,9,8,2,2,1,0,8,4,1,1,2,3,2,2,1
11842,0,10,7,4,1,11,13,1,7,3,10,8,2,2,1,0,1,2,1,1,3,3,2,2,1
13447,1,8,4,4,1,21,13,2,2,4,10,1,2,2,1,0,2,3,1,3,2,3,2,2,1
4889,1,8,7,4,4,17,1,1,10,1,9,8,2,3,4,0,1,3,1,1,3,3,2,2,1
2369,1,9,4,4,5,18,1,1,7,1,6,1,2,3,4,0,1,2,1,1,2,3,2,2,1
14811,0,8,4,4,1,18,13,2,1,3,2,8,2,2,1,0,1,1,1,1,3,3,2,2,1
16724,0,6,7,4,1,16,13,1,2,4,5,1,2,2,1,0,2,3,1,3,2,5,3,2,1
24298,0,7,1,2,5,11,1,1,7,1,1,1,3,2,1,0,1,2,1,1,2,3,9,3,3
11286,1,5,6,4,1,20,1,3,7,1,8,8,2,3,3,0,1,1,1,1,3,3,2,3,1
11165,0,9,6,4,1,22,13,2,7,4,2,1,2,2,1,0,2,3,1,2,2,3,2,3,1
14284,1,3,2,2,1,20,13,3,10,4,5,8,2,2,1,0,4,1,1,1,3,5,2,3,1
20777,0,9,4,2,1,15,13,1,4,4,8,7,3,2,1,0,2,2,1,3,2,3,2,2,1
6068,1,8,6,4,5,15,1,1,7,1,1,1,2,2,1,0,2,1,1,2,2,4,2,3,1
5104,0,5,6,4,1,22,13,3,10,4,3,1,2,2,1,0,8,1,1,1,2,3,2,2,1
5514,1,4,1,4,1,20,13,3,2,4,6,1,2,2,1,0,2,2,1,2,2,4,2,2,1
31965,0,6,6,2,1,19,13,3,7,4,11,8,2,6,1,0,8,3,1,1,1,1,1,1,1
4578,1,7,7,2,5,20,1,2,2,1,11,8,2,3,4,0,1,3,1,1,4,3,2,2,1
5928,1,4,7,4,1,3,15,3,2,1,8,1,2,3,4,0,1,3,1,1,2,3,2,2,1
24308,0,10,6,3,5,12,1,1,7,1,4,1,3,2,1,0,1,1,1,1,2,3,2,6,1
2996,0,7,3,4,1,2,13,3,4,4,6,1,2,2,1,0,2,3,1,2,2,3,2,4,1
15637,0,6,7,4,1,22,13,3,7,4,8,1,2,2,1,0,2,2,1,2,2,5,2,5,1
33455,1,10,1,4,4,16,13,1,7,1,2,1,2,3,4,0,1,4,1,1,4,4,2,2,1
29842,1,3,6,2,1,23,4,2,4,2,2,2,2,2,1,0,1,3,1,1,2,5,2,4,1
17763,1,3,4,4,1,16,13,1,2,4,10,1,3,2,1,0,2,1,1,2,2,5,2,5,1
34276,0,6,6,2,5,11,1,1,7,1,11,1,2,2,1,0,1,4,1,1,2,6,2,5,1
27646,1,7,7,2,5,12,1,1,6,1,8,1,2,3,4,0,1,1,1,1,4,3,2,2,1
14997,0,8,7,3,1,11,13,1,7,1,9,8,2,3,4,0,1,3,1,1,3,3,2,2,1
1559,1,3,7,4,2,10,13,1,8,1,8,8,2,3,5,0,1,1,1,1,4,3,2,2,1
8705,0,4,6,4,1,23,13,2,7,1,6,8,2,3,4,0,1,3,1,1,4,3,2,2,1
32560,0,5,2,4,1,14,13,1,10,2,12,7,3,2,1,0,1,4,1,1,2,4,2,3,1
4259,1,7,3,3,1,14,13,1,2,4,5,1,2,2,1,0,8,1,1,1,2,5,2,5,1
1102,0,7,3,4,1,23,7,3,7,2,3,1,2,2,1,0,1,3,1,1,2,5,2,3,1
8990,1,3,5,4,1,18,13,3,2,3,2,1,2,2,1,0,1,1,1,1,2,3,2,2,1
16424,1,6,4,4,1,21,13,3,4,4,4,1,2,2,1,0,2,1,1,3,2,4,2,3,1
22512,0,2,5,3,5,13,1,1,7,1,6,8,2,3,4,0,1,2,1,1,4,3,2,2,1
8554,0,3,1,2,1,8,13,1,2,1,10,1,2,3,4,0,1,3,1,1,2,3,2,2,1
14157,0,3,7,4,3,24,13,3,4,1,2,1,2,3,4,0,1,1,1,1,2,4,2,3,1
1943,1,12,1,4,1,15,13,1,2,1,10,1,2,2,1,0,3,1,1,3,2,3,2,2,1
18587,0,6,6,4,1,7,13,1,8,4,10,1,2,2,1,0,1,3,1,1,2,4,2,4,1
21146,0,3,1,4,1,13,21,1,7,7,10,1,2,2,1,0,1,2,1,1,2,6,7,4,1
30894,0,4,5,4,1,17,13,1,2,2,4,1,2,2,1,0,1,3,1,1,2,3,2,3,1
9849,1,9,5,4,1,18,13,1,10,3,8,1,2,2,1,0,2,1,1,3,2,3,2,2,1
12457,1,4,5,4,1,16,13,1,10,4,10,1,2,2,1,0,4,2,1,1,2,5,2,5,1
19381,0,6,5,3,1,21,13,3,4,2,7,1,2,2,1,0,1,3,1,1,2,5,2,4,1
27329,0,8,1,4,1,21,7,3,10,2,6,4,2,2,1,0,3,2,1,2,2,2,2,3,1
20282,0,6,7,2,1,20,13,2,10,4,10,8,2,2,1,0,2,1,1,2,2,5,2,5,1
16745,1,9,2,4,5,16,1,1,7,1,7,8,2,3,4,1,5,3,1,1,4,2,2,7,1
23468,0,5,6,2,1,15,4,1,2,2,6,2,2,2,1,0,1,2,1,1,2,6,2,4,1
890,1,9,7,4,1,15,1,1,7,1,10,1,3,2,1,0,2,1,1,3,2,3,2,2,1
29365,1,6,3,2,1,17,7,1,4,2,8,5,2,2,1,0,8,4,1,1,2,5,2,2,1
17461,1,3,3,4,1,22,13,2,4,4,8,1,2,2,1,0,2,2,1,3,2,7,2,5,1
27959,0,8,2,2,1,14,2,1,7,5,10,8,2,2,1,0,2,1,1,2,2,5,2,2,1
21077,0,7,7,3,1,21,13,3,7,4,5,4,2,2,1,0,2,3,1,2,2,3,2,4,1
5269,1,3,7,4,1,12,13,1,4,4,11,1,2,2,1,0,3,1,1,2,2,5,2,5,1
4712,1,7,6,4,1,12,13,1,2,3,6,8,2,2,1,0,1,1,1,1,3,3,2,2,1
30282,0,2,7,2,1,20,13,5,10,2,6,8,2,2,1,0,1,3,1,1,5,3,2,2,1
4288,0,3,7,4,1,24,13,2,4,1,6,8,2,3,4,0,1,2,1,1,4,3,2,5,1
16500,1,10,5,4,1,18,3,3,2,4,1,8,2,2,1,0,2,1,1,2,4,5,2,5,1
20217,0,3,2,2,1,11,13,1,8,2,5,1,2,2,1,0,1,1,1,1,2,3,2,2,1
12881,0,8,2,4,4,19,13,5,2,1,4,8,2,3,5,0,1,3,1,1,3,3,2,3,1
8670,1,5,5,4,1,14,4,1,2,1,5,7,3,3,4,0,1,2,1,1,4,3,2,2,1
18299,1,7,7,4,5,12,1,1,7,1,10,8,3,3,4,0,1,3,1,1,4,3,2,2,1
138,1,9,6,4,1,10,19,1,10,4,4,1,2,2,1,1,2,3,1,3,2,3,2,2,1
29684,0,11,5,2,1,11,18,1,2,5,2,7,2,2,1,0,1,4,1,1,2,3,2,3,1
17298,1,8,7,4,5,10,1,1,7,1,10,2,3,2,1,0,1,2,1,1,2,3,2,2,1
2553,0,11,3,4,1,6,7,1,2,2,8,1,2,2,1,0,1,1,1,1,2,3,2,3,1
4977,1,5,7,4,1,16,13,1,7,1,9,1,3,2,1,0,1,3,2,1,2,3,2,2,1
35815,1,5,7,4,1,10,13,1,8,3,9,7,2,2,1,0,1,2,1,1,2,3,2,2,1
18409,0,5,7,4,1,23,3,2,4,5,6,7,3,2,1,0,1,1,1,1,5,3,2,3,1
7791,1,6,6,4,1,24,13,3,10,4,5,1,2,2,1,0,2,1,1,2,2,3,3,2,1
11689,1,4,6,4,1,20,4,2,7,1,2,1,2,2,7,0,1,3,1,1,2,3,2,2,1
9961,1,8,5,1,5,18,1,1,2,1,8,8,3,2,1,0,8,2,2,1,2,3,2,2,1
12700,0,8,7,4,1,15,13,1,7,4,6,1,2,2,1,0,1,1,1,1,2,3,2,2,1
4725,0,8,5,4,1,7,13,1,10,4,6,1,2,2,1,0,3,1,1,3,2,5,2,2,1
1969,1,7,1,4,3,1,13,3,7,1,8,1,2,3,4,0,2,3,1,3,2,3,2,2,1
29051,1,7,2,4,1,23,13,3,4,2,8,1,2,2,1,0,1,2,1,1,2,3,2,5,1
22802,1,8,1,2,1,11,13,1,10,4,5,4,2,2,1,0,2,3,1,2,2,3,3,2,1
3275,0,3,5,4,1,20,13,3,3,4,4,1,2,2,1,0,5,1,1,1,2,3,2,2,1
34844,0,4,1,4,1,11,1,1,10,1,10,1,2,2,1,0,1,1,1,1,2,6,2,4,1
4717,0,6,5,4,5,24,1,2,11,1,6,1,2,3,3,1,12,1,1,1,2,7,2,4,1
33264,0,5,3,2,1,8,18,1,4,4,7,1,2,2,1,0,8,4,1,1,2,3,2,3,1
20744,0,6,4,2,1,18,13,1,4,2,7,1,3,2,1,0,3,2,1,2,2,3,2,2,1
3211,1,8,6,4,5,13,1,1,2,1,8,8,2,2,1,0,1,1,1,1,3,3,2,2,1
7924,0,7,2,4,1,1,7,3,7,2,1,1,2,2,1,0,1,1,1,1,2,5,2,4,1
6181,1,5,6,4,1,7,13,1,4,4,1,7,2,2,1,0,4,3,1,1,2,3,2,2,1
12926,1,6,1,4,1,17,21,1,7,1,7,8,3,3,4,0,1,3,1,1,3,3,2,2,1
22450,0,4,6,4,5,18,1,1,8,1,4,3,3,2,1,0,1,2,1,1,4,3,2,2,1
34158,0,9,7,3,1,13,7,1,7,2,7,2,2,2,1,0,1,4,1,1,2,3,2,4,1
31608,0,4,6,2,1,15,13,1,2,3,4,8,2,2,1,0,2,1,1,2,2,5,3,5,1
25831,0,4,7,4,1,9,10,1,7,5,5,1,2,2,1,1,5,2,1,1,5,2,2,6,1
20636,0,3,1,4,1,12,6,1,8,5,11,1,2,2,1,0,1,1,1,1,2,7,2,4,1
10907,1,9,7,4,1,15,1,1,7,1,10,1,3,2,1,0,2,1,1,3,2,3,2,2,1
2189,1,5,6,4,1,2,13,3,7,4,4,7,2,2,1,0,2,3,1,2,2,3,2,2,1
4793,0,8,4,4,1,18,13,2,1,3,2,8,2,2,1,0,1,1,1,1,3,3,2,2,1
16637,1,7,3,4,5,14,1,1,7,1,11,8,2,3,5,0,1,1,1,1,4,3,3,2,1
15543,0,4,6,4,1,4,13,3,2,2,4,1,2,2,1,0,3,2,1,2,2,5,2,3,1
31284,0,4,7,4,1,17,2,1,4,4,9,1,2,2,11,0,8,4,1,1,2,5,2,5,1
10850,0,12,2,4,1,11,13,1,2,1,6,8,3,3,4,0,1,1,1,1,4,3,2,2,1
23779,0,8,1,2,5,17,1,1,2,1,3,1,2,2,1,0,2,2,1,2,2,3,2,2,1
10444,1,7,2,4,1,16,13,1,10,4,4,1,3,2,1,0,2,2,1,3,2,3,2,3,1
11599,0,6,1,2,1,23,7,2,4,2,10,1,2,2,1,0,1,1,1,1,2,3,2,2,1
8291,1,10,1,4,1,18,4,1,10,1,4,1,3,3,4,0,1,1,1,1,2,3,2,2,1
23484,0,7,5,2,1,13,13,1,7,2,7,8,2,2,1,0,2,3,1,2,2,3,2,2,1
19041,1,10,7,4,1,10,13,1,2,4,5,1,2,2,1,0,2,1,1,3,2,3,2,2,1
8727,0,10,3,4,1,12,13,1,2,4,7,8,2,2,1,0,8,1,1,1,4,3,2,2,1
1432,1,7,4,4,1,16,7,1,10,7,12,7,2,2,1,0,2,1,1,2,2,3,2,2,1
8841,0,8,5,4,1,8,13,1,6,3,6,7,2,2,1,0,2,1,1,3,2,3,2,2,1
3210,0,8,2,4,1,20,13,2,8,3,8,8,2,2,1,0,1,3,1,1,3,3,2,2,1
25770,0,4,2,4,2,19,13,2,2,1,5,1,2,2,1,0,1,2,1,1,2,3,2,4,1
1854,0,4,6,4,1,23,13,2,7,2,5,7,2,2,1,0,1,3,1,1,2,5,2,3,1
12486,0,6,5,1,1,20,7,1,2,2,7,1,2,2,1,1,12,2,1,1,2,3,2,4,1
5606,1,9,2,3,1,14,13,1,7,1,7,8,2,3,4,0,1,1,1,1,4,3,2,2,1
7397,0,7,1,4,1,17,18,1,7,4,8,1,2,2,1,0,8,2,2,1,2,3,2,2,1
6628,1,3,7,4,5,16,1,1,4,1,12,1,2,2,1,0,1,3,1,1,2,3,2,2,1
4045,0,8,1,4,2,19,13,5,10,1,7,8,2,3,3,0,1,1,1,1,5,5,2,3,1
27896,0,4,2,3,1,21,13,3,4,2,6,1,2,2,1,0,1,3,1,1,2,5,2,2,1
10761,1,6,3,3,1,15,1,1,4,1,11,1,3,2,1,0,8,1,1,1,2,3,2,2,1
23810,0,4,6,4,1,23,22,3,10,4,3,1,2,2,1,0,2,1,1,3,2,5,2,5,1
7917,0,8,1,4,4,11,13,1,11,1,7,8,3,3,5,0,1,3,1,1,3,3,2,3,1
31750,0,8,7,2,1,13,13,1,7,2,9,1,2,2,1,0,3,4,1,3,2,5,2,2,1
12075,0,4,7,4,5,16,1,1,8,1,6,8,3,3,10,0,1,1,1,1,4,3,2,2,1
12574,0,8,5,4,4,22,13,2,10,1,9,8,2,3,6,0,1,1,1,1,5,3,2,2,1
2006,0,9,7,4,5,15,1,1,10,1,6,6,2,3,3,0,1,3,1,1,3,3,2,3,1
32635,1,5,1,4,1,11,13,1,7,4,5,1,2,2,1,0,8,4,1,1,2,3,2,2,1
11813,1,4,3,4,5,16,1,1,8,1,9,1,3,2,1,0,1,3,1,1,2,3,2,2,1
12395,1,10,7,3,3,13,13,1,7,1,7,1,2,3,4,0,1,2,1,1,2,3,2,2,1
8688,1,8,7,4,1,20,13,2,7,1,6,1,3,2,1,0,1,3,1,1,2,4,2,3,1
11919,1,9,6,4,2,22,13,2,7,1,8,1,2,3,4,0,1,3,1,1,2,3,2,2,1