id,Severity,age_classes,day_week,DEFORMED_classes,m_harm_classes,hour,impact1_classes,lgt_cond,make,man_coll,month,p_crash1,pcrash4,pcrash5,rel_road,reljct1,reljct2,rest_use,sex,typ_int,valign,vnum_lan,vsurcond,vtrafway,weather_classes
31480,0,9,6,2,1,19,12,1,7,5,8,8,2,2,1,0,2,3,1,3,2,4,2,2,1
7099,1,6,6,4,1,19,13,1,2,2,7,1,3,2,1,0,3,3,1,2,2,3,2,3,1
2509,1,3,1,4,1,20,13,2,4,4,3,1,2,2,1,0,2,1,1,2,2,3,2,3,1
10704,0,10,6,4,1,14,13,1,2,3,9,8,2,2,1,0,1,2,1,1,3,3,2,2,1
5268,1,3,3,4,1,20,13,3,2,4,11,1,2,2,1,0,2,1,1,2,2,6,2,5,1
8292,1,6,1,4,1,16,13,1,10,4,4,1,2,2,1,0,1,3,1,1,2,3,2,2,1
23869,0,7,5,2,1,6,13,4,8,1,10,1,2,2,1,0,1,2,1,1,2,3,2,2,1
7146,0,8,7,3,5,21,1,2,2,1,5,8,3,3,4,0,1,1,1,1,3,3,2,2,1
2075,1,8,1,4,4,21,13,2,7,1,7,8,3,3,4,0,1,1,1,1,4,3,3,2,1
29579,1,4,5,3,1,1,11,3,2,5,2,7,2,2,1,0,1,1,1,1,2,6,2,4,1
12098,1,4,2,4,1,8,13,1,4,3,8,8,2,2,1,0,1,1,1,1,3,3,2,2,1
73,1,6,1,4,1,16,13,1,2,4,9,1,2,2,1,0,2,1,1,2,2,3,2,2,1
22073,0,3,2,4,1,17,13,1,2,4,9,1,2,2,1,0,2,1,1,3,2,3,2,6,1
35779,0,7,6,3,5,16,1,1,7,1,5,1,2,3,4,0,1,1,1,1,4,3,3,2,1
16026,0,7,6,4,1,2,7,2,7,2,1,1,2,2,1,0,1,3,1,1,2,4,3,4,1
10215,1,4,1,4,5,7,1,1,10,1,8,8,2,2,1,0,1,3,1,1,3,3,2,2,1
16818,0,7,7,4,1,21,13,2,7,1,9,1,2,2,1,0,1,3,1,1,2,3,2,2,1
11279,1,8,1,4,1,12,13,1,7,4,7,1,2,2,1,0,2,3,1,2,2,4,2,3,1
15100,1,3,7,4,5,22,1,3,7,1,9,8,2,3,4,0,1,2,1,1,3,3,2,2,1
16980,1,3,1,3,5,24,1,2,10,1,6,8,2,3,4,0,1,3,1,1,3,3,3,2,1
14071,1,5,2,4,1,6,15,1,7,1,8,1,2,3,4,0,1,1,1,1,2,3,2,2,1
20262,1,4,3,3,1,19,13,1,8,2,8,1,2,2,1,0,1,2,1,1,2,5,2,5,1
17242,1,7,6,4,5,18,13,5,7,1,8,8,2,3,6,0,1,3,1,1,3,3,2,2,1
1599,1,9,6,4,5,16,1,1,7,1,6,8,2,2,1,0,1,2,2,1,3,3,2,2,1
12718,1,7,4,4,1,19,13,3,4,4,9,1,2,2,1,0,2,1,1,3,2,5,2,2,1
6495,1,4,3,4,2,15,13,1,2,1,3,8,2,3,4,0,1,1,1,1,3,3,2,2,1
12860,0,5,1,4,1,13,1,1,4,1,10,7,2,2,1,0,1,1,1,1,2,4,2,4,1
16572,1,6,7,4,1,16,13,1,7,4,7,1,2,2,1,0,2,1,1,2,2,3,2,2,1
26524,1,3,1,4,1,11,19,2,4,4,5,1,2,2,1,0,8,2,1,1,2,3,2,2,1
18404,0,9,4,4,1,17,10,1,7,6,8,8,2,2,1,0,1,3,1,1,3,3,2,2,1
6779,0,4,6,4,5,21,1,3,2,1,8,1,3,2,1,0,1,2,1,1,2,5,2,4,1
9943,0,7,3,4,1,19,13,1,7,4,7,1,2,2,1,0,2,3,1,2,2,3,2,2,1
119,0,4,3,3,5,20,15,2,10,1,2,8,2,3,3,0,1,1,1,1,3,4,2,3,1
28660,0,10,7,2,1,10,13,1,7,4,5,1,2,2,1,0,2,1,1,2,2,5,3,2,1
12801,1,3,4,4,1,1,13,2,4,2,6,1,2,2,1,0,1,1,1,1,2,3,2,2,1
9154,1,4,6,3,1,1,13,3,7,1,3,8,2,3,4,0,1,3,1,1,5,3,2,2,1
10888,1,11,7,2,5,12,1,1,7,1,8,2,3,3,4,0,8,3,1,1,2,3,2,2,1
12535,0,4,1,4,1,21,13,3,4,4,4,1,2,2,1,0,2,1,1,3,2,3,2,2,1
15913,1,10,7,4,1,11,13,1,7,4,9,7,2,2,1,0,1,3,1,1,2,3,2,2,1
34339,0,5,1,4,1,13,13,1,7,4,8,1,3,2,1,0,2,3,1,3,2,4,2,3,1
26308,1,8,7,4,1,19,18,1,7,1,4,1,3,3,4,0,1,3,1,1,2,3,2,2,1
30509,0,6,7,4,1,11,13,1,10,2,6,1,2,2,1,0,3,3,1,3,2,3,2,3,1
19655,1,7,5,2,1,17,1,1,3,2,2,1,2,2,1,0,1,1,1,1,2,5,2,4,1
2636,1,6,3,4,1,24,13,3,8,4,7,1,2,2,1,0,4,1,1,1,2,5,2,5,1
20712,0,8,1,3,1,19,21,1,7,1,5,8,2,2,1,0,1,2,1,1,4,3,2,2,1
2869,1,6,5,4,3,24,13,3,7,1,5,8,2,3,3,0,1,3,1,1,3,3,2,3,1
21098,0,10,7,2,5,7,1,1,7,1,7,8,2,2,1,0,2,3,1,3,5,3,2,4,1
26753,0,3,3,3,5,11,1,1,4,1,8,8,2,3,4,0,1,2,1,1,4,3,2,2,1
18880,0,10,2,4,5,18,1,5,7,1,2,1,3,3,3,0,1,1,1,1,2,3,2,4,1
10306,1,6,7,4,1,10,13,1,2,3,6,8,2,2,1,0,1,3,1,1,3,3,2,2,1
11683,1,6,1,4,5,16,13,1,7,2,11,1,2,2,1,0,1,3,1,1,2,5,2,5,1
13104,0,3,6,4,1,2,13,2,2,1,12,1,2,2,1,0,2,1,2,2,2,5,2,2,1
22477,0,4,3,2,1,6,10,2,2,5,9,1,2,2,1,0,1,2,1,1,2,4,2,4,1
28674,1,6,6,4,1,23,13,2,7,3,6,1,2,2,1,0,2,1,1,2,2,6,2,2,1
19941,0,13,4,4,5,19,21,1,2,1,6,8,3,3,4,0,1,3,1,1,4,3,3,2,1
6953,1,4,6,4,1,17,13,2,7,4,11,1,2,2,1,0,3,3,1,3,2,5,2,5,1
1239,0,8,1,4,5,22,1,2,7,1,7,1,3,2,1,0,1,3,1,1,2,3,2,2,1
6890,0,8,1,4,4,16,13,1,3,1,7,8,2,3,4,0,1,3,1,1,3,3,2,2,1
20530,0,3,6,3,1,23,13,3,2,4,3,7,2,2,1,0,2,3,1,2,2,3,2,2,1
482,1,5,3,4,1,7,13,1,2,2,5,1,2,2,1,0,1,2,1,1,2,7,2,4,1
14936,1,8,2,3,1,13,13,1,7,1,6,8,3,2,1,0,1,3,1,1,4,3,2,2,1
30128,0,6,5,4,5,16,1,1,10,1,10,8,3,2,1,1,5,4,1,1,4,2,2,7,1
1673,1,4,2,4,1,22,4,3,10,4,3,1,2,2,1,0,2,3,1,2,2,5,2,6,1
11145,0,11,3,4,1,9,10,1,4,4,5,8,2,2,1,0,2,1,1,2,2,4,2,3,1
6237,1,6,5,3,5,21,1,3,2,1,7,1,2,2,1,0,1,3,1,1,2,3,2,2,1
20754,0,8,7,1,1,23,18,2,7,5,8,1,2,2,1,0,3,2,1,2,2,3,3,2,1
12826,1,8,7,4,1,19,15,1,8,1,5,1,2,2,1,0,1,1,1,1,2,3,2,2,1
572,0,6,7,4,1,10,21,1,7,5,6,1,2,2,1,0,1,1,1,1,2,6,2,4,1
30932,1,8,6,2,5,13,1,1,7,1,12,1,2,3,2,0,1,3,1,1,2,5,2,4,1
8342,1,9,7,3,5,18,4,1,10,1,7,1,2,3,3,0,1,3,1,1,2,3,2,3,1
22181,0,4,2,3,1,11,7,1,2,2,4,1,2,2,1,0,1,3,1,1,2,7,2,5,1
3451,1,5,7,4,1,22,13,2,7,1,10,1,2,2,1,0,1,3,1,1,2,5,2,2,1
3500,0,7,7,2,5,13,1,1,2,1,6,1,3,2,1,0,1,3,1,1,2,3,2,2,1
22645,1,3,1,2,1,2,13,3,8,4,10,1,2,2,1,0,2,2,1,2,2,3,3,2,1
19939,1,7,1,4,1,11,13,1,7,4,5,1,2,2,1,0,2,3,1,2,2,3,2,2,1
2424,1,11,1,4,1,12,7,1,7,2,9,1,2,2,1,0,1,2,1,1,2,5,2,3,1
28632,0,6,4,2,1,12,22,1,4,5,11,7,2,2,1,0,8,1,1,1,2,3,2,2,1
2576,0,6,5,4,1,17,1,1,7,1,3,8,3,2,1,1,5,1,1,1,3,3,2,7,1
16193,1,9,2,4,1,19,7,5,7,2,6,1,2,2,1,0,1,3,1,1,2,3,2,3,1
23508,0,3,5,2,5,19,1,3,8,1,9,3,2,2,1,0,1,2,1,1,2,3,2,2,1
18994,1,9,6,4,5,17,13,1,7,2,8,1,3,2,1,0,2,3,1,3,2,3,2,2,1
6491,1,2,1,4,1,21,1,2,2,1,3,1,2,3,4,0,3,1,1,3,2,3,2,2,1
14737,1,9,4,4,1,17,13,1,4,4,6,1,2,2,1,0,2,1,1,3,2,3,2,3,1
31883,0,4,6,3,1,16,4,1,10,5,6,7,2,2,1,0,1,1,1,1,2,3,2,3,1
6073,0,4,6,4,1,19,13,2,2,3,2,1,2,2,1,0,1,1,1,1,2,3,2,2,1
31718,0,4,3,4,1,15,1,1,10,1,7,7,2,2,1,0,1,4,1,1,2,4,3,4,1
15718,1,4,1,3,3,2,15,3,6,1,10,8,2,3,4,0,1,1,1,1,3,3,2,2,1
13635,1,4,7,3,1,14,13,1,4,1,3,1,3,2,1,0,2,1,1,2,2,3,2,2,1
21728,0,7,5,3,1,7,18,1,7,5,3,1,2,2,1,0,1,1,1,1,2,6,2,4,1
7754,0,10,3,4,1,13,13,1,4,4,5,1,3,2,1,0,8,3,1,1,2,3,2,2,1
2350,0,8,7,4,1,14,1,1,7,1,5,8,2,2,1,0,2,2,1,2,4,5,2,5,1
27844,0,6,6,4,1,22,2,3,4,4,11,1,2,2,1,0,2,3,1,3,2,3,2,2,1
22221,0,10,1,4,1,17,13,1,2,2,11,1,2,2,1,0,3,3,1,3,2,6,2,3,1
15450,0,7,6,4,5,8,1,1,8,1,4,1,2,2,1,0,1,2,1,1,2,8,2,4,1
3800,1,9,1,4,1,21,13,3,7,4,9,1,2,2,1,1,2,2,2,7,2,3,2,4,1
7602,1,7,4,4,5,23,13,3,7,1,6,6,2,3,3,1,13,3,1,1,3,4,2,3,1
28846,0,3,1,1,1,19,13,3,2,1,11,1,2,2,1,0,1,1,1,1,2,3,2,4,1
2493,0,4,6,2,5,18,1,1,11,1,8,2,3,2,1,0,1,2,1,1,2,3,2,4,1
10046,1,10,7,4,1,10,13,1,7,4,5,1,2,2,1,0,8,3,1,1,2,3,2,2,1
8374,1,9,5,4,5,15,1,1,7,1,7,1,2,3,4,0,1,1,1,1,2,3,2,3,1
36373,1,10,5,4,5,10,1,1,3,1,9,1,2,2,1,0,8,1,1,1,2,3,2,2,1
8513,1,8,2,4,1,21,13,5,4,4,7,1,2,2,1,0,8,2,1,1,2,5,2,2,1
15492,1,3,1,4,1,22,13,3,4,4,2,1,2,2,1,0,8,2,1,1,2,5,2,2,1
21050,0,6,3,4,5,24,1,3,7,1,1,8,2,2,1,0,1,2,1,1,3,3,2,4,1
11918,1,6,1,4,1,21,13,2,10,4,8,1,2,2,1,0,8,3,1,1,2,5,2,2,1
10227,0,10,7,4,1,11,18,1,7,6,9,8,2,2,1,0,1,1,1,1,4,3,2,2,1
20420,0,9,4,2,1,12,13,1,4,2,8,1,2,2,1,0,3,2,1,2,2,5,2,5,1
22786,0,5,6,2,1,16,10,1,8,5,3,1,2,2,1,0,1,2,1,1,2,3,2,2,1
9617,0,5,7,3,1,2,13,3,7,3,12,1,2,6,1,0,1,3,1,1,2,3,2,2,1
20632,1,3,6,3,1,17,13,1,2,4,11,8,2,2,1,0,1,1,1,1,2,5,2,4,1
1238,1,7,5,3,1,17,11,1,10,4,6,8,2,2,1,0,8,3,1,1,2,3,2,2,1
7363,1,10,5,4,1,21,13,2,7,3,6,1,2,2,1,0,2,2,1,2,2,5,2,5,1
31138,0,6,6,2,1,10,22,1,1,4,8,1,2,6,1,0,8,1,1,1,1,1,1,1,1
683,0,4,3,4,1,8,13,1,2,4,9,1,2,2,1,0,8,1,1,1,2,3,2,2,1
3156,1,5,4,4,1,6,13,4,4,4,6,1,2,2,1,0,8,1,1,1,2,3,2,2,1
14130,0,8,2,4,1,6,13,2,2,4,1,1,2,2,1,0,2,1,1,3,2,3,2,2,1
16774,1,6,1,4,5,12,1,1,1,1,8,8,3,2,1,0,1,2,1,1,3,3,2,2,1
7948,1,7,6,4,1,21,13,3,8,4,5,8,2,2,1,0,2,1,1,2,2,3,2,2,1
31590,0,4,7,2,5,16,1,1,7,1,1,1,2,2,1,0,1,3,1,1,2,3,2,2,1
21070,1,3,3,4,2,3,21,3,8,1,4,8,2,3,4,0,1,2,1,1,4,6,2,4,1
9211,1,4,6,4,1,23,13,3,10,4,4,1,2,2,1,0,2,3,1,2,2,3,2,2,1
19726,1,7,6,4,1,24,10,2,7,6,4,1,2,2,1,0,1,1,1,1,2,3,2,2,1
13108,0,6,5,3,1,5,13,3,4,1,12,1,2,2,1,0,3,1,1,2,2,5,2,2,1
2527,0,6,6,4,1,11,13,1,2,4,5,8,2,2,1,0,1,1,1,1,5,3,2,2,1
25914,0,3,1,4,1,5,13,1,4,1,6,8,2,3,7,0,1,2,1,1,3,3,2,2,1
20700,0,3,4,2,1,19,13,1,10,4,5,1,3,2,1,0,2,2,1,3,2,3,2,2,1
7676,0,12,5,4,1,12,13,1,7,2,7,1,3,2,1,0,1,1,1,1,2,3,2,4,1
26339,1,4,7,4,4,3,13,2,10,1,5,8,2,3,4,0,1,3,1,1,5,3,2,2,1
3036,1,5,1,4,1,23,13,3,8,4,8,1,2,2,1,0,2,1,1,2,2,3,2,2,1
4083,0,7,6,3,1,20,10,2,7,1,9,8,2,3,4,0,1,1,1,1,4,3,2,2,1
18924,1,3,4,4,1,24,13,3,2,1,6,8,2,3,4,0,1,3,1,1,3,4,2,4,1
21456,0,7,3,4,1,12,13,1,7,2,2,7,3,2,1,0,1,3,1,1,2,3,2,3,1
999,0,7,6,4,1,2,7,2,7,2,1,1,2,2,1,0,1,3,1,1,2,4,3,4,1
3803,1,8,1,4,1,19,13,5,4,3,9,8,2,2,1,0,1,1,1,1,4,3,2,2,1
34128,0,9,1,1,2,1,4,2,2,1,6,1,2,3,4,0,1,1,1,1,2,3,2,2,1
19974,1,10,2,2,5,12,1,1,7,1,8,1,2,2,1,0,3,3,1,3,2,3,2,2,1
25673,0,7,5,4,5,13,1,1,7,1,7,1,3,2,1,0,8,2,1,1,2,3,2,2,1
10371,0,10,1,4,1,11,1,1,3,6,1,8,3,2,1,0,1,2,1,1,3,3,2,2,1
26623,1,5,7,4,5,18,1,1,8,1,7,1,2,3,4,0,1,3,1,1,2,3,2,2,1
11956,1,7,5,1,1,23,4,2,7,4,9,8,2,2,1,0,2,3,1,2,2,3,3,5,1
16512,1,4,3,4,2,15,13,1,2,1,3,8,2,3,4,0,1,1,1,1,3,3,2,2,1
14453,1,11,7,3,1,24,13,2,7,1,6,8,2,2,1,0,1,3,1,1,4,3,2,4,1
24319,0,4,4,4,1,16,4,1,2,5,5,7,2,2,1,0,1,2,1,1,2,3,2,4,1
17071,1,5,7,4,1,16,13,1,10,2,5,1,3,2,1,0,8,3,1,1,2,3,2,2,1
11228,0,3,2,3,1,18,13,1,2,2,5,1,2,2,1,0,3,1,1,3,2,3,2,2,1
794,0,4,2,4,1,1,13,3,10,4,11,1,2,2,1,0,2,2,1,2,2,5,2,2,1
28346,0,3,7,4,1,3,13,3,7,4,7,1,2,2,1,0,8,1,1,1,2,3,2,2,1
6317,0,4,5,4,1,24,13,2,2,4,9,1,2,2,1,0,2,3,1,3,2,4,2,3,1
1461,0,6,1,4,1,20,13,3,7,2,10,1,2,3,2,0,1,3,1,1,2,4,2,4,1
10883,0,7,7,4,5,9,1,1,7,1,8,2,3,2,1,0,1,3,1,1,2,3,2,4,1
8245,1,6,4,4,1,16,1,1,4,1,10,1,2,2,1,0,3,1,1,3,2,3,2,2,1
7591,0,9,7,4,1,12,13,1,7,4,4,7,2,2,1,0,8,1,1,1,2,3,2,2,1
27852,0,4,3,3,1,8,10,1,2,5,2,7,2,2,1,0,3,1,1,2,2,5,2,2,1
8489,0,8,1,4,1,20,13,5,7,4,5,1,2,2,1,0,1,3,1,1,2,3,2,2,1
22250,0,10,1,4,5,2,1,3,2,1,2,1,2,2,1,0,2,3,1,4,2,3,2,4,1
15686,0,10,6,4,5,18,13,5,7,2,10,1,2,2,1,0,1,2,1,1,2,5,2,2,1
25241,0,7,6,4,1,19,13,1,1,4,4,1,2,2,1,0,2,2,1,3,2,5,2,2,1
1717,0,8,7,4,1,22,10,3,7,4,7,1,2,2,1,0,2,3,1,2,2,5,2,3,1
34787,0,6,2,2,5,8,1,1,8,1,11,7,2,2,1,0,1,1,1,1,2,4,2,4,1
4617,0,10,7,2,1,13,13,1,7,2,12,1,2,2,1,0,1,3,1,1,2,3,2,2,1
13453,0,7,7,4,5,21,13,2,7,1,10,8,2,3,4,0,1,3,1,1,5,3,2,2,1
18397,1,7,4,3,3,20,4,5,2,1,7,1,3,3,5,0,1,3,1,1,2,3,2,2,1
3771,0,3,3,4,1,14,15,1,2,1,8,1,3,3,4,0,1,3,1,1,2,5,2,2,1
29105,0,8,7,2,5,11,1,1,7,1,12,2,2,2,1,0,3,2,1,2,2,3,2,3,1
12129,1,5,5,3,1,5,13,2,4,4,1,1,3,2,1,0,2,1,1,3,2,3,2,3,1
21073,1,6,7,4,1,2,22,3,7,5,4,1,2,2,1,0,1,3,1,1,2,5,2,2,1
11229,0,7,1,4,1,24,13,2,8,4,6,1,2,2,1,0,2,3,1,3,2,3,2,2,1
11778,1,8,1,4,1,17,13,1,7,4,7,1,2,2,1,0,8,3,1,1,2,3,2,2,1
6483,1,10,5,4,1,18,3,3,2,4,1,8,2,2,1,0,2,1,1,2,4,5,2,5,1
24423,0,5,7,4,1,9,4,1,7,1,9,1,2,2,1,0,1,2,1,1,2,3,2,2,1
7867,1,7,7,4,1,15,13,1,7,4,2,1,2,2,1,0,2,3,1,2,2,3,2,2,1
6562,0,6,4,4,1,6,13,4,10,2,8,1,2,2,1,0,1,1,1,1,2,5,2,4,1
8415,1,9,2,4,1,15,3,1,7,4,9,1,2,2,1,0,2,3,1,2,2,5,2,2,1
8666,1,7,3,3,3,19,1,1,10,1,5,8,2,2,1,0,2,3,1,3,4,3,2,2,1
24082,0,4,7,4,5,8,1,1,8,1,6,1,2,2,1,0,1,2,1,1,2,3,8,2,1
23225,0,4,4,3,1,7,13,1,10,2,11,8,3,2,1,0,1,1,1,1,3,3,2,3,1
29973,0,6,1,4,5,14,1,1,7,1,8,1,2,3,4,0,1,4,1,1,4,3,2,2,1
23150,0,3,6,2,1,12,19,1,10,4,6,1,2,2,1,0,2,3,1,3,2,5,2,2,1
8732,0,5,1,4,5,14,1,1,7,1,7,1,2,2,1,0,1,3,1,1,2,3,2,3,1
1013,0,1,3,3,5,15,1,1,2,1,3,1,2,2,1,0,1,3,1,1,2,3,2,2,1
18977,0,8,5,4,1,19,13,2,7,3,11,8,2,2,1,0,1,3,1,1,4,3,2,2,1
19900,0,11,7,4,1,17,12,1,10,4,5,8,2,2,1,0,2,1,1,4,3,3,2,2,1
23105,1,7,6,4,1,7,13,1,2,4,10,1,2,2,1,0,2,2,1,3,2,2,2,3,1
3616,1,8,7,4,1,24,12,6,7,4,3,1,2,2,1,0,2,3,1,2,2,3,2,2,1
30617,0,4,4,2,1,18,22,1,2,5,5,7,2,2,1,0,1,4,1,1,2,5,2,2,1
8177,1,8,7,3,5,18,1,1,7,1,6,1,3,2,1,0,1,1,1,1,2,5,2,2,1
8961,0,3,7,4,1,1,7,2,2,2,10,1,2,2,1,0,1,3,2,1,2,3,2,3,1
14887,1,9,5,4,5,16,14,1,7,1,4,8,2,3,3,0,1,1,1,1,3,3,2,4,1
20102,0,8,6,4,1,23,13,2,7,4,6,1,2,2,1,0,2,1,1,3,2,3,2,2,1
2449,1,6,6,4,1,15,13,1,2,3,8,1,2,2,1,0,8,2,1,1,2,7,2,5,1
33542,0,10,1,4,1,12,13,1,2,2,1,8,3,2,1,0,8,4,1,1,4,3,2,2,1
1533,0,6,3,3,1,21,13,3,7,1,6,1,2,2,8,1,5,1,1,1,2,2,2,7,1
2082,0,8,5,4,1,18,13,1,10,4,8,8,2,2,1,0,1,1,1,1,5,3,2,2,1
33163,1,4,4,4,1,11,13,1,10,4,12,1,2,2,1,0,2,1,1,3,2,3,3,2,1
21205,0,5,1,2,1,16,13,1,8,4,7,8,2,2,1,0,1,2,1,1,4,3,2,2,1
14697,1,6,5,4,5,17,1,1,2,1,5,7,3,3,4,0,1,1,1,1,4,3,2,2,1
6510,0,9,5,4,4,19,13,1,7,1,4,8,2,3,6,0,1,1,1,1,4,3,2,2,1
3280,1,3,6,4,1,14,13,1,10,4,4,1,2,2,1,0,2,1,1,3,2,3,2,2,1
36051,0,9,2,4,1,17,1,1,7,1,6,1,2,2,1,0,2,4,1,3,2,3,2,2,1
7569,0,8,5,4,1,22,13,2,4,3,8,1,2,2,1,0,1,3,1,1,2,3,2,2,1
18648,1,5,1,4,1,14,13,1,2,4,4,8,2,2,1,0,2,1,2,4,2,3,2,2,1
7218,1,7,5,4,1,4,13,6,7,1,7,1,2,2,1,0,1,3,1,1,2,3,2,2,1
26994,1,4,3,4,1,10,1,1,2,1,9,1,2,2,1,1,2,1,1,2,2,3,2,2,1
9955,0,8,7,3,5,16,1,1,7,1,8,1,2,3,4,0,1,3,1,1,4,3,2,2,1
20293,0,4,7,4,1,22,7,3,10,2,12,5,2,2,1,0,3,1,1,2,2,5,2,2,1
14223,1,9,7,2,1,13,13,1,4,2,4,1,3,2,1,0,2,3,1,3,2,4,2,6,1
3250,0,4,7,4,1,16,13,1,4,4,11,1,2,2,1,0,2,1,1,2,2,3,2,2,1
36257,0,8,6,2,1,15,13,1,7,4,5,1,2,2,1,0,2,3,2,2,2,3,2,2,1
23191,0,3,2,2,1,7,18,1,2,5,8,7,2,2,1,0,1,2,1,1,2,3,2,4,1
7243,1,8,1,4,1,20,13,5,7,2,6,1,2,2,1,0,8,1,1,1,2,3,2,2,1
13473,1,10,7,3,5,12,1,1,7,1,10,1,2,3,5,0,1,3,1,1,2,3,2,2,1
7423,0,8,1,4,1,19,13,1,7,3,8,1,2,2,1,0,8,2,1,1,2,3,2,2,1
18269,0,6,3,4,1,18,13,1,2,6,10,8,2,2,1,0,1,1,1,1,4,3,2,2,1
31176,0,3,7,4,5,17,1,1,10,1,10,1,2,2,1,0,1,1,1,1,2,6,2,4,1
31603,1,3,5,3,1,14,12,1,8,5,4,1,2,2,1,0,2,1,1,2,2,3,2,6,1
2300,1,4,5,4,1,18,13,1,10,1,8,1,2,3,4,1,5,2,1,1,2,2,2,7,1
16281,0,4,6,4,5,23,21,3,4,1,7,8,2,3,4,1,5,3,1,1,4,6,2,7,1
16986,1,8,2,4,5,17,1,1,7,1,7,8,2,3,4,0,1,3,1,1,3,5,2,4,1
5767,0,4,1,3,1,15,11,1,8,4,12,1,2,2,1,0,2,1,1,2,2,5,2,2,1
1071,0,6,1,4,1,9,13,1,1,2,4,1,2,2,1,0,1,1,1,1,2,4,2,4,1
2739,1,5,2,4,1,20,13,3,7,3,10,1,2,2,1,0,2,2,1,2,2,5,2,3,1
34291,1,12,1,4,5,15,1,1,7,1,2,8,2,3,2,0,3,3,1,3,3,3,2,2,1
10210,0,9,6,4,1,8,13,1,2,4,8,1,3,2,1,0,8,1,1,1,2,3,2,2,1
17084,0,4,7,4,5,16,1,1,8,1,6,8,3,3,10,0,1,1,1,1,4,3,2,2,1
24900,0,7,5,2,1,20,13,2,4,4,10,1,2,2,1,0,2,2,1,2,2,4,2,2,1
17317,1,5,6,4,1,20,13,3,4,4,8,1,3,2,1,0,2,1,1,3,2,5,3,2,1
1017,0,4,4,4,1,23,7,2,10,2,1,1,2,2,1,0,1,3,1,1,2,3,2,3,1
31489,0,5,1,3,1,2,7,3,7,2,1,1,2,2,1,0,1,4,1,1,2,7,2,4,1
11714,1,10,7,4,5,9,1,1,2,1,5,8,2,3,4,0,1,3,1,1,4,3,2,2,1
16740,1,3,5,4,1,12,13,1,10,4,6,1,2,2,1,0,2,3,1,2,2,3,2,2,1
19051,1,6,4,4,1,12,13,1,2,2,6,2,3,2,1,0,2,1,1,3,2,3,2,2,1
2294,0,6,1,4,1,1,21,2,4,5,6,1,2,2,1,0,1,1,1,1,2,4,2,4,1
1456,1,5,5,4,1,21,13,3,4,4,11,1,2,2,1,0,2,1,1,2,2,4,2,3,1
22526,0,11,3,2,1,20,22,5,10,1,8,1,2,2,1,0,1,2,1,1,2,3,2,2,1
5365,0,6,2,4,1,10,13,1,1,3,1,8,2,2,1,0,3,1,1,4,4,3,3,2,1
17082,1,10,6,3,5,15,1,1,2,1,6,8,3,3,4,0,1,1,1,1,4,3,9,2,1
1749,1,7,7,4,5,14,1,1,7,1,8,8,3,2,1,0,1,3,1,1,3,3,3,2,1
22431,0,8,1,2,5,20,1,2,4,1,4,8,2,3,4,0,1,3,1,1,3,3,2,2,1
12690,0,9,7,4,1,18,13,1,2,6,8,1,2,2,1,0,1,1,1,1,2,3,2,2,1
4790,1,5,3,4,1,14,13,1,2,4,11,1,2,2,1,0,2,1,1,3,2,4,2,3,1
749,0,3,6,4,1,22,15,3,2,1,11,7,3,3,4,0,3,1,1,3,2,3,2,2,1
24718,0,4,7,3,1,21,13,3,7,1,10,1,2,2,1,0,2,1,1,3,2,4,2,4,1
24841,0,3,6,2,5,15,1,1,2,1,8,1,3,2,1,1,5,2,1,1,2,2,2,7,1
32826,1,8,2,4,1,14,13,1,2,4,12,1,2,2,1,0,8,1,1,1,2,4,2,4,1
1204,1,4,4,4,1,22,13,3,8,1,5,8,2,3,4,0,1,1,1,1,4,4,2,4,1
6848,0,6,5,4,1,15,13,1,10,2,2,1,2,2,1,0,3,1,1,3,2,3,2,2,1
30610,0,4,6,4,1,17,13,3,4,4,11,1,2,2,1,0,2,4,1,3,2,5,2,2,1
27932,1,8,4,4,5,18,1,1,2,1,5,1,3,2,1,0,3,1,1,2,2,3,2,3,1
31512,0,3,4,4,1,16,12,1,10,5,5,1,2,2,1,0,2,1,2,2,2,3,2,3,1
15770,1,10,3,4,4,7,13,1,7,1,11,8,2,3,3,0,1,1,1,1,4,4,2,4,1
14943,1,5,5,2,2,20,1,3,4,1,6,1,2,2,1,0,1,3,1,1,2,3,8,2,7
18399,0,5,4,4,1,20,11,5,7,1,8,8,3,3,4,0,1,3,1,1,5,3,2,2,1
5291,0,3,6,4,1,18,13,1,2,1,4,7,2,3,4,0,1,3,1,1,2,3,2,2,1
31278,0,3,5,2,1,15,13,1,6,2,8,2,2,2,1,0,3,4,1,2,2,4,2,5,1
2759,0,4,5,4,1,13,13,1,4,1,2,1,3,4,4,0,1,1,1,1,2,4,2,4,1
30277,1,9,1,4,1,19,13,5,7,4,3,7,2,2,1,0,2,4,1,3,4,4,2,2,1
15838,1,8,7,4,1,22,13,3,7,4,2,1,2,2,1,0,2,3,1,3,2,3,2,3,1
22625,1,6,1,4,1,2,7,2,10,2,8,1,2,2,1,0,1,2,1,1,2,3,2,6,1
2466,1,7,5,4,1,16,13,1,4,4,6,1,2,2,1,0,2,3,1,2,2,3,2,3,1
18202,0,6,7,4,1,14,10,1,7,2,7,1,2,2,1,0,1,1,2,1,2,5,2,4,1
21302,0,8,7,2,1,16,13,1,7,2,11,2,2,2,1,0,3,1,1,2,2,3,2,2,1
15876,0,8,7,4,5,20,1,5,7,1,7,8,3,3,4,0,1,3,1,1,3,3,3,2,1